cluster,n_points,MolecularWeight,ExactMass,Charge,XLogP,TPSA,HBondDonorCount,HBondAcceptorCount,RotatableBondCount,medoid_CID,medoid_SMILES
0,107,371.8336448598131,371.32246906424297,1.3877787807814457e-17,5.445794392523363,58.25233644859814,1.0000000000000004,1.934579439252337,6.037383177570093,5079070,CC1=CC(=C(C(=C1)C)NC(=S)N(CCC(C)C)C(C)C2=CC=NC=C2)C
1,236,269.9225847457627,269.6267877825085,1.3877787807814457e-17,1.9093220338983052,79.34406779661018,1.9999999999999998,4.156779661016949,3.1144067796610173,893290,CC1=NC2=C(O1)C=CC(=C2)NC(=O)NCC3=CC=CO3
2,33,483.58787878787876,483.1336215418182,0.0,2.203030303030303,166.06060606060606,2.090909090909091,9.939393939393941,8.818181818181818,3060838,CC1=CC(=NC(=N1)N(CCC2=NNN=N2)S(=O)(=O)C3=CC=C(C=C3)N=CC4=CC=C(C=C4)O)C
3,24,272.9375,272.74400004875,1.0,1.3625,100.47916666666666,0.8333333333333331,4.125,2.625,4918375,CC1=C([N+](=CC=C1)C)CC2C(=CNC3=NC=NN23)[N+](=O)[O-]
4,127,464.4204724409449,463.6139599533071,1.0408340855860843e-17,5.1559055118110235,79.5771653543307,1.0000000000000002,4.228346456692913,5.897637795275591,6152099,CC(C)OC1=CC=C(C=C1)C2/C(=C(/C3=CC=C(C=C3)Cl)\[O-])/C(=O)C(=O)N2CC4=C[NH+]=CC=C4
5,1,2060.1,2058.9202736,0.0,-7.0,748.0,21.0,56.0,49.0,4660108,CC(O)OCC1C2C(C(C(O1)OC3C(OC(C(C3OC(C)O)OC(C)O)OC4C(OC(C(C4OC(C)O)OC(C)O)OC5C(OC(C(C5OC(C)O)OC(C)O)OC6C(OC(C(C6OC(C)O)OC(C)O)OC7C(OC(C(C7OC(C)O)OC(C)O)OC8C(OC(O2)C(C8OC(C)O)OC(C)O)COC(C)O)COC(C)O)COC(C)O)COC(C)O)COC(C)O)COC(C)O)OC(C)O)OC(C)O
6,86,347.11,346.81271067581395,0.0,3.0337209302325583,96.66744186046512,2.0,7.697674418604651,2.4883720930232562,1242073,C1=CC(=C(C=C1NC(=O)NC2=NN=C(S2)C(F)(F)F)Cl)F
7,82,424.07768292682925,423.5837446171951,3.469446951953614e-18,1.3792682926829265,119.97195121951219,2.024390243902439,6.914634146341463,5.01219512195122,5298283,CC(=O)C1=CC2=C(C=C1NS(=O)(=O)C3=CC=C(C=C3)C4CC(=O)NC4)OCO2
8,38,674.2342105263157,673.7302530063159,1.3877787807814457e-17,4.739473684210527,169.21052631578948,3.0526315789473677,9.763157894736842,12.973684210526319,500732,CC(C)(C)[C@@H](C(=O)N1C[C@@H](C[C@H]1C(=O)NC2(C[C@@H]2C=C)C(=O)O)OC3=CC(=NC4=C3C=CC(=C4)OC)C5=CC=CC=N5)NC(=O)OC(C)(C)C
9,178,261.4338764044944,261.02512894259553,1.0408340855860843e-17,3.087640449438202,57.07471910112359,1.0,3.286516853932585,2.9213483146067425,66457,CC1=CC=C(C=C1)S(=O)(=O)NC2=CC=CC=C2C
10,162,400.7737654320988,400.1435518598148,1.0408340855860843e-17,4.232098765432099,79.4962962962963,1.0000000000000002,5.197530864197531,4.5,5935563,CC1=CC=C(C=C1)C2/C(=C(/C3=CC=C(C=C3)OC)\O)/C(=O)C(=O)N2C4=CC=CC=N4
11,22,719.590909090909,719.0922135059091,0.0,0.3545454545454545,278.7272727272727,9.409090909090908,7.863636363636363,11.636363636363637,10010259,CN1[C@H](C(=O)N[C@H](C(=O)N[C@H](C(=O)NCC(=O)N[C@@H](C1=O)CC2=CC=C(C=C2)O)CC3=CC4=CC=CC=C4C=C3)CCCN=C(N)N)CCCN=C(N)N
12,98,277.250306122449,276.9883025872449,6.938893903907228e-18,1.4591836734693877,139.26530612244898,2.0,5.571428571428571,2.6020408163265305,3099809,CC1=NN=C(S1)NC(=O)NC2=CC=C(C=C2)[N+](=O)[O-]
13,79,372.91962025316457,372.48248693088607,3.469446951953614e-18,2.6392405063291138,88.18227848101266,3.0,3.6582278481012658,6.772151898734178,9660370,CN(C)C1=CC=C(C=C1)/C=N/NC(=O)C2=CC=C(C=C2)NC(=O)NCC=C
14,127,477.2535433070866,476.51933426259836,1.0408340855860843e-17,5.0409448818897635,127.57480314960631,2.0,7.110236220472441,6.149606299212598,1139057,CC1=CC=CC=C1C2=NC3=C(O2)C=CC(=C3)NC(=S)NC(=O)C4=CC(=C(C(=C4)OC)OC)OC
15,2,2993.0,2991.5739045,0.0,58.3,277.0,0.0,30.0,150.0,5148286,CCCCCCCCOCC1C2C(C(C(O1)OC3C(OC(C(C3OCCCCCCCC)OCCCCCCCC)OC4C(OC(C(C4OCCCCCCCC)OCCCCCCCC)OC5C(OC(C(C5OCCCCCCCC)OCCCCCCCC)OC6C(OC(C(C6OCCCCCCCC)OCCCCCCCC)OC7C(OC(O2)C(C7OCCCCCCCC)OCCCCCCCC)COCCCCCCCC)COCCCCCCCC)COCCCCCCCC)COCCCCCCCC)COCCCCCCCC)OCCCCCCCC)OCCCCCCCC
16,210,306.28019047619046,305.89723037743806,1.3877787807814457e-17,3.335714285714286,60.442857142857136,2.0,3.1619047619047618,3.7666666666666666,303230,COC1=CC(=C(C=C1)NC(=O)NC2=CC(=CC=C2)Cl)OC
17,19,446.1,445.7213776984737,0.0,10.352631578947367,57.915789473684214,1.8421052631578947,2.526315789473684,19.578947368421048,3914155,CCCCCCCCCCCCCCCCCCNC(=S)NN=CC1=CC=C(C=C1)F
18,123,398.9373170731707,398.5671505681301,1.734723475976807e-17,2.529268292682927,93.24878048780488,0.9999999999999997,7.552845528455288,4.520325203252033,7524165,CC1=NN=C2N1N=C(C=C2)C3=CC=C(C=C3)NS(=O)(=O)C4=C(C=CC(=C4)F)F
19,23,626.064347826087,625.7828864217391,3.469446951953614e-18,6.0260869565217385,73.3913043478261,0.3043478260869563,21.478260869565215,14.17391304347826,105238,CN(CCOC(=O)C=C)S(=O)(=O)CC(C(C(C(C(C(C(C(F)(F)F)(F)F)(F)F)(F)F)(F)F)(F)F)(F)F)(F)F
20,5,1301.9199999999998,1301.22788522,0.0,-16.580000000000002,626.2,23.8,39.4,10.0,179689,C([C@@H]1[C@H]([C@@H]([C@H](C(O1)OC[C@@H]2[C@@H]3[C@@H]([C@H]([C@H](O2)O[C@@H]4[C@H](O[C@@H]([C@@H]([C@H]4O)O)O[C@@H]5[C@H](O[C@@H]([C@@H]([C@H]5O)O)O[C@@H]6[C@H](O[C@@H]([C@@H]([C@H]6O)O)O[C@@H]7[C@H](O[C@@H]([C@@H]([C@H]7O)O)O[C@@H]8[C@H](O[C@@H]([C@@H]([C@H]8O)O)O[C@@H]9[C@H](O[C@H](O3)[C@@H]([C@H]9O)O)CO)CO)CO)CO)CO)CO)O)O)O)O)O)O
21,143,236.30881118881115,235.9446819101259,6.938893903907228e-18,2.208391608391608,53.782517482517484,2.0,2.0349650349650354,1.95104895104895,1211459,CC(C)NC(=O)NC1=NC=CC2=CC=CC=C21
22,2,2816.0,2813.4628796,0.0,-23.1,1640.0,21.0,98.0,49.0,364214,C(C1C2C(C(C(O1)OC3C(OC(C(C3OS(=O)(=O)O)OS(=O)(=O)O)OC4C(OC(C(C4OS(=O)(=O)O)OS(=O)(=O)O)OC5C(OC(C(C5OS(=O)(=O)O)OS(=O)(=O)O)OC6C(OC(C(C6OS(=O)(=O)O)OS(=O)(=O)O)OC7C(OC(C(C7OS(=O)(=O)O)OS(=O)(=O)O)OC8C(OC(O2)C(C8OS(=O)(=O)O)OS(=O)(=O)O)COS(=O)(=O)O)COS(=O)(=O)O)COS(=O)(=O)O)COS(=O)(=O)O)COS(=O)(=O)O)COS(=O)(=O)O)OS(=O)(=O)O)OS(=O)(=O)O)OS(=O)(=O)O
23,67,317.5820895522388,317.2002288694776,1.0,4.6850746268656716,18.971641791044775,-2.220446049250313e-16,1.2537313432835822,3.7611940298507465,2847951,CC1=CC=[N+](C=C1)C(C)C(=O)C2=CC=C(C=C2)C3=CC=CC=C3
24,96,179.10375000000002,178.89348927336457,1.0408340855860843e-17,2.7739583333333333,24.74791666666669,-2.220446049250313e-16,2.0625000000000004,3.385416666666667,586624,CC(=O)OC(=C)C=C1CCCCC1
25,156,461.70769230769235,461.10059801884614,1.0408340855860843e-17,4.698076923076923,90.90064102564102,2.0,4.3076923076923075,7.429487179487181,2158020,CC1=C(C2=C(N1)C=CC(=C2)Cl)CCN(CC3=CC(=C(C(=C3)OC)OC)OC)C(=S)NC
26,85,289.25811764705884,288.88899331552943,0.0,2.2658823529411762,73.34,0.9999999999999998,6.635294117647058,2.458823529411765,2782769,C1=CC(=C(C=C1S(=O)(=O)N)Cl)OC(F)(F)F
27,11,784.6181818181818,783.9471857063636,0.0,19.46363636363636,40.38181818181818,0.0,3.090909090909091,31.363636363636367,640103,CCCCCCC(CCCCCC)CN(CC(CCCCCC)CCCCCC)C1=CC=C(C=C1)/C=C/C2=CC=C(C=C2)/C=C/C3=CC=C(C=C3)C=C(C#N)C#N
28,66,388.1106060606061,387.4726410783333,3.469446951953614e-18,3.4424242424242424,143.3181818181818,4.030303030303029,4.212121212121212,3.6060606060606064,9579488,CC1=C(C=CC(=C1)Cl)NC(=S)NNC(=S)N/N=C(\C)/C2=CC=CC=N2
29,20,364.7,364.38425943674997,2.0,4.29,43.22,0.19999999999999996,2.1999999999999997,7.85,4110770,C[N+]1=CC=CC=C1SCCCCCSC2=CC=CC=[N+]2C
30,37,414.18,413.827995347027,3.469446951953614e-18,2.235135135135135,148.54054054054055,3.945945945945946,8.27027027027027,7.351351351351352,6476076,C1OC[C@@H]([C@H]1OC(=O)/C=C/C2=CC(=C(C=C2)O)O)OC(=O)/C=C/C3=CC(=C(C=C3)O)O
31,119,431.2554621848739,430.7961285603361,6.938893903907228e-18,3.903361344537815,93.63781512605043,1.0,5.5546218487394965,8.865546218487395,5836009,CC1=C(C=CC(=C1)OCC(C)C)/C(=C\2/C(N(C(=O)C2=O)CCCOC)C3=CC=[NH+]C=C3)/[O-]
32,55,531.4636363636364,530.6675776669091,3.469446951953614e-18,5.449090909090909,86.90727272727273,2.0,4.654545454545454,7.127272727272727,1064678,CCC1=CC=CC=C1NC(=O)NC2=CC(=C(C=C2)N3CCN(CC3)C4=CC=CC=C4OC)C(=O)N5CCCCC5
33,171,314.64391812865495,314.0960577963743,1.0408340855860843e-17,2.5818713450292394,70.69649122807019,0.9999999999999998,3.894736842105263,4.43859649122807,3803837,CCN1C(=NC2=C1C=CC(=C2)S(=O)(=O)NC3=CC=CC=C3)C
34,162,345.85716049382717,345.4321636165432,1.3877787807814457e-17,3.9648148148148143,95.09876543209876,1.9999999999999998,3.9382716049382713,5.290123456790123,931512,CC1=CC=C(C=C1)NC(=O)NC2=NN=C(S2)CCC3=CC=CC=C3
35,35,570.0685714285714,569.3690468017143,3.469446951953614e-18,4.148571428571429,178.1142857142857,3.2,8.942857142857143,9.314285714285715,5758967,COC1=C(C=C(C=C1)/C=C(/C(=O)NC2=CC=C(C=C2)S(=O)(=O)NC3=NC=CS3)\NC(=O)C4=CC=CC=C4)OC
36,22,219.75318181818182,219.62248918409088,0.0,-2.763636363636365,158.5,6.045454545454547,5.136363636363637,1.8636363636363633,99678,C([C@@H]1[C@H]([C@H]([C@@H](O1)NC(=O)N=C(N)N)O)O)O
37,51,370.3529411764706,369.97454998021567,0.0,5.4941176470588236,41.72941176470588,0.07843137254901977,3.2745098039215685,8.176470588235293,5925643,C1=CC=C(C=C1)OCCCCN2C3=CC=CC=C3N=C2/C=C/C4=CC=CO4
38,39,896.0743589743588,895.4035708966667,1.734723475976807e-17,7.353846153846153,194.71794871794867,2.999999999999999,10.769230769230766,17.53846153846154,5277241,CC(C)(C)[C@@H](C(=O)N1C[C@@H](C[C@H]1C(=O)N[C@]2(C[C@@H]2C=C)C(=O)NS(=O)(=O)C3(CC3)CC4=CC=C(C=C4)F)OC5=CC(=NC6=C5C=CC(=C6)OC)C7=CC=CC=C7)NC(=O)OC(C)(C)C
39,167,428.96904191616767,428.2157240920958,1.3877787807814457e-17,3.7562874251497007,106.54011976047903,2.0,5.155688622754491,4.275449101796407,2955813,C1=CC(=C(C(=C1)Cl)CN2C=C(C(=N2)NC(=O)NC3=CC=C(C=C3)[N+](=O)[O-])Cl)F
40,191,262.80314136125656,262.5184648026283,1.0408340855860843e-17,3.0534031413612563,46.8366492146597,2.0,2.146596858638744,2.81151832460733,844453,CN(C)C1=CC=C(C=C1)NC(=O)NC2CCCCC2
41,29,381.2310344827586,380.92239344968965,1.0000000000000002,4.327586206896552,53.57931034482758,0.7586206896551724,3.413793103448276,8.724137931034482,5437822,CCN1C2=C(C=CC(=C2)C(=O)OCC)[N+](=C1/C=C/NC3=CC=CC=C3)CC
42,89,186.34022471910114,186.136899942809,1.0408340855860843e-17,-0.08764044943820304,86.38988764044944,1.0000000000000002,4.191011235955056,1.4606741573033712,3492624,C1CC2(CC1CC2=O)S(=O)(=O)N
43,117,439.5811965811966,438.73404383820514,6.938893903907228e-18,4.642735042735043,100.54871794871795,1.9914529914529915,3.923076923076923,4.572649572649572,2955967,CCCC(=O)N1CCN(CC1)C2=CC=C(C=C2)NC(=S)NC(=O)C3=CC(=CC(=C3)C)C
44,164,378.49451219512196,377.778751472561,6.938893903907228e-18,4.951219512195122,61.03292682926829,2.0,2.1280487804878057,4.774390243902439,4559464,CC1=CC(=C(C(=C1)C)NC(=S)NCC2CCN(C2)C(C)C3=CC=CC=C3)C
45,2,1236.3,1235.54680303,0.0,-6.949999999999999,371.49999999999994,6.5,32.5,19.5,122143,COCC1C2C(C(C(O1)OC3C(OC(C(C3O)OC)OC4C(OC(C(C4O)OC)OC5C(OC(C(C5O)OC)OC6C(OC(C(C6O)OC)OC7C(OC(C(C7O)OC)OC8C(OC(O2)C(C8O)OC)COC)COC)COC)COC)COC)COC)OC)O
46,192,189.3117708333333,189.09152852745834,1.0408340855860843e-17,0.9343749999999997,69.57291666666667,1.9999999999999998,2.2864583333333335,1.5833333333333326,3491754,CC(=NNC(=S)NC(C)(C)C)C
47,13,391.5015384615385,391.1312742061539,0.0,-0.0538461538461541,161.0,5.153846153846155,8.53846153846154,6.538461538461538,187297,CC(C)(C)C1=CC(=NO1)NC(=O)N(C)CO[C@H]2[C@@H]([C@H]([C@@H]([C@H](O2)CO)O)O)O
48,74,239.31256756756756,239.0971792772973,3.469446951953614e-18,0.012162162162161927,99.16351351351352,3.027027027027027,4.22972972972973,4.621621621621622,10106063,CN=C(NC[C@H]1CC[C@@H](O1)C2=CN=CN2)NC#N
49,51,547.5882352941176,546.3617196739216,1.0408340855860843e-17,8.117647058823529,49.868627450980405,0.09803921568627483,4.254901960784314,8.176470588235293,6175266,CC1=CC=C(C=C1)OCCN2C3=CC=CC=C3N=C2/C=C(\C4=CC=C(C=C4)Cl)/OC(=O)C5=CC=C(C=C5)Cl
50,46,525.358695652174,524.7824506215217,3.469446951953614e-18,4.6673913043478255,110.58260869565217,4.021739130434782,4.760869565217392,8.76086956521739,462328,C1=CC=C(C=C1)CN2[C@@H]([C@@H]([C@H]([C@H](N(C2=O)CC3=CC=CC=C3)CC4=CC=CC=C4O)O)O)CC5=CC=CC=C5O
51,48,241.09416666666667,240.91280091612498,1.0408340855860843e-17,5.666666666666666,24.970833333333353,4.440892098500626e-16,1.9375000000000004,11.0625,543884,CCCCC(CC)CCC(CC)OC(=O)C=C
52,18,402.55555555555554,402.27035713344446,1.0,6.233333333333333,53.19444444444445,0.9444444444444443,3.3333333333333335,13.999999999999998,512250,CCCCCCCCCCOC[N+]1=CC=CC(=C1)NCN2C3=CC=CC=C3N=N2
53,52,229.57980769230767,229.3640729273077,1.0000000000000002,2.5942307692307693,32.85192307692307,1.0576923076923075,1.1538461538461533,2.4230769230769234,1606177,CC1=CC=C(C=C1)NC(=O)C[N+]2=CC=CC=C2
54,58,525.2189655172414,524.6339144503448,3.469446951953614e-18,4.8310344827586205,132.24137931034483,0.9482758620689654,8.39655172413793,9.982758620689655,5881389,CC1=CC=CC=C1OCCOC2=C(C=C(C=C2)/C=C(\C#N)/C3=NN=C(S3)NC(=O)C4=CC=CC=C4)OC
55,138,315.9731884057971,315.35455626427535,1.0408340855860843e-17,4.1268115942028984,93.06304347826087,2.0,3.1159420289855078,2.152173913043477,726229,C1CC2=C(C1)SC(=C2C#N)NC(=O)NC3=CC=C(C=C3)Cl
56,127,316.7434645669291,316.2441359115512,1.0408340855860843e-17,4.190551181102363,43.164566929133855,0.0,3.2283464566929134,4.566929133858268,1505741,CCN(CC1=CC=CC=C1)S(=O)(=O)C2=CC3=CC=CC=C3C=C2
57,45,388.76955555555554,388.41880394288887,-3.469446951953614e-18,3.44,85.52,0.0,7.866666666666665,6.4,6200404,CC1CN(CC(O1)C)C2=C(N=C(O2)/C=C/C3=CC(=C(C(=C3)OC)OC)OC)C#N
58,8,91.84875000000005,91.61990590500005,-1.0,0.5874999999999999,48.15,0.5,2.625,0.25,25188,C=CC(=O)[O-]
59,149,296.34187919463085,295.65367504465104,1.0408340855860843e-17,4.518791946308725,49.85033557046981,2.0,1.1744966442953007,2.697986577181208,28794,C1CCC(CC1)N=C(N)NC2=CC(=C(C=C2)Cl)Cl
60,127,287.05078740157484,286.70534482692915,6.938893903907228e-18,4.590551181102362,24.35275590551182,-2.220446049250313e-16,2.086614173228347,4.0236220472440944,5386830,C1=CC=NC(=C1)/C=C/C2=CC=C(C=C2)/C=C/C3=CC=CC=N3
61,129,294.32806201550386,293.95888488820157,3.469446951953614e-18,1.7689922480620157,73.53798449612404,0.9999999999999997,3.6976744186046515,5.232558139534884,6625647,CCCCN(C)S(=O)(=O)C1=CC2=C(C=C1)NC(=O)C=C2
62,2,871.85,870.8178826149999,0.0,0.9500000000000002,305.0,8.5,12.0,8.0,343437,C1=CC(=CC=C1NC(=O)NC2=NN=C3N2NC(=O)C(=N3)C(C4=NC5=NN=C(N5NC4=O)NC(=O)NC6=CC=C(C=C6)Cl)C(=O)C7=C(C=C(C=C7)O)O)Cl
63,130,307.9492307692308,307.67781413246155,3.469446951953614e-18,1.55,96.8923076923077,2.0,5.253846153846154,5.6230769230769235,9574925,CC(=O)NC1=CC=C(C=C1)OCC(=O)N/N=C/C2=CC=CO2
64,146,376.6067808219178,376.1366797638356,1.0408340855860843e-17,3.793150684931507,122.68493150684932,2.0,5.486301369863013,5.212328767123288,1420677,C1=CC=C(C=C1)SCC2=NN=C(S2)NC(=O)NC3=CC=C(C=C3)Cl
65,1,2414.0,2411.5396111,0.0,-19.8,1410.0,18.0,84.0,42.0,452566,C(C1C2C(C(C(O1)OC3C(OC(C(C3OS(=O)(=O)O)OS(=O)(=O)O)OC4C(OC(C(C4OS(=O)(=O)O)OS(=O)(=O)O)OC5C(OC(C(C5OS(=O)(=O)O)OS(=O)(=O)O)OC6C(OC(C(C6OS(=O)(=O)O)OS(=O)(=O)O)OC7C(OC(O2)C(C7OS(=O)(=O)O)OS(=O)(=O)O)COS(=O)(=O)O)COS(=O)(=O)O)COS(=O)(=O)O)COS(=O)(=O)O)COS(=O)(=O)O)OS(=O)(=O)O)OS(=O)(=O)O)OS(=O)(=O)O
66,90,469.45444444444445,468.7142951206667,6.938893903907228e-18,5.550000000000001,73.71444444444444,0.9888888888888887,7.444444444444445,5.088888888888889,1476301,CC1=CC=C(C=C1)CN2C=NC3=C2C=C(C(=C3NS(=O)(=O)C4=CC=CC(=C4)C(F)(F)F)C)C
67,103,400.4116504854369,400.0110430624272,1.3877787807814457e-17,3.00873786407767,138.27184466019418,1.0000000000000004,7.495145631067961,6.097087378640777,8056839,C1COC2=C(O1)C=CC(=C2)S(=O)(=O)NCCC3=CSC(=N3)C4=CC=CS4
68,12,517.8333333333333,517.4196641466666,3.469446951953614e-18,-1.691666666666666,214.91666666666663,6.083333333333334,11.25,8.5,1677428,C1=CC2=C(C=C1S(=O)(=O)NCCO)C(=NNC(=O)N)C3=C2C=CC(=C3)S(=O)(=O)NCCO
69,3,1078.4,1077.72874883,3.469446951953614e-18,2.4,371.99999999999994,14.999999999999998,17.999999999999996,12.0,418027,CCCCC1C(C(CCC(CCCC(CCCC(C(=CC(C(CC(CC(CC(CC(CCCCC(=CC(C(OC1=O)C(C)C(CCCN=C(N)N)O)C)C)O)O)O)O)O)OC2C(C(C(O2)CO)O)O)C)O)O)O)C)O
70,73,223.04849315068495,222.80519018465756,3.469446951953614e-18,0.6589041095890416,65.12876712328767,-2.220446049250313e-16,4.136986301369863,2.2054794520547953,654607,CN(C)S(=O)(=O)N1C=NC2=CC=CC=C21
71,1,440.4,439.99842231,-1.9999999999999998,0.5,206.0,1.0,9.0,3.0,5286318,CC(=O)NC1=CC(=C(C=C1)/C=C/C2=C(C=C(C=C2)[N+](=O)[O-])S(=O)(=O)[O-])S(=O)(=O)[O-]
72,55,343.60963636363635,343.2780029561818,3.469446951953614e-18,2.5345454545454547,95.8490909090909,0.9818181818181817,8.618181818181819,3.5636363636363635,5062811,C1=CC(=CC(=C1)NS(=O)(=O)C2=CC=CC3=NON=C32)C(F)(F)F
73,1,2270.0,2268.7395278,0.0,-30.000000000000004,1110.0,42.0,70.0,14.0,177973,C([C@@H]1[C@@H]2[C@@H]([C@H]([C@H](O1)O[C@@H]3[C@H](O[C@@H]([C@@H]([C@H]3O)O)O[C@@H]4[C@H](O[C@@H]([C@@H]([C@H]4O)O)O[C@@H]5[C@H](O[C@@H]([C@@H]([C@H]5O)O)O[C@@H]6[C@H](O[C@@H]([C@@H]([C@H]6O)O)O[C@@H]7[C@H](O[C@@H]([C@@H]([C@H]7O)O)O[C@@H]8[C@H](O[C@@H]([C@@H]([C@H]8O)O)O[C@@H]9[C@H](O[C@@H]([C@@H]([C@H]9O)O)O[C@@H]1[C@H](O[C@@H]([C@@H]([C@H]1O)O)O[C@@H]1[C@H](O[C@@H]([C@@H]([C@H]1O)O)O[C@@H]1[C@H](O[C@@H]([C@@H]([C@H]1O)O)O[C@@H]1[C@H](O[C@@H]([C@@H]([C@H]1O)O)O[C@@H]1[C@H](O[C@@H]([C@@H]([C@H]1O)O)O[C@@H]1[C@H](O[C@H](O2)[C@@H]([C@H]1O)O)CO)CO)CO)CO)CO)CO)CO)CO)CO)CO)CO)CO)CO)O)O)O
74,57,474.4280701754386,473.69340022880704,1.0408340855860843e-17,6.9982456140350875,40.5421052631579,6.661338147750939e-16,2.9649122807017547,6.298245614035087,6518917,CC1=CC=C(C=C1)/C(=C/C2=NC3=CC=CC=C3N2CC4=CC=CC=C4)/OC(=O)C5=CC=C(C=C5)C
75,166,338.1660843373494,337.81396230180724,6.938893903907228e-18,2.4126506024096384,88.39759036144578,1.0,6.283132530120482,4.716867469879518,2800181,CC1=CC=C(C=C1)S(=O)(=O)NC2=CN=C(C=C2)OC3=CN=CC=C3
76,98,123.14479591836735,123.05227606297962,1.734723475976807e-17,0.6581632653061216,28.03979591836734,-1.1102230246251565e-15,1.8673469387755088,1.183673469387756,543097,CC1CN(C(=O)O1)C=C
77,108,430.30462962962963,429.75444700074075,3.469446951953614e-18,3.6425925925925924,75.25277777777778,2.0,3.75,7.703703703703704,4320653,CCOP(=O)(C(C1=CC=CC=C1)NC(=O)NC2=CC(=C(C=C2)Cl)Cl)OCC
78,9,969.8555555555555,969.5577706888889,3.469446951953614e-18,11.877777777777776,48.900000000000006,0.11111111111111138,36.222222222222214,20.444444444444443,162890,CC(=C)C(=O)OCCC(C(C(C(C(C(C(C(C(C(C(C(C(C(C(C(F)(F)F)(F)F)(F)F)(F)F)(F)F)(F)F)(F)F)(F)F)(F)F)(F)F)(F)F)(F)F)(F)F)(F)F)(F)F)(F)F
79,48,518.9854166666667,517.7312294539583,3.469446951953614e-18,6.272916666666667,73.31875,2.0208333333333335,3.104166666666667,3.8125,4772093,C1=CC(=C(C(=C1)Cl)CN2C=C(C(=N2)NC(=S)NC3=C(C=CC(=C3)Cl)Cl)Br)F
80,36,592.6694444444445,592.2796817094445,6.938893903907228e-18,2.8166666666666664,164.41666666666669,5.1944444444444455,6.166666666666667,16.222222222222225,454297,CC(C)CN(C[C@H]([C@H](CC1=CC=CC=C1)NC(=O)[C@H](CC(=O)N)NC(=O)OCC2=CC=CC=C2)O)C(=O)NC(C)(C)C
81,236,300.39398305084745,299.9910695532839,1.0408340855860843e-17,3.263135593220339,61.07415254237287,0.9999999999999997,4.186440677966101,4.4576271186440675,710599,CC1=CC(=C(C(=C1)C)S(=O)(=O)NC2=CC=CC=C2OC)C
82,108,377.7157407407407,377.2276053026667,1.0408340855860843e-17,5.3999999999999995,73.50648148148147,2.0185185185185186,2.7962962962962963,7.574074074074074,5806241,CCCCN(CC)C1=CC=C(C=C1)/C=N\NC(=S)NC2=C(C=CC=C2C)C
83,1,650.4,650.13768303,1.0,-8.2,301.0,8.0,17.999999999999996,11.0,445301,C1=CC(=C[N+](=C1)[C@H]2[C@@H]([C@@H]([C@H](O2)COP(=O)(O)OP(=O)(O)OC[C@@H]3[C@H]([C@H]([C@@H](O3)N4C=NC5=C(N=CN=C54)N)O)O)O)O)CN
84,168,352.0957738095238,351.51994974160715,1.0408340855860843e-17,3.032142857142857,76.93690476190477,2.0,4.232142857142857,3.2619047619047628,3450010,CC1=CC(=NC2=C1C=C(C=C2)NC(=S)NC3CC3)N4CCN(CC4)C
85,149,252.59100671140942,252.35867793920806,6.938893903907228e-18,1.2583892617449668,95.29664429530202,2.0,3.9395973154362416,3.946308724832215,9579513,CC1=NN=C(C=C1)/C(=N/NC(=S)NCC=C)/C
86,79,509.62911392405067,508.8994799236709,3.469446951953614e-18,4.740506329113924,133.15189873417722,0.9999999999999997,7.0126582278481004,6.189873417721519,9666503,C1=CC=C(C=C1)N(CC(=O)N/N=C/C2=C(C=C(C=C2)Cl)Cl)S(=O)(=O)C3=CC=CC=C3[N+](=O)[O-]
87,11,583.5,583.1747910072727,0.0,-8.09090909090909,336.0,12.272727272727273,14.727272727272727,9.272727272727273,5297,CC1C(C(C(O1)OC2C(C(C(C(C2O)O)N=C(N)N)O)N=C(N)N)OC3C(C(C(C(O3)CO)O)O)NC)(C=O)O
88,258,387.42147286821705,386.45506863445735,1.3877787807814457e-17,4.42093023255814,92.8531007751938,2.0,3.988372093023256,3.56201550387597,2957112,CC(=O)C1=CC(=CC=C1)NC(=S)NC2=C(C=C3C4=CC=CC=C4OC3=C2)OC
89,129,384.3720930232558,383.4828354762093,6.938893903907228e-18,3.755813953488372,82.71550387596899,2.999999999999999,2.449612403100775,3.3720930232558146,5279170,CC1=CC=C(C=C1)NC(=O)NC2C(=O)NC3=CC=CC=C3C(=N2)C4=CC=CC=C4
90,121,249.0070247933884,248.79369785366117,6.938893903907228e-18,2.3099173553719012,76.58099173553718,2.0,3.0661157024793386,5.214876033057851,7694992,COC1=CC=C(C=C1)/C=N/NC(=S)NCC=C
91,2,704.75,704.2392592799999,2.0,6.6499999999999995,130.0,1.0,10.0,15.0,3082695,CC1=C(C=C[N+](=C1CSSCC2=[N+](C=CC(=C2C)OCC(F)(F)F)C3=NC4=CC=CC=C4N3)C5=NC6=CC=CC=C6N5)OCC(F)(F)F
92,137,377.62386861313865,377.1728634521898,1.0408340855860843e-17,2.3956204379562043,87.10145985401459,0.9999999999999998,4.897810218978102,6.437956204379562,3461358,CCN1C=C(C(=N1)C)S(=O)(=O)NC2=NN(C=C2)CC3=CC=C(C=C3)Cl
93,30,572.9766666666667,572.520697079,0.0,6.13,116.13,1.8333333333333335,6.9,16.799999999999997,508636,CC1=CC=C(C=C1)S(=O)(=O)N(CC(C)C)[C@@H](CCCCNC(=O)CN(CC2=CC=CC=C2)C3=CC=CC=C3)C(=O)O
94,37,210.4635135135135,210.26612249162162,3.469446951953614e-18,-0.28378378378378377,115.32432432432434,4.0,2.432432432432432,2.1621621621621623,458923,C1=CC(=CC=C1NC(=O)N)NC(=O)N
95,48,414.12708333333336,413.7108618219375,3.469446951953614e-18,8.041666666666666,51.779166666666676,1.9375,2.125,12.520833333333332,3740629,CCCCCCCCCCOC1=CC=C(C=C1)NC(=O)NC2=CC=CC=C2CC
96,63,339.8711111111111,339.5401716280952,1.0408340855860843e-17,3.346031746031746,65.96031746031746,8.881784197001252e-16,6.761904761904761,4.333333333333334,5742332,CC1CN(CC(O1)C)C2=C(N=C(O2)/C=C/C3=CC(=CC=C3)OC)C#N
97,95,260.5669473684211,260.3542109373684,0.0,1.782105263157895,82.97578947368422,-2.220446049250313e-16,5.326315789473684,4.831578947368421,8900452,CC(=C)CSC1=NC=C(C=C1)S(=O)(=O)N(C)C
98,17,534.2470588235294,533.7145652564706,0.0,1.4705882352941173,218.52941176470586,2.0,11.352941176470587,6.352941176470588,9576850,CO/N=C(\C1=CSC(=N1)N)/C(=O)N[C@H]2[C@@H]3N(C2=O)C(=C(CS3)C[N+]4=CN5C=CC=CC5=C4)C(=O)[O-]
99,78,452.7025641025641,452.19196120794874,3.469446951953614e-18,3.273076923076923,136.5769230769231,3.0128205128205128,7.17948717948718,7.141025641025641,2716739,COC1=CC(=CC(=C1OC)OC)C(=O)NNC(=S)NC2=CC(=C(C=C2OC)Cl)OC
100,168,315.3654761904762,314.9596402654167,6.938893903907228e-18,2.4672619047619047,92.45416666666667,2.0,5.238095238095238,2.928571428571429,974154,CC1=CC(=C(C=C1)C)NS(=O)(=O)C2=CC3=C(C=C2)NC(=O)O3
101,119,220.0736134453782,219.80211077131088,1.0408340855860843e-17,1.3319327731092443,58.18655462184874,2.0,2.067226890756303,4.084033613445378,883327,CN(C)CCNC(=S)NC1=CC=CC=C1
102,177,369.90734463276834,369.3639573063277,1.3877787807814457e-17,3.5576271186440676,63.85141242937853,1.0000000000000004,3.276836158192091,5.926553672316384,3682663,CC1=CC(=C(C(=C1)C)NC(=S)N(CCN(C)C)C(C)C2=CN=CC=C2)C
103,67,202.44925373134328,202.23874445495525,6.938893903907228e-18,-0.09701492537313383,87.27910447761194,1.9850746268656716,4.044776119402985,3.970149253731343,197701,CN=C(NCC1CCOC1)N[N+](=O)[O-]
104,66,438.05454545454546,437.6644370975757,0.0,4.304545454545455,92.5,2.0,4.878787878787879,9.530303030303031,5042090,CC1=CC(=CC(=C1)NS(=O)(=O)C2=CC=C(C=C2)OCC(=O)NCCC3=CC=CC=C3)C
105,53,407.4916981132075,407.0912459386792,3.469446951953614e-18,4.747169811320754,60.25283018867925,2.0,7.7735849056603765,5.2075471698113205,2013005,C1=CC=C(C=C1)CNC(=O)NC2=CC=C(C=C2)OC3=C(C(=C(C(=C3F)F)F)F)F
106,115,276.0562608695652,275.6801117369478,0.0,2.411304347826087,71.60434782608695,3.0,1.965217391304348,4.48695652173913,730631,C1=CC=C(C=C1)CCC(=O)NNC(=O)NC2=CC=CC=C2
107,158,356.20006329113926,355.1395612758861,1.0408340855860843e-17,5.245569620253164,70.74556962025318,2.0,2.037974683544305,2.3354430379746827,989034,C1=CC(=CC=C1NC(=S)NC(=O)C2=C(C=C(C=C2)Cl)Cl)Cl
108,199,337.05427135678394,336.24500132745726,1.0408340855860843e-17,3.765326633165829,62.70703517587939,1.0,4.080402010050251,3.3065326633165837,5134374,CC1=CC(=CC=C1)S(=O)(=O)NC2=C3C(=C(C=C2)C)CC(O3)(C)C
109,40,448.935,448.509533554,0.0,2.3049999999999997,132.05,3.0500000000000003,7.1,10.274999999999999,6476766,CCCCCCCC(=O)O[C@H]1[C@@H]([C@H](O[C@H]1N2C=C(C(=O)NC2=O)/C=C/Br)CO)O
110,20,553.5300000000001,552.6996985185,0.0,7.574999999999999,106.45,0.0,6.05,5.8,2332171,CC(C)(C)C1=CC=C(C=C1)S(=O)(=O)N=C2C=CC(=NS(=O)(=O)C3=CC=C(C=C3)C(C)(C)C)C4=CC=CC=C24
111,14,384.12285714285713,383.85756903214286,3.469446951953614e-18,2.992857142857143,91.2,1.1428571428571428,12.428571428571427,3.071428571428572,1486727,C1=CC(=CC(=C1)S(=O)(=O)NC2=NN=C(S2)C(F)(F)F)C(F)(F)F
112,133,403.2857894736842,402.6196125319549,6.938893903907228e-18,2.9180451127819547,94.75112781954887,2.0,5.090225563909774,4.601503759398496,650341,CC1=CC=C(C=C1)NC(=O)NC2CCN(CC2)S(=O)(=O)C3=CC=C(C=C3)OC
113,85,295.80552941176467,295.4615298455294,3.469446951953614e-18,2.636470588235294,111.12352941176471,3.0000000000000004,3.647058823529412,3.9411764705882355,2825776,CC1=CC=C(C=C1)S(=O)(=O)NNC(=S)NC(C)(C)C
114,52,490.6730769230769,489.7164461396154,0.0,6.176923076923078,96.95576923076923,3.0,4.576923076923077,6.5,3011199,CC(C)CNC1=CC(=CC2=C(NN=C12)Cl)NS(=O)(=O)C3=CC=CC(=C3)C4=CC=C(C=C4)Cl
115,60,180.913,180.74270268935,1.734723475976807e-17,1.706666666666667,41.41833333333332,0.01666666666666683,3.333333333333334,6.5,28579,CCCCCC(=O)OCC1CO1
116,78,331.07615384615383,330.74483828384615,3.469446951953614e-18,0.9692307692307693,152.8846153846154,3.0128205128205128,6.051282051282052,3.153846153846154,1978876,C1=CC(=CN=C1)C(=O)NC(=S)NC2=CC=C(C=C2)S(=O)(=O)N
117,85,250.06752941176472,249.51324854521178,6.938893903907228e-18,2.444705882352941,48.12000000000001,0.9999999999999998,1.31764705882353,1.3999999999999995,677665,CN(C1=CC=CC=C1)C(=S)NC2=CC=CC=C2
118,85,417.8525882352941,417.12423531161176,0.0,4.630588235294118,59.24941176470588,-4.440892098500626e-16,4.08235294117647,6.305882352941176,6433852,CC1=C(C(=O)N(N1C)C2=CC=CC=C2)/C=C/C(=O)C3=CC=C(C=C3)SC4=CC=CC=C4
119,23,534.3973913043478,534.1857554043478,3.469446951953614e-18,6.460869565217392,39.62608695652174,0.34782608695652195,19.21739130434782,10.304347826086957,159193,CCN(CC)S(=O)(=O)C(C(C(C(C(C(C(C(F)(F)F)(F)F)(F)F)(F)F)(F)F)(F)F)(F)F)(F)F
120,9,726.8,726.1914258688889,3.469446951953614e-18,9.255555555555556,80.1,2.111111111111111,4.333333333333333,12.88888888888889,9987268,CC(C1=CC=CC2=CC=CC=C21)NC(=O)CN3C=C(N=C3/C=C/C4=CC=C(C=C4)C5=CC=C(C=C5)OCCCC(=O)O)C6=C(C=C(C=C6)Cl)Cl
121,90,541.8188888888889,540.9435223466667,6.938893903907228e-18,6.74,76.25444444444445,1.0,4.166666666666667,7.7666666666666675,9613543,CC1=CC=C(N1C2=CC=C(C=C2)C(=O)N/N=C/C3=C(C=CC(=C3)Br)OC(=O)/C=C/C4=CC=CC=C4)C
122,73,519.6178082191781,518.9004991134246,3.469446951953614e-18,4.686301369863013,87.4876712328767,-4.440892098500626e-16,6.301369863013698,7.739726027397261,9827782,CCOC(=O)N1CCC(CC1)N2CCC(CC2)C(=C)C3=CC=C(C=C3)S(=O)(=O)C4=CC=C(C=C4)OC
123,54,412.81666666666666,412.04258156674075,1.0408340855860843e-17,5.3277777777777775,46.77222222222223,4.440892098500626e-16,5.092592592592593,3.6111111111111116,6087689,C1CN(CCN1/C=C/C2=NN=NN2C3=CC4=CC=CC=C4C=C3)C5=CC(=CC=C5)Cl
124,114,464.92824561403506,464.1452412098245,1.0408340855860843e-17,3.294736842105263,100.44912280701755,1.0,5.982456140350877,4.385964912280702,1244590,CCN1C2=C3C(=C(C=C2)S(=O)(=O)NC4=C(N(N(C4=O)C5=CC=CC=C5)C)C)C=CC=C3C1=O
125,105,325.68923809523807,325.2408626105714,3.469446951953614e-18,2.0257142857142854,119.26666666666668,3.0,4.561904761904762,3.1619047619047618,3723311,C1C(ON=C1C2=CC=CS2)C(=O)NNC(=O)NC3=CC=CC=C3
126,6,958.2166666666667,957.4401611199999,3.469446951953614e-18,4.55,333.16666666666663,8.0,15.666666666666664,19.5,5468752,C1=CC=C2C(=C1)C(=CC(=C2O)C(=O)NC3=CC(=C(C=C3)/C=C/C4=C(C=C(C=C4)NC(=O)C5=C(C6=CC=CC=C6C(=C5)CSCCC(=O)O)O)S(=O)(=O)O)S(=O)(=O)O)CSCCC(=O)O
127,10,701.0,700.161561641,0.0,4.45,180.9,3.3,11.100000000000001,7.0,9603767,COC1=C(C=C(C=C1)S(=O)(=O)/N=C(/N)\N/N=C\2/CC(CC3=C2C(=O)C4=C(N3O)C=CC(=C4)Cl)C5=CC=C(C=C5)C(F)(F)F)OC
128,64,430.40453125,429.97778031828125,0.0,1.19375,128.190625,0.9687499999999999,8.53125,7.59375,6539041,CN(CCOC)S(=O)(=O)C1=CC=C(C=C1)NC2=NC=CC(=N2)C3=CN=C4N3N=CC=C4
129,1,1633.8,1632.7981889,0.0,-4.300000000000001,369.0,0.0,40.0,32.0,6518169,COC[C@@H]1[C@@H]2[C@@H]([C@H]([C@@H](O1)O[C@@H]3[C@H](O[C@H]([C@@H]([C@H]3OC)OC)O[C@@H]4[C@H](O[C@H]([C@@H]([C@H]4OC)OC)O[C@@H]5[C@H](O[C@H]([C@@H]([C@H]5OC)OC)O[C@@H]6[C@H](O[C@H]([C@@H]([C@H]6OC)OC)O[C@@H]7[C@H](O[C@H]([C@@H]([C@H]7OC)OC)O[C@@H]8[C@H](O[C@H]([C@@H]([C@H]8OC)OC)O[C@@H]9[C@H](O[C@@H](O2)[C@@H]([C@H]9OC)OC)COC)COC)COC)COC)COC)COC)COC)OC)OC
130,56,510.6678571428571,510.0590648167857,6.938893903907228e-18,3.9857142857142858,171.7678571428571,2.0357142857142856,9.57142857142857,6.4642857142857135,5723850,CC1CCN(CC1)C2=CC(=C(C=C2/C=C(\C#N)/C3=NN(C(=C3C#N)N)CCO)[N+](=O)[O-])N4CCC(CC4)C
131,186,382.6343010752688,381.92910760725806,6.938893903907228e-18,4.219892473118279,92.24247311827958,1.0,4.93010752688172,3.3924731182795704,1294340,CC1=CC=C(C=C1)S(=O)(=O)NC2=NC3=C(S2)C=C(C=C3)Br
132,174,293.33494252873567,292.9048107716092,1.0408340855860843e-17,2.5568965517241375,106.03563218390804,2.0,3.982758620689655,2.4022988505747125,6878704,C1=CC=C2C(=C1)C=CC3=C2OC=C(C3=O)/C=N/NC(=S)N
133,85,440.0094117647059,439.57299246576474,1.0408340855860843e-17,4.5858823529411765,132.81176470588235,1.0,7.811764705882354,7.788235294117646,1384433,CC1=CC=C(C=C1)C2=CSC(=N2)/C(=C/NC3=C(C=CC(=C3)C(=O)OC)C(=O)OC)/C#N
134,116,338.9306896551724,338.4992287799138,1.0408340855860843e-17,3.510344827586207,119.11206896551724,2.0,4.758620689655173,4.051724137931035,4200057,CCSC1=NN=C(S1)NC(=O)NC23CC4CC(C2)CC(C4)C3
135,156,291.6394230769231,291.3617590472436,3.469446951953614e-18,2.0108974358974363,86.55961538461538,2.0,3.9038461538461537,5.685897435897436,2588655,COC1=C(C=CC(=C1)C=NNC(=O)N)OCC2=CC=CC=C2
136,40,349.919,349.641123301,3.469446951953614e-18,2.375,90.8475,3.5250000000000004,3.85,9.425,6445659,C/C=C/CNCC(COC1=CC=C(C=C1)NC(=O)NC2CCCCC2)O
137,148,391.64486486486487,391.24438642675676,3.469446951953614e-18,3.537837837837838,89.91013513513514,0.9999999999999998,5.662162162162163,7.621621621621622,9590794,COC1=CC=C(C=C1)/C=C/C(=O)OC2=CC=C(C=C2)/C=N/NC(=O)C3=CC=NC=C3
138,123,341.87048780487805,341.45380184552846,6.938893903907228e-18,2.1674796747967475,67.70162601626016,-2.220446049250313e-16,4.357723577235772,4.560975609756097,7384610,CCCCN(C)S(=O)(=O)C1=CC2=C3C(=C1)CCC(=O)N3CCC2
139,2,972.8,972.31694049,0.0,-12.9,475.0,18.0,30.0,6.0,320760,C(C1C2C(C(C(O1)OC3C(OC(C(C3O)O)OC4C(OC(C(C4O)O)OC5C(OC(C(C5O)O)OC6C(OC(C(C6O)O)OC7C(OC(O2)C(C7O)O)CO)CO)CO)CO)CO)O)O)O
140,101,278.9964356435644,278.6730031641584,3.469446951953614e-18,2.2405940594059404,96.34158415841584,0.9999999999999998,5.287128712871287,4.772277227722772,2836737,CCCCNS(=O)(=O)C1=CC(=C(C=C1)C)[N+](=O)[O-]
141,126,514.6396825396826,513.4937737391269,1.3877787807814457e-17,7.145238095238096,105.53968253968253,2.0079365079365075,4.444444444444445,5.190476190476191,3484995,CC1=CC(=C(C=C1)C)CN2C3=C(C=C(C=C3)Br)C(=C2O)N=NC(=S)NC4=CC=CC=C4OC
142,74,226.81054054054053,226.59411915013516,3.469446951953614e-18,0.1891891891891886,129.35135135135135,3.0,4.22972972972973,1.9189189189189193,56051,CC1=NC=C(N1)C2=CSC(=N2)N=C(N)N
143,86,185.18848837209302,184.9482141521628,1.0408340855860843e-17,0.7406976744186049,71.43837209302326,3.011627906976744,2.2325581395348837,1.7325581395348832,181426,C1=CC(=CC=C1N=C(N)NO)Cl
144,66,344.64560606060604,344.2903684648485,3.469446951953614e-18,1.0075757575757578,95.72575757575757,0.9545454545454544,6.151515151515152,7.515151515151516,6464996,CCN1C=C(C=N1)S(=O)(=O)NC(C)C2=C(C=CC(=C2)OC)OC
145,51,496.59411764705885,495.86417790588234,3.469446951953614e-18,5.4411764705882355,139.76470588235293,3.9803921568627447,4.490196078431373,5.196078431372549,6172220,CC1=CC=CC=C1NC(=S)N/N=C(/C)\C2=NC(=CC=C2)/C(=N\NC(=S)NC3=CC=CC=C3C)/C
146,77,422.16883116883116,421.54496968844154,6.938893903907228e-18,5.550649350649351,137.07792207792207,2.0,5.376623376623376,3.1948051948051948,2980949,C1=CC=C(C=C1)N2N=C3C=C(C(=CC3=N2)Cl)NC(=S)NC(=O)C4=CC=CS4
147,74,98.33608108108115,98.27269944405407,1.3877787807814457e-17,-0.7054054054054055,63.58783783783784,1.9999999999999996,1.5135135135135132,0.5675675675675693,3900439,C1CC1N=C(N)N
148,71,286.18746478873237,285.87699217240845,3.469446951953614e-18,4.273239436619718,38.315492957746486,1.0,1.52112676056338,7.19718309859155,972114,CCOC1=CC=C(C=C1)NC(=O)N(CC(C)C)CC(C)C
149,82,481.6707317073171,480.88424975839024,1.3877787807814457e-17,6.037804878048781,61.05853658536585,1.0,2.695121951219513,8.085365853658537,4440134,COC1=CC=CC(=C1)NC(=S)N(CC2=CC=CC=C2)CC3=CC=CN3CC4=C(C=C(C=C4)F)Cl
150,10,527.39,526.949295819,0.0,12.959999999999999,74.19,1.8,3.2,27.799999999999997,4604438,CCCCCCCCCCCCCCCCCCSCCNS(=O)(=O)CCCCCCCCC
151,103,150.73252427184457,150.37565665665053,2.0816681711721685e-17,3.650485436893204,0.232038834951382,-1.7763568394002505e-15,0.01941747572815533,1.4854368932038846,584957,CC1=C(C(CCC1)(C)C)C=C
152,23,340.58260869565214,340.15480771873916,3.469446951953614e-18,7.595652173913043,1.3652173913043555,4.440892098500626e-16,0.21739130434782616,3.130434782608696,3878364,C1=CC=C(C=C1)C=CC2=CC=C(C=C2)C=CC3=CC4=CC=CC=C4C=C3
153,193,353.0261139896373,352.3680509367617,1.0408340855860843e-17,3.763730569948186,69.31036269430052,2.0,3.2124352331606216,3.7875647668393784,6509466,CC1=CC=C(C=C1)C(=O)N/C(=C\C2=CN=CC=C2)/C3=NC4=CC=CC=C4N3
154,2,1564.4999999999998,1563.6473645,0.0,-14.35,649.0,22.500000000000004,43.5,25.5,2733545,CC(COCC1[C@@H]2[C@@H](C([C@H](O1)O[C@H]3[C@@H](C([C@@H](O[C@H]4[C@@H](C([C@@H](O[C@H]5[C@@H](C([C@@H](O[C@H]6[C@@H](C([C@@H](O[C@H]7[C@@H](C([C@@H](O[C@H]8[C@@H](C([C@@H](O[C@H]9[C@@H](C([C@@H](O2)OC9CO)O)O)OC8CO)O)O)OC7COCC(C)O)O)O)OC6COCC(C)O)O)O)OC5CO)O)O)OC4COCC(C)O)O)O)OC3COCC(C)O)O)O)O)O)O
155,91,257.5742857142857,257.10498067551646,-3.469446951953614e-18,0.9230769230769229,80.9065934065934,0.9999999999999998,4.0,1.7582417582417582,8317967,COC1=C(C=C(C=C1)Br)S(=O)(=O)N
156,30,781.3466666666666,780.754107623,0.0,5.61,216.2,3.8000000000000003,12.399999999999999,14.566666666666665,500749,CC(C)(C)[C@@H](C(=O)N1C[C@@H](C[C@H]1C(=O)NC2(C[C@@H]2C=C)C(=O)O)OC3=CC(=NC4=C3C=CC(=C4)OC)C5=CSC(=N5)NC(C)(C)C)NC(=O)OC(C)(C)C
157,1,559.8,559.44748337,1.0,11.1,68.5,1.0,4.0,28.999999999999993,194938,CCCCCCCCCCCCCCCCCCNC(=O)OCC(=C)COC(=O)CCCCC[N+]1=CC=CC=C1
158,123,310.65674796747965,310.1609036962764,3.469446951953614e-18,3.1154471544715445,49.56585365853659,0.9999999999999997,1.8536585365853662,3.3658536585365857,2308650,C1CCC(=NCC1)N(C2=CC=CC=C2)C(=O)NC3=CC=CC=C3
159,48,450.03166666666664,449.559592793125,3.469446951953614e-18,3.5666666666666664,154.72916666666666,2.0,9.458333333333334,5.354166666666667,470957,C1=CC=C2C(=C1)C(=O)C(=C(C2=O)Cl)NC3=CC=C(C=C3)S(=O)(=O)NC4=NN=CS4
160,86,265.90488372093023,265.6186485063954,-3.469446951953614e-18,3.2732558139534884,46.99418604651163,2.0,1.4418604651162794,6.034883720930233,95244,C1=CC=C(C=C1)CCNC(=O)NCCC2=CC=CC=C2
161,153,445.0228758169935,444.4638119643791,1.3877787807814457e-17,5.170588235294118,86.09803921568627,2.0,3.019607843137254,7.091503267973858,2157824,CC1=CC2=C(C=C1)NC(=C2CCN(CC3=CN=CC=C3)C(=S)NC4=CC=CC=C4OC)C
162,203,340.0053694581281,339.5105460970443,6.938893903907228e-18,3.9768472906403938,64.69655172413793,1.0,4.123152709359606,5.315270935960592,801914,COC1=CC=CC(=C1)NS(=O)(=O)C2=CC=C(C=C2)C3=CC=CC=C3
163,195,414.87179487179486,414.2242508381026,1.734723475976807e-17,5.846666666666666,101.73230769230769,2.0,4.056410256410256,3.5435897435897443,2809351,CC1=C(C(=NO1)C2=CC=CC=C2Cl)C(=O)NC(=S)NC3=CC=C(C=C3)C(C)C
164,29,578.4468965517242,577.9175519303449,3.469446951953614e-18,4.99655172413793,121.16896551724138,3.068965517241379,11.103448275862068,8.344827586206897,5329823,CN(C1=CC=C(C=C1)NC(=O)NC2=C(C=CC(=C2)C(F)(F)F)F)C3=NC(=NC=C3)NC4=CC=CC(=C4)CS(=O)(=O)C
165,145,396.7310344827586,396.3039485411724,1.3877787807814457e-17,3.9517241379310346,116.4234482758621,2.006896551724138,5.90344827586207,7.1862068965517265,1335357,CCOC1=CC=C(C=C1)NC(=O)NC2=NN=C(S2)COC3=CC=CC(=C3C)C
166,102,328.3037254901961,327.7119421832647,6.938893903907228e-18,2.881372549019608,81.02156862745097,3.0,2.7941176470588234,2.57843137254902,311270,C1=CC(=CC(=C1)NC(=O)NC2=C(C(=CC=C2)Cl)Cl)C(=O)O
167,5,802.1800000000001,801.6951762399999,0.0,-1.9600000000000004,311.6,10.799999999999999,18.8,15.0,5281784,C[C@H]1[C@@H]([C@H]([C@H]([C@@H](O1)O[C@@H]2[C@H]([C@@H](O[C@@H]([C@H]2OC(=O)/C=C/C3=CC(=C(C=C3)O)O)CO)OCCC4=CC(=C(C=C4)O)O)O)O)O[C@H]5[C@@H]([C@](CO5)(CO)O)O)O
168,1,782.8,781.98655472,-4.0,2.1,324.0,0.0,16.0,6.0,5750420,C1=CC(=CC=C1C2=NN(N=C2)C3=CC(=C(C=C3)/C=C/C4=C(C=C(C=C4)N5N=CC(=N5)C6=CC=C(C=C6)S(=O)(=O)[O-])S(=O)(=O)[O-])S(=O)(=O)[O-])S(=O)(=O)[O-]
169,41,592.6317073170733,591.9811350336586,3.469446951953614e-18,6.353658536585366,82.44390243902438,1.9024390243902438,9.682926829268293,5.951219512195122,3971042,CC1(C(N(C(=O)N1CCC2=CC=C(C=C2)F)C3=CC=CC(=C3)C(F)(F)F)N(C(=O)NC4=CC=CC(=C4)C(F)(F)F)O)C
170,16,546.05,545.683450884375,2.0,3.84375,108.94375,3.3125,4.1875,8.1875,132768,C[N+]1=CC=CC(=C1)NC(=O)C2=CC=C(C=C2)NC(=O)C3=CC=C(C=C3)C(=O)NC4=CC=CC(=C4)C(=O)NC5=C[N+](=CC=C5)C
171,2,544.5,544.1794180100001,1.0,3.25,175.0,3.5,10.0,8.0,6513709,C1COC2=C(O1)C=CC(=C2)/C(=N/NC3=C(C=C(C=C3)[N+](=O)[O-])[N+](=O)[O-])/C[N+]4=CC=C(C=C4)C(=O)NCCO
172,113,247.42238938053097,247.18949617610622,6.938893903907228e-18,0.4592920353982297,107.66902654867256,2.0,5.176991150442478,2.6194690265486726,6904031,C1COCCN1C2=CC=C(S2)/C=N/NC(=O)N
173,134,378.90820895522387,378.28644846910447,1.0408340855860843e-17,5.497014925373135,81.87985074626866,2.0,2.820895522388059,5.58955223880597,1716241,CCCCOC1=CC=CC(=C1)C(=O)NC(=S)NC2=CC(=C(C=C2)C)Cl
174,130,331.55253846153846,331.0914193867077,1.0408340855860843e-17,3.802307692307692,87.33153846153846,-1.1102230246251565e-15,5.207692307692308,3.1461538461538465,5742193,C1=CC(=CC(=C1)Cl)/C=C/C2=NN3C(=NN=C3S2)C4=CN=CC=C4
175,139,399.5821582733813,398.8510537905755,6.938893903907228e-18,4.017266187050359,83.78129496402877,2.0,3.194244604316547,2.5107913669064743,4050108,CC1=CC=C(C=C1)CNC(=O)NC2=CC3=C(C=C2)SC4=CC=CC=C4C(=O)N3C
176,23,397.7778260869565,397.49274190347825,3.469446951953614e-18,-0.7043478260869569,214.91304347826087,6.3478260869565215,4.608695652173913,5.782608695652174,6336414,C/C(=N\N=C(N)N)/C1=CC=C(C=C1)NC(=NC2=CC=C(C=C2)/C(=N/N=C(N)N)/C)N
177,110,186.2340909090909,186.02523794333638,1.3877787807814457e-17,0.8090909090909086,62.50181818181818,1.0000000000000002,2.6727272727272733,1.9181818181818189,74864,C1=CC=C(C=C1)C=CS(=O)(=O)O
178,96,345.4302083333333,345.12295738270836,1.0408340855860843e-17,0.35937500000000044,106.71145833333333,1.0000000000000004,6.614583333333333,4.260416666666667,7196364,CN1C=C(C(=O)N(C1=O)C)S(=O)(=O)NCC2=CC3=C(C=C2)OCO3
179,184,395.8418478260869,395.3384138169565,1.3877787807814457e-17,4.413586956521739,98.72934782608696,0.9999999999999993,5.923913043478262,6.190217391304348,7518607,C1=CC=C(C(=C1)F)S(=O)(=O)NCCC2=CSC(=N2)C3=CC=C(C=C3)Cl
180,100,347.37989999999996,347.02773511739997,3.469446951953614e-18,1.3190000000000004,122.91999999999999,3.0,5.66,5.71,2730888,CCCNC(=O)NC1=CC=C(C=C1)S(=O)(=O)NC2=NOC(=C2)C
181,72,326.46875,326.21159345402776,3.469446951953614e-18,2.441666666666667,71.67916666666666,2.0,6.777777777777778,3.833333333333333,4128554,CC(COC)NC(=O)NC1(OC2=CC=CC=C2O1)C(F)(F)F
182,152,401.7496710526315,401.3447918598026,1.3877787807814457e-17,1.5460526315789473,124.46315789473684,1.0,7.822368421052634,4.8881578947368425,8523188,CS(=O)(=O)C1=NN=C(C=C1)C2=CC(=CC=C2)NS(=O)(=O)C3=CC=CC=C3F
183,38,306.54473684210524,306.2445714836842,0.0,1.6263157894736842,73.04736842105262,0.026315789473684292,5.447368421052632,8.078947368421053,76770,COCCOC(=C(Cl)Cl)OP(=O)(OC)OC
184,93,220.12666666666664,219.91813480562365,3.469446951953614e-18,2.3129032258064517,42.806451612903224,-8.881784197001252e-16,3.365591397849462,4.483870967741935,69539,CCN(CC)S(=O)(=O)C1=CC=C(C=C1)C
185,73,464.46301369863016,463.8879527467123,1.0408340855860843e-17,5.078082191780822,160.82191780821915,2.0273972602739727,7.082191780821917,3.890410958904109,1728207,CC1=CC=C(C=C1)N2N=C3C=CC(=CC3=N2)NC(=S)NC(=O)C4=CC(=C(C=C4)OC)[N+](=O)[O-]
186,151,313.7488079470199,313.06617360670197,6.938893903907228e-18,2.5735099337748344,61.79337748344371,0.9999999999999998,3.4900662251655628,3.0198675496688745,99454,C1CC(CCC1NC(=O)N(CCCl)N=O)Br
187,154,332.3894155844156,331.8983255355714,6.938893903907228e-18,4.53961038961039,68.06428571428572,2.0,2.0129870129870135,5.311688311688312,2290565,C1=CC=C(C=C1)NC(=O)NC2=CC=C(C=C2)CSC3=CC=CC=C3
188,97,470.9237113402062,469.97366108268045,6.938893903907228e-18,6.506185567010309,66.67835051546392,0.9690721649484535,4.103092783505154,4.917525773195877,3500184,CCC(C)(C)C1CCC2=C(C1)C3=C(O2)C=CC(=C3)NS(=O)(=O)C4=CC=C(C=C4)Br
189,68,430.63235294117646,430.16676329588233,0.0,3.736764705882353,117.3970588235294,4.029411764705882,4.338235294117647,6.426470588235294,2139922,CC1=C(C=C(C(=N1)C)NC(=O)NC2=CC=CC=C2OC)NC(=O)NC3=CC=CC=C3OC
190,45,608.3111111111112,607.7876333199999,1.0408340855860843e-17,4.873333333333333,138.77777777777777,3.133333333333333,7.844444444444445,11.244444444444444,500642,CC(C)(C)OC(=O)N[C@@H](C1CCCCC1)C(=O)N2C[C@@H](C[C@H]2C(=O)NC3(C[C@@H]3C=C)C(=O)O)OC4=CC=NC5=CC=CC=C54
191,152,348.0094736842105,347.47936795394736,1.0408340855860843e-17,2.7447368421052634,100.8328947368421,1.0000000000000002,4.894736842105263,4.3355263157894735,7635659,CCS(=O)(=O)NC1=CC2=C(C=C1)N(CCC2)C(=O)C3=CC=CS3
192,65,776.9907692307693,776.3536587840001,1.3877787807814457e-17,5.42,188.9076923076923,3.0153846153846144,10.06153846153846,15.0,6321189,CCS(=O)(=O)NC(=O)[C@]1(C[C@H]1C=C)NC(=O)[C@@H]2C[C@H](CN2C(=O)[C@H](C(C)(C)C)NC(=O)OC(C)(C)C)OC3=CC(=NC4=C3C=CC(=C4)OC)C5=CC=CC=C5
193,38,553.371052631579,553.01377907,0.0,3.1736842105263157,127.8157894736842,3.947368421052631,6.078947368421052,12.184210526315788,6478370,CC1CC1/C=C/C2CC2C3CC3C4CC4C5CC5/C=C/C=C/C(=O)NC[C@@H]6[C@H]([C@H]([C@@H](O6)N7CCC(=O)NC7=O)O)O
194,11,228.0272727272727,227.9017256822727,0.9999999999999999,-1.6181818181818177,110.74545454545455,3.6363636363636367,4.363636363636363,3.454545454545454,439924,C1=CC(=C[N+](=C1)[C@H]2[C@@H]([C@@H]([C@H](O2)CO)O)O)C(=O)N
195,8,557.1125000000001,556.6169462437499,0.0,3.075,201.75,6.125,9.5,8.0,6309542,C1=CC=C(C(=C1)C(=O)NC2=CC(=C(C=C2)/C=C/C3=C(C=C(C=C3)NC(=O)C4=CC=CC=C4O)S(=O)(=O)O)S(=O)(=O)O)O
196,5,586.0799999999999,585.679787606,2.0,11.780000000000001,45.48,1.6,3.6,27.0,512241,CCCCCCCCCCCOC[N+]1=CC=CC(=C1)NCNC2=C[N+](=CC=C2)COCCCCCCCCCCC
197,32,412.105,411.68378028,3.469446951953614e-18,0.8562500000000002,165.03125,2.0,8.59375,4.09375,1296,CNC1CN(S(=O)(=O)C2=C1C=C(S2)S(=O)(=O)N)C3=CC(=CC=C3)OC
198,170,382.7838823529412,382.26003378682356,1.0408340855860843e-17,3.1947058823529413,84.44294117647058,2.0,3.864705882352941,6.117647058823529,1226498,CCN(CC)S(=O)(=O)C1=CC=C(C=C1)NC(=O)NC2=CC=C(C=C2)Cl
199,102,383.2004901960784,382.63796429843137,3.469446951953614e-18,3.3745098039215686,139.44117647058823,0.9999999999999998,7.117647058823529,3.7549019607843137,2055920,CC1=NC(=CS1)C2=CC=C(C=C2)NS(=O)(=O)C3=CC=C(C=C3)[N+](=O)[O-]
200,203,288.4607881773399,287.9601602564532,6.938893903907228e-18,2.7596059113300493,75.33300492610837,1.9999999999999998,2.9261083743842367,2.7980295566502464,5726575,CC1=C(C=C(C=C1)N/C(=N/C2=NC(=CC(=N2)C)C)/N)Cl
201,109,396.474495412844,395.5307099231468,0.0,4.690825688073395,60.26605504587155,0.9999999999999998,3.55045871559633,3.027522935779817,233093,C1=CC=C2C=C(C=CC2=C1)S(=O)(=O)NC3C4=CC=CC=C4OC5=CC=CC=C35
202,84,348.66511904761904,348.3634941875,3.469446951953614e-18,4.020238095238096,50.56785714285714,2.0,7.392857142857142,2.75,2956085,C1=CC(=CC=C1NC(=O)NC2=C(C=C(C=C2)F)F)OC(F)(F)F
203,12,373.28333333333336,373.0216640605,3.469446951953614e-18,11.233333333333333,26.30000000000001,0.0,2.0,21.25,575188,CCCCCCCCCCCCCCCCCC(C)CC(=C)C(=O)OCC
204,116,392.16120689655173,391.73737654586205,1.0408340855860843e-17,2.977586206896552,96.52672413793104,4.440892098500626e-16,6.258620689655173,5.689655172413793,2009546,CCOC(=O)/C(=C/C1=C(N=C2C(=CC=CN2C1=O)C)OC3=CC=C(C=C3)C)/C#N
205,117,499.3273504273504,498.6490540552137,6.938893903907228e-18,4.622222222222223,101.92649572649573,1.0000000000000002,6.136752136752136,8.717948717948719,1579120,CCOC1=C(C=CC(=C1)/C=C(\C#N)/C(=O)NCC2=CC=CO2)OC(=O)C3=CC=CC=C3Br
206,166,418.45,417.7803746372891,1.0408340855860843e-17,4.868674698795181,103.14819277108434,2.0,4.72289156626506,6.560240963855422,1368245,CC1=CC(=C(C=C1)C(C)C)OCC2=NN=C(S2)NC(=O)NC3=CC=C(C=C3)Cl
207,87,344.9562068965517,344.32489296316095,1.0408340855860843e-17,5.63103448275862,40.127586206896545,0.0,2.563218390804598,3.0000000000000004,5471216,CC1=CC=C(C=C1)C2=CN3C4=CC=CC=C4N=C3C(=N2)/C=C/C5=CC=CO5
208,75,230.31733333333332,230.02458256839998,-3.469446951953614e-18,2.9546666666666668,59.56133333333334,-2.220446049250313e-16,3.3866666666666667,2.013333333333333,142706,C1=CC=C(C(=C1)C=CC2=CC=CC=N2)[N+](=O)[O-]
209,66,339.38272727272727,339.0436841668182,3.469446951953614e-18,1.3939393939393938,157.24242424242425,2.0,7.166666666666667,3.3030303030303028,5758175,CN(C)C1=C(C=C(C=C1)/C=C/C2=C(C(=O)NC(=O)N2)[N+](=O)[O-])[N+](=O)[O-]
210,91,282.41758241758237,282.13922681285715,3.469446951953614e-18,0.7142857142857149,121.50549450549451,3.0,4.736263736263736,3.769230769230769,2731652,COC1=CC(=CC(=C1OC)OC)C(=O)NNC(=S)N
211,23,371.65999999999997,371.1786480865217,1.0,3.6956521739130435,82.92173913043479,2.2608695652173916,3.4782608695652173,5.565217391304348,6400299,CCOC1=C(C(=C(C=C1)F)CCNC(=S)N[N+]2=NC=C(C=C2)Cl)Cl
212,50,456.308,455.9008406618,3.469446951953614e-18,2.35,100.52199999999999,2.0,5.7,10.5,3175931,CCN(CC)CCN(CC1=CC2=CC3=C(C=C2NC1=O)OCO3)C(=S)NCCCN(C)C
213,32,518.3218750000001,517.8288753859375,6.938893903907228e-18,5.7625,178.8125,0.9999999999999998,10.46875,10.875,1874720,CCOC(=O)C1=C(SC(=C1C)C(=O)OCC)N/C=C(/C#N)\C2=NC(=CS2)C3=CC(=CC=C3)OC
214,58,341.0839655172414,340.6924125205172,6.938893903907228e-18,2.8086206896551724,146.82758620689654,3.0,5.379310344827586,2.4310344827586197,833444,C1CCC(CC1)C(=O)NC(=S)NC2=CC=C(C=C2)S(=O)(=O)N
215,77,494.9974025974026,494.42660481999997,3.469446951953614e-18,5.0064935064935066,90.98181818181818,2.0,4.909090909090909,9.571428571428571,2157940,CC1=C(C2=C(N1)C=CC(=C2)F)CCN(CC3=CC(=C(C(=C3)OC)OC)OC)C(=S)NC(C)(C)C
216,79,398.6827848101266,398.2993912697468,3.469446951953614e-18,3.579746835443038,111.62658227848101,3.037974683544304,7.101265822784811,5.189873417721519,7192840,CC1=CC=C(C=C1)NC(=S)NNC2=NC(=NC(=N2)N3CCCC3)N4CCCC4
217,81,196.36851851851853,196.17134969558023,0.9999999999999999,2.7888888888888888,12.088888888888874,0.012345679012345956,0.530864197530863,2.2222222222222223,184721,C[N+]1=CC=C(C=C1)C2=CC=C(C=C2)OC
218,113,194.19814159292036,193.97413342911508,6.938893903907228e-18,1.1486725663716815,97.80176991150442,2.0,2.8584070796460175,1.4513274336283182,182088,C1=CC=C2C(=C1)N=C(S2)NC(=O)N
219,20,449.59000000000003,449.15797699705,0.0,8.020000000000001,59.75,0.10000000000000009,4.1,14.599999999999998,640075,CCCCCCOC1=CC(=C(C=C1/C=C/C2=CC=C(C=C2)C#N)OCCCCCC)C=O
220,1,1741.7,1740.9832662,0.0,16.8,165.0,0.0,63.0,39.0,160627,CCN(CCOP(OCCN(CC)S(=O)(=O)C(C(C(C(C(C(C(C(F)(F)F)(F)F)(F)F)(F)F)(F)F)(F)F)(F)F)(F)F)OCCN(CC)S(=O)(=O)C(C(C(C(C(C(C(C(F)(F)F)(F)F)(F)F)(F)F)(F)F)(F)F)(F)F)(F)F)S(=O)(=O)C(C(C(C(C(C(C(C(F)(F)F)(F)F)(F)F)(F)F)(F)F)(F)F)(F)F)(F)F
221,131,216.15709923664122,215.77157213737402,1.0408340855860843e-17,1.882442748091603,67.23358778625955,1.0,2.9541984732824433,1.381679389312977,5028412,CC1=CC(=C(C(=C1C)S(=O)(=O)N)C)C
222,36,258.0583333333334,257.8118249952778,3.469446951953614e-18,-0.9055555555555546,156.61111111111111,3.1388888888888893,6.777777777777778,2.1388888888888893,7635722,C1=CSC(=N1)NS(=O)(=O)C2=CNC(=O)NC2=O
223,69,175.65231884057968,175.5043117843913,0.0,-0.7797101449275359,108.45507246376812,3.0,3.536231884057971,1.5507246376811592,604342,C1=C(N=C(C(=N1)Cl)N)NC(=O)N
224,31,329.9293548387097,329.40798068451613,1.0000000000000002,4.141935483870967,60.86774193548387,0.12903225806451646,2.870967741935484,3.5161290322580645,5824186,CCOC1=CC2=C(C=C1)[N+](=C(C=C2)/C=C/C3=CC(=CC=C3)[N+](=O)[O-])C
225,120,235.15133333333333,234.77629083251668,6.938893903907228e-18,3.5725,30.921666666666667,-2.220446049250313e-16,2.0166666666666675,2.3833333333333333,6060575,CC1=CC=C(C=C1)/C=C/N2C3=CC=CC=C3N=N2
226,84,373.87964285714287,373.4381144082143,3.469446951953614e-18,3.1285714285714286,73.59404761904761,2.0,3.797619047619048,8.488095238095237,6069927,CC1=CC=C(C=C1)C(=O)N/C(=C/C2=CC=C(C=C2)OC)/C(=O)NCCCOC
227,74,470.22027027027025,469.61391502027027,3.469446951953614e-18,3.222972972972973,97.46081081081081,-2.220446049250313e-16,6.878378378378378,5.824324324324325,2947720,CC1=CC=C(C=C1)S(=O)(=O)N(C)C2=C(C=CC(=C2)S(=O)(=O)N3CCCCCC3)OC
228,121,276.442479338843,276.0173007713884,6.938893903907228e-18,2.9140495867768594,80.76115702479339,3.0,2.3801652892561984,2.479338842975207,4776613,CC1=CC(=C(C=C1)C)NC(=S)NC2=C(NN=C2C)C
229,133,355.21932330827065,354.7908181332932,1.0408340855860843e-17,3.9150375939849624,62.91428571428571,1.0000000000000002,3.2030075187969933,7.330827067669174,5020544,CCC1=CC=CC(=C1NC(=S)N(CCN(C)C)C(C)C2=CC=CO2)C
230,160,464.34625,463.7105582604375,1.0408340855860843e-17,4.12,114.115,1.9999999999999998,5.75,6.4,4295032,COC1=C(C=C2C(=C1)CCN=C2CC3=CC=C(C=C3)NC(=O)NC4=CC=CC=C4[N+](=O)[O-])OC
231,9,659.6977777777778,659.4182441622222,3.469446951953614e-18,-5.844444444444443,306.4444444444444,6.777777777777777,17.888888888888886,11.333333333333332,5892,C1=CC(=C[N+](=C1)[C@H]2[C@@H]([C@@H]([C@H](O2)COP(=O)([O-])OP(=O)(O)OC[C@@H]3[C@H]([C@H]([C@@H](O3)N4C=NC5=C(N=CN=C54)N)O)O)O)O)C(=O)N
232,39,609.7923076923076,609.0440562333333,3.469446951953614e-18,7.817948717948717,76.04615384615384,1.8974358974358974,3.948717948717949,9.025641025641026,9830692,CN(C)C1=CC=C(C=C1)NC(=O)N(CC2CCC(CC2)CN(C3CCCCC3)C(=O)NC4=CC=C(C=C4)N(C)C)C5CCCCC5
233,172,438.7709302325581,438.0226758775,1.734723475976807e-17,6.649418604651164,91.92848837209303,2.0,3.19186046511628,4.261627906976744,4116957,CC1=CC=C(C=C1)NC(=S)N=NC2=C(N(C3=CC=CC=C32)CC4=CC=C(C=C4)Cl)O
234,69,467.9130434782609,467.1635881826087,3.469446951953614e-18,5.085507246376812,89.3391304347826,2.0,7.27536231884058,4.130434782608695,9826110,CC(C)(C)C1=NN(C(=C1)NC(=O)NC2=C(C(=CC=C2)Cl)Cl)C3=NC=CC(=N3)C(F)(F)F
235,39,503.9820512820513,503.34998161615385,3.469446951953614e-18,2.8743589743589744,130.9230769230769,3.435897435897436,8.461538461538462,4.769230769230769,3538866,CC1=CC=C(C=C1)N2C3=C(C(=O)NC2=O)C(C(=O)N3)(C(F)(F)F)NS(=O)(=O)C4=CC=C(C=C4)Cl
236,123,431.9910569105691,431.34741523130083,1.0408340855860843e-17,4.37479674796748,78.14146341463415,1.0000000000000004,4.211382113821138,7.569105691056912,4097992,CCC1=CC=CC(=C1NC(=S)N(CCCN2CCN(CC2)C)CC3=CC=CS3)C
237,48,312.5079166666667,312.09329825625,3.469446951953614e-18,0.9687499999999996,98.72291666666666,4.020833333333333,3.041666666666667,6.5,260628,C1=CC(=NC(=C1)NC(=O)NCCCl)NC(=O)NCCCl
238,7,1172.6285714285714,1171.9619951714285,3.469446951953614e-18,-14.999999999999998,562.7142857142856,21.142857142857142,35.57142857142856,8.714285714285714,3083163,C[C@@H](CO[C@@H]1[C@H]([C@H]2[C@H](O[C@@H]1O[C@@H]3[C@H](O[C@@H]([C@@H]([C@H]3O)O)O[C@@H]4[C@H](O[C@@H]([C@@H]([C@H]4O)O)O[C@@H]5[C@H](O[C@@H]([C@@H]([C@H]5O)O)O[C@@H]6[C@H](O[C@@H]([C@@H]([C@H]6O)O)O[C@@H]7[C@H](O[C@@H]([C@@H]([C@H]7O)O)O[C@@H]8[C@H](O[C@H](O2)[C@@H]([C@H]8O)O)CO)CO)CO)CO)CO)CO)CO)O)O
239,165,417.8,417.2212047306061,1.3877787807814457e-17,5.383636363636363,69.96545454545455,1.0000000000000004,3.1818181818181825,6.866666666666668,339340,CCN(CC)C(=NC1=CC(=C(C=C1)Cl)Cl)SC(=C(Cl)Cl)NC=O
240,65,241.53846153846155,241.31988368192307,3.469446951953614e-18,3.253846153846154,39.20615384615383,-4.440892098500626e-16,3.0,5.476923076923077,7174161,CCOC(=O)/C=C/C1=CC=C(O1)C2=CC=CC=C2
241,14,463.1585714285714,462.81849794000004,3.469446951953614e-18,4.192857142857142,70.37142857142857,0.07142857142857184,14.857142857142858,10.571428571428571,106085,CC(=C)C(=O)OCCCCN(C)S(=O)(=O)C(C(C(C(F)(F)F)(F)F)(F)F)(F)F
242,132,475.6583333333333,475.06970497962124,6.938893903907228e-18,3.459848484848485,106.52954545454546,0.9999999999999998,6.598484848484848,6.6893939393939394,3928090,C1COCCN1S(=O)(=O)C2=CC=C(C=C2)S(=O)(=O)NCCC34CC5CC(C3)CC(C5)C4
243,3,697.5,696.9993923633333,0.9999999999999999,20.299999999999997,7.099999999999994,0.0,1.0,35.66666666666666,4425938,CCCCCCCCCCCCCCCCCCN(CCCCCCCCCCCCCCCCCC)C1=CC=C(C=C1)C=CC2=CC=[N+](C=C2)C
244,45,709.0977777777778,708.6097264368889,6.938893903907228e-18,5.666666666666666,165.35555555555555,4.0,8.57777777777778,12.977777777777778,500797,CC(C)[C@@H](C(=O)N1C[C@@H](C[C@H]1C(=O)NC2(C[C@@H]2C=C)C(=O)O)OC3=CC(=NC4=C3C=CC(=C4)OC)C5=CC=CC=C5)NC6=CC=C(C=C6)NC(=O)C
245,60,512.3166666666666,511.77689160566666,0.0,3.675,128.66666666666669,2.0,8.200000000000001,8.383333333333333,2229137,CC1=CC(=C(C=C1)OC)NS(=O)(=O)C2=CC=C(C=C2)NS(=O)(=O)C3=CC(=C(C=C3)OC)Cl
246,95,309.36494736842104,309.01929140777895,3.469446951953614e-18,3.5536842105263156,69.18947368421053,3.010526315789474,1.7578947368421058,4.473684210526316,832774,C1=CC=C(C=C1)NC2=CC=C(C=C2)NC(=S)NC3=CC=CC=C3
247,235,343.7531489361702,343.1479148648255,1.0408340855860843e-17,3.2574468085106383,67.62297872340426,1.0,3.6978723404255316,4.357446808510638,5095146,CC1=C(C=CC(=C1)NS(=O)(=O)C2=CC=CC3=C2N=CC=C3)C(C)C
248,38,398.09736842105264,397.638869245,3.469446951953614e-18,6.686842105263159,89.98421052631579,2.026315789473684,3.736842105263158,12.236842105263158,4607601,CCCCCCCCCCCC1=NN=C(O1)NC(=O)NC2=CC=C(C=C2)Cl
249,88,493.175,492.44657689590906,3.469446951953614e-18,4.804545454545455,109.53636363636363,2.0,7.159090909090908,7.034090909090909,5292286,CC1=CC=C(C=C1)NC2=NN=C(C3=CC=CC=C32)C4=CC(=C(C=C4)C)S(=O)(=O)NCC5=CC=CC=N5
250,106,348.99735849056606,348.146155424283,6.938893903907228e-18,4.843396226415094,46.4311320754717,2.0,3.9811320754716983,2.320754716981132,310371,CC1=C(C=C(C=C1)NC(=O)NC2=C(C=CC(=C2)C(F)(F)F)Cl)C
251,91,428.6413186813187,427.7880903532967,0.0,5.543956043956045,65.19780219780219,2.010989010989011,4.758241758241758,3.5824175824175826,4087089,CC1=CC(=CC=C1)NS(=O)(=O)C2=CC3=C(C=C2)NC(C4C3C=CC4)C5=CC=CC=C5F
252,21,618.290476190476,617.7320405652381,3.469446951953614e-18,9.433333333333332,94.36190476190475,1.8571428571428572,5.428571428571429,16.428571428571427,10054419,CCCCCCCN(CCCCCSC1=NC(=C(N1)C2=CC=CC=C2)C3=CC=CC=C3)C(=S)NC4=C(C=C(C=C4)F)F
253,27,488.1777777777778,487.66152861481476,3.469446951953614e-18,3.0,147.25925925925924,6.074074074074073,4.185185185185185,6.407407407407407,267271,C1=CC=C2C(=C1)C=CC=C2NC(=O)NNC(=O)CCCC(=O)NNC(=O)NC3=CC=CC4=CC=CC=C43
254,17,271.61529411764707,271.4158116552353,1.0,5.764705882352942,16.84705882352941,0.2941176470588236,0.6470588235294121,10.823529411764707,420315,CCCCCCCCCCCC[N+]1=CC=C(C=C1)C#N
255,200,291.8868,291.428779929325,1.3877787807814457e-17,3.53,82.547,2.0,3.1099999999999994,1.995000000000001,4679325,CC1=NC2=C(S1)C=C(C=C2)NC(=O)NC3CCCCC3
256,154,383.37142857142857,382.7312261042857,6.938893903907228e-18,3.1792207792207794,109.39675324675325,2.0,4.740259740259741,3.2727272727272734,3069820,CC1=CC(=C(C2=C1C(=CC(=O)O2)C)S(=O)(=O)NC(=O)NC3=CC=CC=C3)C
257,99,376.72525252525253,376.1647926422626,6.938893903907228e-18,5.891919191919191,39.806060606060605,1.0,1.9595959595959598,3.0404040404040398,6287651,CC1(C2=CC=CC=C2N3C1(NC(=O)C3)/C=C/C4=CC=C(C=C4)C5=CC=CC=C5)C
258,44,481.0454545454545,480.38826396425,3.469446951953614e-18,7.604545454545455,55.55909090909091,2.0,1.7954545454545459,5.772727272727273,6509305,CC1=CC=C(C=C1)C(=O)N/C(=C\C2=C3C=CC=CC3=CC4=CC=CC=C42)/C(=O)NC5=CC=C(C=C5)C
259,148,358.5330405405405,358.17101101966216,3.469446951953614e-18,1.772972972972973,113.44864864864866,2.0,5.817567567567568,5.4459459459459465,5291583,C1CCN(C1)C2=CC=C(C=C2)/C=C(\C#N)/C3=NN(C(=C3C#N)N)CCO
260,184,319.1584782608696,318.25188975967393,1.0408340855860843e-17,3.0510869565217393,63.2625,2.0,2.1956521739130443,2.456521739130434,3746414,C1=CC=C(C=C1)C2=CC=CC=C2NC(=O)NC3=CC=CC(=C3)C#N
261,40,271.30575,271.073394895575,0.0,4.32,72.1925,2.075,1.9,9.8,9838757,CCCCCCNC(=O)/N=N/C(=O)NCCCCCC
262,88,441.9977272727273,440.9197245610114,-3.469446951953614e-18,5.898863636363637,59.64545454545454,2.0568181818181817,2.1136363636363633,4.170454545454546,1004715,CC1=C(C(=NN1CC2=CC(=C(C=C2)Cl)Cl)C)NC(=O)NC3=CC=CC4=CC=CC=C43
263,15,550.96,550.5493983606666,0.0,17.84,31.246666666666677,0.3333333333333335,2.0000000000000004,33.8,3022693,CCCCCCCCCCCCCCCCCCCCCCCCCCCCCCCCOC(=O)C(=C)C
264,1,773.2,771.253653,3.0,10.8,21.39999999999999,0.0,3.0,12.0,10033991,CN(C1=CC=C(C=C1)Cl)C2=CC=[N+](C=C2)CC3=CC(=CC(=C3)C[N+]4=CC=C(C=C4)N(C)C5=CC=C(C=C5)Cl)C[N+]6=CC=C(C=C6)N(C)C7=CC=C(C=C7)Cl
265,1,357.4,357.1827697,3.0,2.1,50.3,0.0,3.0,3.0,494189,C[N+]1=CC=C(C=C1)C2=NC(=NC(=N2)C3=CC=[N+](C=C3)C)C4=CC=[N+](C=C4)C
266,98,271.6615306122449,271.33995766638776,1.0408340855860843e-17,3.164285714285714,79.25816326530612,4.440892098500626e-16,4.295918367346939,2.530612244897959,819542,C1=CC=C(C=C1)S(=O)/C=C/C2=CC=C(C=C2)[N+](=O)[O-]
267,28,468.8996428571428,468.3918452585714,3.469446951953614e-18,2.425,197.9285714285714,3.214285714285714,10.321428571428571,5.25,4871662,C1=CC(=CC=C1NS(=O)(=O)C2=CC3=C(C=C2)NC(=O)S3)S(=O)(=O)NC4=NC=CS4
268,1,2125.9,2124.1219498000005,0.0,-12.400000000000002,987.0,18.0,62.0,34.0,479999,C1=CC=C(C=C1)CO[C@@H]2[C@H](C3[C@H](OC2OC4[C@H](OC([C@@H]([C@H]4O)OCC5=CC=CC=C5)OC6[C@H](O[C@@H]([C@@H]([C@H]6OS(=O)(=O)O)OS(=O)(=O)O)OC7[C@H](OC(C([C@H]7O)O)OC8[C@H](OC(C([C@H]8O)O)OC9[C@H](OC(C([C@H]9O)O)OC1[C@H](OC(O3)[C@@H]([C@H]1O)OCC1=CC=CC=C1)COS(=O)(=O)O)COS(=O)(=O)O)COS(=O)(=O)O)COS(=O)(=O)O)COS(=O)(=O)O)COS(=O)(=O)O)COS(=O)(=O)O)O
269,7,513.4542857142857,513.2146318,1.0,4.685714285714285,52.6857142857143,1.0,16.428571428571427,10.428571428571427,104103,C[N+](C)(C)CCCNS(=O)(=O)C(C(C(C(C(C(F)(F)F)(F)F)(F)F)(F)F)(F)F)(F)F
270,43,456.3127906976744,455.7850784497674,3.469446951953614e-18,4.593023255813954,95.7953488372093,2.2093023255813953,8.837209302325581,7.813953488372093,1260216,CC1=C(C2=C(N1)C=CC(=C2)OC(F)(F)F)CCNS(=O)(=O)C3=CC(=C(C=C3)OC)OC
271,164,340.28280487804875,339.722775857561,1.3877787807814457e-17,4.034756097560976,115.39573170731707,1.9999999999999998,4.213414634146341,2.3170731707317063,681806,C1=CC=C(C(=C1)C(=O)NC(=S)NC2=CC(=CC=C2)[N+](=O)[O-])Cl
272,177,262.01519774011297,261.6856410606667,6.938893903907228e-18,2.7915254237288134,68.85197740112994,2.0,1.9830508474576276,4.389830508474576,3000476,C1CCC(=CC1)CCNC(=S)NC2=CC=CC=N2
273,107,393.7647663551402,393.14101863747663,3.469446951953614e-18,3.3962616822429905,128.7570093457944,3.0,4.663551401869159,4.149532710280374,5387525,C1=CC=C2C(=C1)NC(=N2)/C(=C/C3=CC(=CC=C3)[N+](=O)[O-])/NC(=O)C4=CC=C(C=C4)N
274,142,382.9330985915493,382.3296390473944,6.938893903907228e-18,4.145774647887324,96.14295774647887,3.0,3.535211267605634,5.21830985915493,3866110,C1CCC(CC1)NC(=S)NNC(=O)C2=CC=C(C=C2)OCC3=CC=CC=C3
275,13,609.1692307692308,608.5290689692308,0.0,0.7153846153846155,277.61538461538464,3.307692307692308,14.0,9.846153846153847,9578292,CC(C)(C(=O)[O-])O/N=C(\C1=CSC(=N1)N)/C(=O)N[C@@H]2[C@H]3N(C2=O)C(=C(CS3=O)CSC4=CC=[N+](C=C4)C)C(=O)O
276,1,3219.0,3217.3819439,0.0,-26.4,1880.0,24.0,112.0,56.0,453205,C(C1C2C(C(C(O1)OC3C(OC(C(C3OS(=O)(=O)O)OS(=O)(=O)O)OC4C(OC(C(C4OS(=O)(=O)O)OS(=O)(=O)O)OC5C(OC(C(C5OS(=O)(=O)O)OS(=O)(=O)O)OC6C(OC(C(C6OS(=O)(=O)O)OS(=O)(=O)O)OC7C(OC(C(C7OS(=O)(=O)O)OS(=O)(=O)O)OC8C(OC(C(C8OS(=O)(=O)O)OS(=O)(=O)O)OC9C(OC(O2)C(C9OS(=O)(=O)O)OS(=O)(=O)O)COS(=O)(=O)O)COS(=O)(=O)O)COS(=O)(=O)O)COS(=O)(=O)O)COS(=O)(=O)O)COS(=O)(=O)O)COS(=O)(=O)O)OS(=O)(=O)O)OS(=O)(=O)O)OS(=O)(=O)O
277,118,225.45372881355934,225.1568842864322,6.938893903907228e-18,1.385593220338983,71.98728813559322,3.0,2.008474576271187,3.516949152542373,482072,C1=CC=C(C=C1)CCNC(=O)NC2=CC=NN2
278,45,429.18733333333336,428.31714627711114,0.0,3.128888888888889,79.03333333333333,0.0,4.911111111111111,3.4888888888888885,4458442,COC1=CC=C(C=C1)S(=O)(=O)N=C2C=C(C(=O)C(=C2)Br)Br
279,35,535.1428571428571,534.4437370614286,3.469446951953614e-18,6.042857142857143,174.54285714285714,2.0285714285714285,8.971428571428572,7.942857142857143,1840223,C1=CC(=CC=C1N/C=C(/C#N)\C2=NC(=CS2)C3=CC(=C(C=C3)Cl)Cl)S(=O)(=O)NC4=NC=CS4
280,16,277.1275,276.954159314375,3.469446951953614e-18,0.9812500000000002,69.50625,0.2500000000000002,5.9375,13.374999999999998,62414,C=CC(=O)OCCOCCOCCOC(=O)C=C
281,20,491.27,490.72196859250005,1.0000000000000002,7.77,31.409999999999997,0.25,1.8499999999999996,7.700000000000001,3005563,CCS/C(=C(\C1=CC=CC=C1)/[P+](C2=CC=CC=C2)(C3=CC=CC=C3)C4=CC=CC=C4)/SC
282,33,332.20363636363635,331.8461550860606,3.469446951953614e-18,0.2636363636363641,161.36363636363637,4.0606060606060606,5.7272727272727275,4.424242424242424,199768,CCNC(=O)NC1=CC=C(C=C1)C2=NNC(=N2)S(=O)(=O)N
283,50,247.0056,246.832715352,3.469446951953614e-18,3.35,28.352000000000004,0.039999999999999813,6.72,3.2200000000000006,2782398,C1=CC=C(C=C1)C(=O)OC(=C(F)F)C(F)(F)F
284,50,311.1196,310.9777780422,3.469446951953614e-18,2.5519999999999996,67.89,2.22,8.46,2.3200000000000003,1924732,CC1=CC(=NO1)NC(=O)NC(C)(C(F)(F)F)C(F)(F)F
285,1,1435.9,1434.89241779,0.0,10.3,314.0,4.0,16.0,18.0,6450113,CCC1C(=O)N(CC(=O)N(C(C(=O)NC(C(=O)N(C(C(=O)NC(C(=O)NC(C(=O)N(C(C(=O)N(C(C(=O)N(C(C(=O)OC(C(C(=O)N1)N(C)S(=O)(=O)C2=CC=CC3=C2C=CC=C3N(C)C)C(C)C/C=C\C)C(C)C)C)CC(C)C)C)CC(C)C)C)C)C)CC(C)C)C)C(C)C)CC(C)C)C)C
286,140,461.9442857142857,461.111796313,2.0816681711721685e-17,6.674999999999999,116.52857142857144,2.007142857142857,4.835714285714286,3.250000000000001,1016684,CC1=CC=C(C=C1)N2N=C3C=C(C(=CC3=N2)Cl)NC(=S)NC(=O)C4=CC5=CC=CC=C5O4
287,199,309.6208040201005,309.32149325221104,1.3877787807814457e-17,2.362311557788945,75.43065326633166,2.0,4.266331658291457,4.457286432160804,485139,CCOC1=CC=CC=C1NC(=O)NC2=NC3=C(C=C2)C=NC=C3
288,64,506.46875,505.95572542171874,3.469446951953614e-18,3.23125,154.65625,0.9843749999999998,9.046875,7.53125,3949605,CCS(=O)(=O)NC1=CC=C(C=C1)C2=NN(C(C2)C3=CC=CS3)S(=O)(=O)C4=CC=C(C=C4)OC
289,32,468.66875,468.09907711375,3.469446951953614e-18,5.1000000000000005,74.253125,0.06249999999999978,8.125,7.375,6200412,COC1=CC(=CC(=C1OC)OC)/C=C/C2=NC(=C(O2)N3CCN(CC3)C4=CC(=CC=C4)Cl)C#N
290,74,413.4040540540541,412.9451926656757,6.938893903907228e-18,4.27972972972973,123.44594594594595,4.440892098500626e-16,7.067567567567568,5.6891891891891895,6140656,COC(=O)C1=CC=CC=C1C2=CC=C(O2)/C=C(\C#N)/C3=NC(=CS3)C4=CC=CO4
291,57,556.0964912280701,555.2942781036842,6.938893903907228e-18,5.808771929824562,102.40701754385965,1.456140350877193,9.859649122807017,7.491228070175438,10007627,CN1CC[C@H](C1)OC2=C(C=CC(=C2)NS(=O)(=O)C3=CC(=C(S3)C4=CC=CC=C4OC)Cl)C(F)(F)F
292,134,371.79671641791043,371.42992798507464,1.0408340855860843e-17,2.3507462686567164,113.1044776119403,1.0,7.231343283582089,6.828358208955224,9551569,COC1=CC=C(C=C1)S(=O)(=O)NCCC2=CSC(=N2)C3=CN=CC=C3
293,60,293.1285,292.77950930726666,1.0000000000000002,2.4250000000000003,74.90666666666667,1.0666666666666667,3.033333333333333,3.0166666666666666,4075794,CC1=CC(=[N+](C(=C1)C)CC2=CC=C(C=C2)S(=O)(=O)N)C
294,38,282.7181578947368,282.48049242655264,3.469446951953614e-18,7.215789473684209,28.018421052631595,0.1315789473684208,2.0526315789473686,14.157894736842104,543283,CCCCCCCCCCCC(CC)OC(=O)C=C
295,1,690.8,690.3462605,2.0,-3.1,280.0,10.0,5.0,14.0,454483,CN1C=C(C=C1C(=O)NCCC(=[NH2+])N)NC(=O)C2=CC(=CN2C)NC(=O)NC3=CN(C(=C3)C(=O)NC4=CN(C(=C4)C(=O)NCCC(=[NH2+])N)C)C
296,53,546.2981132075472,545.7226161913208,3.469446951953614e-18,4.179245283018868,136.18867924528303,2.018867924528302,8.39622641509434,11.60377358490566,472701,CC1=CC=C(C=C1)S(=O)(=O)N(C[C@H]([C@H](CC2=CC=CC=C2)NC(=O)O[C@H]3CO[C@@H]4[C@H]3CCO4)O)CC(C)C
297,36,480.7861111111111,480.1091683725,6.938893903907228e-18,5.677777777777777,93.71388888888889,3.8888888888888884,2.6388888888888893,8.472222222222221,4860697,CCC1=C(C(=CC=C1)CC)NC(=O)NC2=CC(=C(N=C2C)C)NC(=O)NC3=C(C=CC=C3CC)CC
298,79,264.11367088607597,263.8204795332912,6.938893903907228e-18,0.8481012658227849,124.64556962025316,1.0,6.240506329113924,2.0379746835443036,5377653,CN1C(=O)NC(=O)C(=N1)/C=C/C2=CC=C(O2)[N+](=O)[O-]
299,26,627.4846153846154,626.6795047938461,0.0,7.303846153846154,99.70769230769231,0.7692307692307692,6.5,12.423076923076923,9645193,CC(C(=O)N/N=C/C1=C(C=CC(=C1)Br)OC(=O)/C=C/C2=CC=CC=C2)OC3=CC=C(C=C3)OCC4=CC=CC=C4
300,12,657.9166666666666,657.1731193758333,3.469446951953614e-18,5.508333333333333,181.75,1.75,11.666666666666666,12.666666666666664,5473469,CCOC1=CC=C(C=C1)N=NC2=CC(=C(C=C2)/C=C/C3=C(C=C(C=C3)N=NC4=CC=C(C=C4)OCC)S(=O)(=O)O)S(=O)(=O)O
301,53,394.63075471698113,394.2837403724528,3.469446951953614e-18,1.5490566037735851,119.80754716981133,3.0377358490566038,5.811320754716981,7.867924528301886,3175683,CCCCNC(=S)N(CCCO)CC1=CC2=CC3=C(C=C2NC1=O)OCO3
302,172,263.76959302325577,263.27218383731395,1.0408340855860843e-17,3.019186046511628,60.43546511627907,2.0,1.9534883720930236,1.8837209302325566,490084,CC1=C(N2C=CC=CC2=N1)NC(=O)NC3=CC=CC=C3
303,4,765.35,764.7864220525,0.0,4.625,217.75,6.250000000000002,7.75,24.75,516725,C[C@H](CCCN(C)CC1=CC=CC=C1)[C@H]2CC[C@@H]3[C@@]2([C@H](C[C@H]4C3[C@@H](CC5[C@@]4(CC[C@H](C5)OCCCN=C(N)N)C)OCCCN=C(N)N)OCCCN=C(N)N)C
304,33,225.460303030303,225.3003354869697,-3.469446951953614e-18,-1.5303030303030307,157.7878787878788,4.0,4.090909090909091,4.3939393939393945,5863200,CCC/C(=N\N=C(N)N)/C(=N\N=C(N)N)/C
305,86,420.4602325581395,419.9092572098837,0.0,2.155813953488372,140.36046511627904,3.0000000000000004,6.3023255813953485,4.941860465116279,1106555,CC1=CC(=NC(=N1)NS(=O)(=O)C2=CC=C(C=C2)NC(=S)NC3=CC=CC=C3)C
306,7,458.64,458.23768991142856,3.469446951953614e-18,1.2142857142857144,309.2857142857143,1.5714285714285714,13.428571428571427,4.142857142857143,321589,C1=C(SC(=C1[N+](=O)[O-])SSC2=C(C=C(S2)S(=O)(=O)N)[N+](=O)[O-])S(=O)(=O)N
307,109,513.4229357798165,512.8112509185321,6.938893903907228e-18,3.820183486238532,115.73302752293577,0.9999999999999998,7.926605504587157,7.311926605504588,2964796,CCS(=O)(=O)NC1=CC=C(C=C1)C2=NN(C(C2)C3=CC(=CC=C3)F)S(=O)(=O)C4=CC=C(C=C4)C
308,13,677.6538461538462,676.6529799707691,0.0,8.569230769230769,103.6076923076923,4.0,3.384615384615385,6.538461538461538,224493,C1=CC(=C(C=C1NC(=O)NC2=C(C=CC(=C2)Cl)OC3=C(C=C(C=C3)Cl)NC(=O)NC4=CC(=C(C=C4)Cl)Cl)Cl)Cl
309,39,415.56,415.04512887589743,3.469446951953614e-18,4.374358974358975,75.07692307692308,0.9487179487179487,9.794871794871796,3.4615384615384617,2739483,C1=CC(=C(C=C1C#N)Cl)S(=O)(=O)NC2=CC(=CC(=C2)C(F)(F)F)C(F)(F)F
310,18,624.9722222222222,624.5884671688889,3.469446951953614e-18,-0.850000000000001,244.6111111111111,8.444444444444445,15.166666666666664,11.222222222222221,5281773,C[C@H]1[C@@H]([C@H]([C@H]([C@@H](O1)OC[C@@H]2[C@H]([C@@H]([C@H]([C@@H](O2)OCCC3=CC(=C(C=C3)O)O)O)O)OC(=O)/C=C/C4=CC(=C(C=C4)O)O)O)O)O
311,79,517.8607594936709,517.1106011962025,3.469446951953614e-18,6.581012658227848,72.39746835443037,2.0126582278481013,3.2405063291139244,8.30379746835443,1727699,C1=CC=C(C=C1)CCNC(=O)/C(=C/C2=CC=C(O2)C3=C(C=C(C=C3)Cl)Cl)/NC(=O)C4=CC=CC=C4
312,48,419.84041666666667,419.35528529541665,3.469446951953614e-18,4.304166666666666,109.54375,2.1458333333333335,8.770833333333334,2.5000000000000004,1508268,C1=CSC(=C1)C(=O)NC(=O)NC2=NC(=CC(=N2)C(F)(F)F)C3=CC=C(C=C3)F
313,50,165.28959999999998,165.17449094027995,1.0000000000000002,0.9020000000000001,30.82599999999998,0.28000000000000025,1.4200000000000004,1.8000000000000003,413436,C[N+]1=CC=C(C=C1)C(=O)OC
314,147,258.9291836734694,258.55743162555785,1.0408340855860843e-17,2.6462585034013606,83.74965986394558,1.0,4.346938775510204,3.034013605442177,738326,C1C[C@@H]2C[C@H]1C[C@H]2NS(=O)(=O)C3=CC=CS3
315,26,327.63192307692304,327.3053878480769,0.0,-0.9038461538461537,181.57692307692307,3.4615384615384617,8.846153846153847,3.269230769230769,3023170,COC1=C(C=CC(=C1)S(=O)(=O)N)N=NC2C(=O)NC(=O)NC2=O
316,144,374.74055555555555,374.1959105479583,1.0408340855860843e-17,3.3881944444444443,59.45902777777778,2.0,3.1111111111111107,5.791666666666667,617859,COC1=CC=C(C=C1)OCCNC(=O)NC2=CC=C(C=C2)Br
317,1,2886.8,2884.0938257,0.0,-6.199999999999999,1200.0,14.0,77.0,56.0,479997,C1=CC=C(C=C1)CO[C@@H]2[C@H](C3[C@H](O[C@@H]2O[C@@H]4[C@H](O[C@@H](C([C@H]4OS(=O)(=O)O)OCC5=CC=CC=C5)OC6[C@H](OC([C@@H]([C@H]6OS(=O)(=O)O)OCC7=CC=CC=C7)OC8[C@H](OC([C@@H]([C@H]8OS(=O)(=O)O)OCC9=CC=CC=C9)OC1[C@H](OC([C@@H]([C@H]1OS(=O)(=O)O)OCC1=CC=CC=C1)OC1[C@H](OC([C@@H]([C@H]1OS(=O)(=O)O)OCC1=CC=CC=C1)OC1[C@H](OC(O3)[C@@H]([C@H]1OS(=O)(=O)O)OCC1=CC=CC=C1)COS(=O)(=O)O)COS(=O)(=O)O)COS(=O)(=O)O)COS(=O)(=O)O)COS(=O)(=O)O)COS(=O)(=O)O)COS(=O)(=O)O)OS(=O)(=O)O
318,46,387.9126086956522,387.32269920608695,3.469446951953614e-18,1.195652173913044,126.32608695652175,3.0869565217391304,6.8478260869565215,2.804347826086957,2904,C1CCC(C1)CC2NC3=CC(=C(C=C3S(=O)(=O)N2)S(=O)(=O)N)Cl
319,220,403.77590909090907,403.279437219,1.3877787807814457e-17,3.128636363636364,85.05909090909091,0.9999999999999996,5.3181818181818175,4.6909090909090905,7635889,COC1=C(C=CC(=C1)NS(=O)(=O)C2=CC3=C(CCCC3)C=C2)N4CCCC4=O
320,67,486.6611940298507,485.7897634795522,3.469446951953614e-18,4.605970149253731,140.71641791044777,3.0,5.701492537313433,4.895522388059701,2956323,C1=CC(=CC=C1NC(=O)NC2=CC=C(C=C2)S(=O)(=O)NC3=CC(=C(C=C3)Cl)Cl)[N+](=O)[O-]
321,1,1800.3,1799.73917,0.0,-5.6,471.0,16.0,32.0,8.0,6409652,C(C1[C@@H]2C(C([C@H](O1)O[C@@H]3C(O[C@@H](C(C3O)O)O[C@@H]4C(O[C@@H](C(C4O)O)O[C@@H]5C(O[C@@H](C(C5O)O)O[C@@H]6C(O[C@@H](C(C6O)O)O[C@@H]7C(O[C@@H](C(C7O)O)O[C@@H]8C(O[C@@H](C(C8O)O)O[C@@H]9C(O[C@H](O2)C(C9O)O)CBr)CBr)CBr)CBr)CBr)CBr)CBr)O)O)Br
322,64,336.49015625,336.06022218046877,3.469446951953614e-18,2.99375,124.625,-4.440892098500626e-16,5.875,2.781250000000001,9567688,CCC1=C(N(/C(=N/S(=O)(=O)C2=CC=CC(=C2)[N+](=O)[O-])/S1)C)C
323,211,318.6962085308057,318.071690249654,1.0408340855860843e-17,4.218957345971564,54.94075829383885,0.9999999999999998,3.0710900473933647,3.5829383886255926,8190539,CC1=CC(=C(C=C1)NS(=O)(=O)/C=C/C2=CC=C(C=C2)Cl)C
324,151,201.1100662251656,200.8134811544702,6.938893903907228e-18,1.5695364238410596,71.84172185430464,2.0,1.8675496688741728,2.642384105960265,2815459,C1CC1CNC(=O)NC2=CC=CS2
325,62,478.2716129032258,477.72298308580645,1.0408340855860843e-17,4.591935483870968,52.606451612903236,6.661338147750939e-16,3.483870967741936,3.983870967741936,5738052,COC1=CC=CC(=C1)N2C(=NC3=C(C2=O)C=C(C=C3)I)/C=C/C4=CN=CC=C4
326,36,641.2944444444445,640.4467284369445,6.938893903907228e-18,6.641666666666667,113.6138888888889,1.3611111111111112,6.166666666666666,8.055555555555555,9549312,C1CC(CCC1CNS(=O)(=O)C2=CC=C(S2)Br)C(=O)N3CCN(CC3)C(C4=CC=CC=C4)C5=CC=C(C=C5)Cl
327,77,448.86753246753244,448.28885012464934,1.0408340855860843e-17,5.893506493506493,59.84675324675325,0.9870129870129871,3.0389610389610393,9.623376623376622,3411260,CCCN1CCCC2=C1C=CC(=C2)CN(CCCOCC)C(=S)NC3=CC(=C(C=C3)C)C
328,258,289.52802325581393,288.91997915350777,1.3877787807814457e-17,3.660077519379845,49.67286821705427,1.9999999999999998,2.155038759689923,2.3798449612403094,2812760,CC1=CC(=CC(=C1)NC(=O)NC2=NC3=CC=CC=C3C=C2)C
329,113,185.75831858407082,185.57234033123893,1.0408340855860843e-17,0.5566371681415929,65.4221238938053,1.9999999999999998,2.1592920353982303,3.345132743362832,1488713,COC1=CC=CC=C1CNC(=O)N
330,153,208.24882352941177,208.02688422480395,1.0408340855860843e-17,1.9732026143790853,52.98431372549019,1.0000000000000002,2.5620915032679745,3.803921568627451,297877,CC1=CC=C(C=C1)S(=O)(=O)NCC=C
331,131,289.4297709923664,289.1295040361069,6.938893903907228e-18,2.543511450381679,102.6763358778626,2.0,4.480916030534351,4.480916030534351,659530,CC(C)C1=NN=C(S1)NC(=O)NC2=CC=C(C=C2)OC
332,145,239.07593103448275,238.68057244999312,6.938893903907228e-18,3.2013793103448274,46.97655172413794,2.0,1.0965517241379308,2.0482758620689645,307459,CC(C)(C)NC(=O)NC1=CC2=CC=CC=C2C=C1
333,148,415.51554054054054,415.0602035627027,6.938893903907228e-18,2.9283783783783783,97.23783783783784,1.0000000000000002,6.263513513513514,6.013513513513513,7483117,C1CN(S(=O)(=O)C1)C2=C(C=CC(=C2)NS(=O)(=O)CCC3=CC=CC=C3)Cl
334,132,211.76886363636365,211.57013019290906,6.938893903907228e-18,1.16969696969697,80.22121212121212,2.0,3.242424242424242,3.242424242424242,7728685,CCNC(=S)N/N=C/C1=CC=CC=N1
335,70,148.25414285714282,148.11047342702858,1.3877787807814457e-17,2.645714285714286,13.069999999999979,-2.220446049250313e-16,1.0285714285714254,1.9571428571428564,550408,CC(=CC1CC(CO1)C=C)C
336,104,296.1043269230769,295.7331071520962,3.469446951953614e-18,3.6153846153846154,88.5576923076923,1.0,4.846153846153847,5.519230769230769,1487922,COC(=O)C1=CC=C(C=C1)N/C=C(\C#N)/C2=CSC=C2
337,3,596.6666666666667,596.2621474666666,3.469446951953614e-18,7.133333333333333,124.0,0.0,10.0,22.0,3105277,CCOC(=O)C(=CC1=CC=C(C=C1)OCCCCCCOC2=CC=C(C=C2)C=C(C(=O)OCC)C(=O)OCC)C(=O)OCC
338,102,344.11696078431373,343.75652441215686,3.469446951953614e-18,2.7029411764705884,140.12745098039215,2.0,6.176470588235294,3.333333333333334,2955994,COC1=C(C=CC(=C1)[N+](=O)[O-])NC(=O)NC2=NC3=C(S2)CCCC3
339,92,299.0983695652174,298.74600170097824,6.938893903907228e-18,2.4891304347826084,98.85326086956522,4.440892098500626e-16,5.25,2.8478260869565224,2133646,CCN1C(=O)CSC1=NS(=O)(=O)C2=CC=C(C=C2)C
340,139,326.37791366906475,325.3976218025467,1.0408340855860843e-17,5.142446043165467,45.65755395683454,2.0,1.064748201438848,2.223021582733812,2928196,CC1=CC=C(C=C1)NC(=O)NC23CC4(CC(C2)(CC(C4)(C3)C)C)C
341,55,283.1227272727273,282.8526056536364,3.469446951953614e-18,0.16727272727272746,87.21636363636364,0.8545454545454545,5.563636363636364,6.363636363636364,3037631,CCN(CC)C(=O)/C(=C(\C)/OP(=O)(OC)OC)/O
342,16,538.2312499999999,537.4359704574999,3.469446951953614e-18,10.975,67.29375,0.625,3.875,20.25,5054561,CCCCCCCCCCCCCCCCCCNS(=O)(=O)C1=CC=CC2=C1C=CC=C2N(C)C
343,5,735.1800000000001,734.74904457,0.0,6.300000000000001,149.0,2.0,19.6,18.2,109281,CCN(CCOC(=O)NC1=CC(=C(C=C1)C)NC(=O)OC(C)COC(=O)C(=C)C)S(=O)(=O)C(C(C(C(C(F)(F)F)(F)F)(F)F)(F)F)(F)F
344,2,823.8499999999999,823.1954994,-1.9999999999999998,5.5,278.5,4.0,18.999999999999996,12.0,5750262,C1COCCN1C2=NC(=NC(=N2)NC3=CC(=C(C=C3)/C=C/C4=C(C=C(C=C4)NC5=NC(=NC(=N5)NC6=CC=CC=C6)N7CCOCC7)S(=O)(=O)[O-])S(=O)(=O)[O-])NC8=CC=CC=C8
345,2,781.25,780.2575440200001,0.0,6.45,185.0,8.0,5.0,5.0,60794,CC1=CNC2=C(C=C3C(=C12)[C@@H](CN3C(=O)C4=CC5=C(N4)C=CC(=C5)NC(=O)NC6=CC7=C(C=C6)NC(=C7)C(=O)N8C[C@H](C9=C1C(=CNC1=C(C=C98)O)C)CCl)CCl)O
346,15,649.3466666666666,648.6283461273333,0.0,2.4000000000000004,202.93333333333334,2.2,12.466666666666665,12.466666666666667,3010217,CC1=NC2=CC=CC=C2C(=O)N1C3=CC=C(C=C3)NC(=S)N[C@H]4[C@@H]([C@H]([C@@H]([C@H](O4)COC(=O)C)OC(=O)C)OC(=O)C)OC(=O)C
347,16,422.884375,422.527792036875,0.0,0.4750000000000001,198.8125,6.125000000000002,8.1875,4.625,3091095,CC1=C2C(=CC=C1)N(C(=C2N=NC(=S)N)O)C3C(C(C(C(O3)CO)O)O)O
348,51,505.1066666666667,504.62064640666665,3.469446951953614e-18,4.243137254901961,121.7627450980392,1.8627450980392157,11.313725490196077,4.294117647058823,2779629,COC1=C(C(=C(C=C1[N+](=O)[O-])Br)OC)C(=O)NC(=O)NC2=C(C(=C(C(=C2F)F)F)F)F
349,134,193.6924626865672,193.48371874149254,1.0408340855860843e-17,1.6686567164179102,38.79328358208954,1.0000000000000002,1.4253731343283569,1.7089552238805972,52532,CN(C)C(=NC1=CC=C(C=C1)Cl)N
350,148,264.2739864864865,263.97035174074324,6.938893903907228e-18,1.512162162162162,100.65743243243243,1.0,5.290540540540541,3.243243243243244,296616,CCNS(=O)(=O)C1=CC(=C(C=C1)Cl)[N+](=O)[O-]
351,148,276.21533783783786,275.8345703686622,6.938893903907228e-18,3.2594594594594595,46.20135135135135,-2.220446049250313e-16,3.3445945945945947,3.486486486486487,4396339,CC(C)N(C(C)C)S(=O)(=O)C1=CC=C(C=C1)Cl
352,28,351.2057142857143,350.95233732785715,3.469446951953614e-18,2.925,86.45,2.107142857142857,4.857142857142857,11.82142857142857,351479,CCOC(=O)C(CC(C)C)NC(=O)NC(CC(C)C)C(=O)OCC
353,16,229.81562499999995,229.6490469530625,2.0,2.2187499999999996,14.337500000000006,0.0625,0.6249999999999996,4.125,4318260,CN(C)C1=CC=[N+](C=C1)CC(=C)[N+]2=CC=CC=C2
354,156,281.1230128205128,280.8406655003205,6.938893903907228e-18,1.5416666666666672,99.53782051282052,2.0,5.410256410256411,2.916666666666667,404202,C1=CC(=CC=C1C=NC2=CC=C(C=C2)S(=O)(=O)N)O
355,3,674.7,674.3521337233334,3.469446951953614e-18,-10.266666666666667,458.66666666666663,15.333333333333332,14.666666666666664,10.666666666666666,482108,C1[C@@H]([C@H]([C@@H]([C@H]([C@@H]1N=C(N)N)O[C@@H]2[C@H]([C@@H]([C@H]([C@@H](O2)CO)O)N=C(N)N)O)O)O[C@@H]3[C@@H](C[C@@H]([C@H](O3)CN=C(N)N)O)N=C(N)N)N=C(N)N
356,1,2354.6,2354.2522798,0.0,-9.0,748.0,21.0,56.0,70.0,4581822,CC(COCC1C2C(C(C(O1)OC3C(OC(C(C3OCC(C)O)OCC(C)O)OC4C(OC(C(C4OCC(C)O)OCC(C)O)OC5C(OC(C(C5OCC(C)O)OCC(C)O)OC6C(OC(C(C6OCC(C)O)OCC(C)O)OC7C(OC(C(C7OCC(C)O)OCC(C)O)OC8C(OC(O2)C(C8OCC(C)O)OCC(C)O)COCC(C)O)COCC(C)O)COCC(C)O)COCC(C)O)COCC(C)O)COCC(C)O)OCC(C)O)OCC(C)O)O
357,7,744.3,743.8746329828571,3.469446951953614e-18,-3.6714285714285704,362.2857142857143,11.714285714285715,9.428571428571429,17.714285714285715,516541,C1=CC=C(C=C1)C[C@H]2C(=O)N[C@H](C(=O)N[C@H](C(=O)N[C@H](C(=O)N[C@H](C(=O)N2)CCCN=C(N)N)CCCN=C(N)N)CCCCN)CCCN=C(N)N
358,107,428.48130841121497,427.8066969195327,6.938893903907228e-18,5.299065420560747,88.00747663551402,1.0,4.990654205607477,3.598130841121496,1105993,CC1=C(C2=C(O1)C3=CC=CC=C3C(=C2)NS(=O)(=O)C4=CC5=CC=CC=C5C=C4)C(=O)C
359,79,127.16821518987334,127.05851884860763,1.0408340855860843e-17,-0.01645569620253262,68.47594936708862,1.0000000000000004,2.632911392405064,0.8987341772151916,2757335,CC(C)(C)S(=O)(=O)N
360,24,436.71666666666664,436.29955722333335,3.469446951953614e-18,8.091666666666667,90.12083333333334,1.9583333333333335,4.25,18.291666666666668,3024759,CCCCCCCCCCCCCCCCOC1=C(C=C(C=C1)S(=O)(=O)NC)N
361,36,386.31388888888887,385.9265400574722,3.469446951953614e-18,7.3583333333333325,28.013888888888893,0.5555555555555556,1.9444444444444442,6.222222222222222,2772125,CCC(=C(C1=CC=C(C=C1)OC)C2=CC=C(C=C2)OC)C3=CNC4=CC=CC=C43
362,62,101.83564516129036,101.75549940258063,1.734723475976807e-17,0.17741935483870952,33.851612903225785,1.0000000000000004,1.3709677419354822,1.2741935483870983,24150,C=CC1CCC(=O)N1
363,107,253.73514018691588,253.3968399020561,3.469446951953614e-18,1.7495327102803737,94.51775700934579,3.0,2.859813084112149,2.0373831775700935,4616056,CC1=CC(=C(C=C1Cl)OC)NC(=S)NN
364,146,381.1945205479452,380.1496687915753,1.3877787807814457e-17,5.152054794520548,82.97397260273972,1.9999999999999998,3.075342465753425,2.7191780821917817,1297175,CC1=CC(=O)OC2=C1C=CC(=C2)NC(=S)NC3=CC=CC=C3C4=CC=CC=C4
365,91,334.4185714285714,334.0313770123077,0.0,0.9626373626373628,99.81538461538462,2.0,5.406593406593407,3.725274725274725,8033628,CC1=CC(=CC2=C1NC(=O)C=C2C)S(=O)(=O)NCC3=CC=CO3
366,4,984.0,983.0164659775,0.0,2.225,447.0,8.5,22.25,14.0,5916249,C1=CC2=C(C=C(C(=C2N=C1)O)CSCC(=O)NC3=CC(=C(C=C3)/C=C/C4=C(C=C(C=C4)NC(=O)CSCC5=CC(=C6C=CC=NC6=C5O)S(=O)(=O)O)S(=O)(=O)O)S(=O)(=O)O)S(=O)(=O)O
367,86,464.6104651162791,463.8766929766279,1.0408340855860843e-17,6.02093023255814,99.52558139534884,1.0000000000000002,5.697674418604651,5.837209302325581,5429583,CCOC1=CC=C(C=C1)S(=O)(=O)/N=C\2/C=C(C(=O)C3=CC=CC=C32)NC4=C(C=C(C=C4)C)C
368,88,399.8127272727273,399.4396818960227,0.0,1.9261363636363638,117.88068181818181,2.0,6.818181818181818,8.136363636363637,1292287,CCS(=O)(=O)NC1=CC=C(C=C1)OC2=CC=C(C=C2)NS(=O)(=O)CC
369,77,435.3485714285714,434.9531843576624,6.938893903907228e-18,4.883116883116884,69.17272727272727,2.0,9.532467532467534,3.1558441558441555,1508269,C1=CC=C(C=C1)C(=O)NC(=O)NC2=CC=C(C=C2)N3C(=CC(=N3)C(F)(F)F)C(F)(F)F
370,4,896.775,896.0491722575,0.0,4.725,351.25,8.0,21.75,10.25,479698,C1=CC2=C(C(=C(C=C2C=C1NC(=O)NC3=CC4=CC(=C(C(=C4C=C3)O)N=NC5=CC(=C(C(=C5F)C(=O)O)F)F)S(=O)(=O)O)S(=O)(=O)O)N=NC6=CC(=C(C(=C6F)C(=O)O)F)F)O
371,197,345.8934517766497,345.07086242952283,1.3877787807814457e-17,4.4106598984771574,67.17918781725888,1.9999999999999998,2.0456852791878175,3.6751269035532994,3838507,CSC1=CC=CC(=C1)NC(=O)NCC2=CC(=C(C=C2)Cl)Cl
372,206,264.2288834951456,263.8752928305631,1.3877787807814457e-17,2.63252427184466,91.52912621359224,2.0,3.1310679611650487,2.29126213592233,4299916,C1CCC(CC1)NC(=O)NC2=CC=C(C=C2)[N+](=O)[O-]
373,99,487.80444444444447,486.95729113171717,6.938893903907228e-18,4.14040404040404,83.77575757575758,0.9999999999999998,4.353535353535354,4.525252525252525,5813290,COC1=CC=CC(=C1)/C(=C\2/C(N(C(=O)C2=O)CC3=C[NH+]=CC=C3)C4=CC=C(C=C4)Br)/[O-]
374,11,783.6981818181819,783.4663744272727,0.0,9.363636363636362,46.136363636363626,0.27272727272727293,28.90909090909091,16.272727272727273,85957,C=CC(=O)OCC(CC(C(C(C(C(C(C(C(C(C(C(C(F)(F)F)(C(F)(F)F)F)(F)F)(F)F)(F)F)(F)F)(F)F)(F)F)(F)F)(F)F)(F)F)(F)F)O
375,142,375.2106338028169,374.8363757390141,3.469446951953614e-18,2.6894366197183097,121.52464788732394,2.0,6.788732394366196,5.922535211267606,1385152,COC1=C(C=C(C=C1)C2=NN=C(S2)NC(=O)NC3=CC=CC=C3OC)OC
376,44,141.69522727272727,141.61092237070451,6.938893903907228e-18,-1.1545454545454539,69.49318181818182,2.0,2.5227272727272725,3.0909090909090913,26500,CN(C)CCN=C(N)N
377,66,171.9118181818182,171.7704394688636,6.938893903907228e-18,0.6454545454545455,58.22575757575757,0.0,3.0303030303030303,1.5909090909090904,4776773,CCN1C=C(C=N1)C=C(C#N)C#N
378,89,408.9696629213483,408.34718621213483,3.469446951953614e-18,5.0651685393258425,114.52921348314607,1.0,6.0,4.078651685393258,5681769,CC1=CC=CC=C1NC2=C/C(=N/S(=O)(=O)C3=CC=CS3)/C4=CC=CC=C4C2=O
379,9,332.08666666666664,331.91746655444445,3.469446951953614e-18,-3.7777777777777772,208.55555555555554,8.0,6.222222222222221,4.888888888888889,253374,C1=C(C(=O)NC(=O)N1)NC(=O)NCCCNC(=O)NC2=CNC(=O)NC2=O
380,104,479.4317307692308,478.6387933617981,1.3877787807814457e-17,6.9192307692307695,51.07115384615384,1.0000000000000004,1.5096153846153828,6.759615384615385,3558272,CC1=CC(=C(C=C1)CN2C=CC=C2CN(CC3=CC=CC=C3)C(=S)NC4=C(C=C(C=C4C)C)C)C
381,92,304.9705434782609,304.6304086367391,0.0,3.225,52.54565217391304,0.9999999999999998,5.880434782608695,3.3478260869565224,7937970,CC(C)NS(=O)(=O)C1=C(C=C(C=C1)Cl)C(F)(F)F
382,104,396.7605769230769,396.3904850178846,6.938893903907228e-18,4.450961538461539,89.30096153846154,0.0,6.115384615384615,6.663461538461538,5712103,COC1=CC=CC=C1C2CCN(CC2)C3=C(C=C(C=C3)/C=C/C(=O)OC)[N+](=O)[O-]
383,23,454.16956521739127,453.8365737053913,1.0,8.613043478260867,39.87391304347826,0.4347826086956519,2.304347826086957,18.26086956521739,9985928,CCCCCCCCCCCCCCOC1=CC=CC=C1CN(CC2=CC=CC=[N+]2C)C(=O)C
384,108,413.5444444444444,412.61828121490737,3.469446951953614e-18,4.996296296296297,99.68981481481481,3.037037037037037,3.351851851851852,3.074074074074075,3005266,CC1=CC(=CC=C1)NC(=S)NNC(=O)C2=CC(=NC3=CC=CC=C32)C4=CC=CC=C4
385,4,717.4750000000001,716.845584235,0.0,16.4,79.625,1.25,4.75,37.5,3034707,CCCCCCCCCCCCCCCCCC1=NCC[N+]1(CCNC(=O)CCCCCCCCCCCCCCCCC)CC(=O)[O-]
386,170,422.9478235294118,422.3561511627059,1.0408340855860843e-17,3.8241176470588236,76.24235294117648,1.0000000000000002,3.9176470588235293,5.294117647058823,7526494,C1CC(=O)N2CCC3=CC(=CC1=C32)S(=O)(=O)NC(C4=CC=CC=C4)C5=CC=CC=C5
387,189,364.040582010582,363.63954091449733,1.3877787807814457e-17,1.9539682539682541,115.59417989417989,0.9999999999999997,6.608465608465609,3.608465608465609,1118418,C1COCCN1C2=CC=C(C=C2)NS(=O)(=O)C3=CC=CC=C3[N+](=O)[O-]
388,247,274.0475708502024,273.49894112816196,1.3877787807814457e-17,3.5643724696356274,45.34655870445347,1.9999999999999998,0.9999999999999973,3.2510121457489882,307284,CC(C1=CC=CC=C1)NC(=O)NC2=CC=CC=C2Cl
389,161,342.32459627329195,341.97087604811804,6.938893903907228e-18,3.1055900621118013,76.47018633540372,2.0,4.316770186335404,6.204968944099378,971659,CCCN1CCC(CC1)NC(=S)NC2=CC(=C(C=C2)OC)OC
390,5,370.582,370.32970245999996,0.0,0.8999999999999999,144.20000000000002,5.200000000000001,3.6,17.8,176719,CC(CCNCCCCCCCCN=C(N)N)C(=O)CCCCN=C(N)N
391,50,293.7138,293.402300903,1.0000000000000002,2.778,42.49399999999999,0.039999999999999813,2.88,4.98,4217553,COC1=CC=C(C=C1)C(=O)C[N+]2=CC=C(C=C2)C3=CC=NC=C3
392,129,419.315503875969,418.5501675636434,6.938893903907228e-18,3.551937984496124,75.78062015503876,2.0,3.310077519379845,5.217054263565892,2211807,C1=CC(=CC=C1CNC(=S)NC2=CN(N=C2)CC3=CC=C(C=C3)Br)F
393,11,449.9581818181818,449.70747663909094,0.0,-5.49090909090909,258.18181818181813,9.636363636363635,10.90909090909091,6.272727272727273,3082949,CC(=O)N[C@@H]1[C@H]([C@@H]([C@H](O[C@H]1NC(=O)N)CO)O[C@H]2[C@H]([C@H]([C@@H]([C@H](O2)CO)O)O)O)O
394,174,376.2591954022989,375.6538814303448,1.3877787807814457e-17,4.88735632183908,122.22988505747126,2.0,4.568965517241379,2.8275862068965516,1139259,COC1=C(C=C(C=C1)C(=O)NC(=S)NC2=NC3=CC=CC=C3S2)Cl
395,100,306.86249999999995,306.53561256675,3.469446951953614e-18,4.342,38.07199999999999,-2.220446049250313e-16,3.1999999999999997,6.46,585841,CC1(C2CCC1(C(C2OC(=O)C=C)OCC3=CC=CC=C3)C)C
396,92,248.70934782608697,248.45951164858698,3.469446951953614e-18,1.0652173913043477,101.14021739130435,3.0,4.173913043478261,2.5760869565217397,3154694,CC1=NC2=C(S1)C=C(C=C2)NC(=O)NCCO
397,149,454.2422818791946,453.3343743496644,1.3877787807814457e-17,5.51744966442953,115.48993288590604,2.0134228187919465,5.046979865771812,3.416107382550336,1492670,C1=CC2=C(N=C1)N=C(O2)C3=CC(=C(C=C3)Cl)NC(=S)NC(=O)C4=CC=C(C=C4)Cl
398,91,330.84725274725275,330.29348432336263,6.938893903907228e-18,4.485714285714286,57.84175824175823,4.440892098500626e-16,4.230769230769231,4.043956043956044,692630,CC1=CC(=O)OC2=C1C=CC(=C2)OC(=O)/C=C/C3=CC=CC=C3Cl
399,61,845.777049180328,845.0296913006557,1.734723475976807e-17,6.732786885245902,195.04918032786878,3.0327868852459003,10.45901639344262,15.590163934426233,5277245,CC(=CC1(CC1)S(=O)(=O)NC(=O)[C@@]2(C[C@@H]2C=C)NC(=O)[C@@H]3C[C@H](CN3C(=O)[C@H](C(C)(C)C)NC(=O)OC(C)(C)C)OC4=CC(=NC5=C4C=CC(=C5)OC)C6=CC=CC=C6)C
400,139,362.0230215827338,361.48324753503596,1.3877787807814457e-17,4.258992805755395,82.0589928057554,1.0000000000000004,3.2446043165467637,5.597122302158273,3529256,CC1=CC(=C(C(=C1)C)NC(=S)N(CCOC)C(C)C2=CC=CS2)C
401,49,232.33897959183673,232.1692642277551,6.938893903907228e-18,-1.6693877551020404,117.38979591836734,2.9591836734693877,4.489795918367347,3.000000000000001,3873319,C1CS(=O)(=O)CC1NC(=S)NCCO
402,148,254.20114864864865,253.66127908581757,6.938893903907228e-18,2.061486486486487,57.93716216216215,1.0,2.9256756756756754,3.02027027027027,793248,CC(C)(C)NS(=O)(=O)C1=CC=CC=C1Cl
403,22,430.50136363636364,429.9492603745455,0.0,-0.8181818181818179,162.72727272727275,3.8636363636363633,9.454545454545453,7.7727272727272725,6443429,C1[C@@H]([C@H](O[C@H]1N2C=C(C(=O)NC2=O)/C=C/C3=CC(=CC=C3)N=[N+]=[N-])COP(=O)(O)O)O
404,67,409.14776119402984,408.7936204607463,3.469446951953614e-18,3.444776119402985,105.25522388059701,0.9850746268656715,6.970149253731343,10.17910447761194,1112660,CCOC(=O)/C(=C/C1=CC(=C(C=C1)OCC(=O)NC2=CC=C(C=C2)OC)OC)/C#N
405,39,517.2538461538461,516.6939610953846,3.469446951953614e-18,4.735897435897436,180.30769230769232,3.871794871794872,7.538461538461538,6.256410256410256,330449,CC1=C(C=C(C=C1)NC(=O)NC2=NC3=C(S2)C=C(C=C3)OC)NC(=O)NC4=NC5=C(S4)C=C(C=C5)OC
406,34,519.114705882353,518.5455859241176,3.469446951953614e-18,2.385294117647059,188.29411764705884,3.5294117647058822,9.5,9.441176470588236,3067424,CCCNC(=O)NS(=O)(=O)C1=CC=C(C=C1)CCNS(=O)(=O)C2=C(C=C(C(=C2)Cl)[N+](=O)[O-])OC
407,187,229.7062032085562,229.42833406688771,6.938893903907228e-18,1.4844919786096258,69.06256684491979,1.0,4.0,3.577540106951872,2318424,CCN(CC)S(=O)(=O)C1=CC=C(C=C1)O
408,41,304.59073170731705,304.3134384602439,3.469446951953614e-18,1.558536585365854,124.24878048780488,4.024390243902439,5.780487804878049,4.634146341463414,1483133,CC1=NC(=NC=C1)N/C=C(\C(=O)NN)/NC(=O)C2=CC=CC=C2
409,150,343.8358,343.320136774,1.0408340855860843e-17,4.128666666666667,105.34599999999999,2.999999999999999,3.253333333333334,2.78,4162567,CC1=C(C(=NN1)NC(=S)NC(=O)C2=CC=CC=C2)C3=CC=CC=C3
410,45,388.92622222222224,388.4928708,0.0,1.3733333333333335,176.8888888888889,3.066666666666667,8.288888888888888,4.688888888888889,5743763,CS(=O)(=O)NS(=O)(=O)C1=CC(=C(C=C1)NC2=CC=C(C=C2)N)[N+](=O)[O-]
411,114,300.82438596491227,300.51183883929826,3.469446951953614e-18,0.44824561403508856,99.1236842105263,0.9999999999999998,5.587719298245614,3.24561403508772,2815198,CC1=CC2=C(C=CC=C2NS(=O)(=O)C3=CN(C=N3)C)N=N1
412,62,341.0764516129032,340.76112316779034,2.0816681711721685e-17,5.238709677419355,75.27903225806452,1.0000000000000007,5.322580645161291,6.370967741935485,5742350,CC(C1=CC=CC=C1)NC2=C(N=C(O2)/C=C/C3=CC(=CC=C3)OC)C#N
413,56,265.7108928571429,265.4880506194643,3.469446951953614e-18,0.47142857142857153,88.45178571428572,2.0,4.0,6.714285714285714,212825,COC1=CC(=CC(=C1OC)OC)CCNC(=O)N
414,60,192.99216666666663,192.8518363779,1.3877787807814457e-17,4.145,25.3166666666667,4.440892098500626e-16,1.8833333333333342,7.883333333333335,162097,CC(C)(C)CCCCCC(=O)OC=C
415,109,399.97733944954126,399.4762463874312,6.938893903907228e-18,3.9633027522935778,82.0137614678899,2.0,7.009174311926605,3.467889908256881,2813512,C1COCCN1C2=CC=CC=C2NC(=S)NC3=CC=C(C=C3)OC(F)(F)F
416,36,434.09166666666664,433.6205277305556,3.469446951953614e-18,2.8194444444444446,174.66666666666669,4.527777777777778,6.444444444444445,4.5,4267015,C1=CC(=CC(=C1)NC(=O)NC2=CC=C(C=C2)[N+](=O)[O-])NC(=O)NC3=CC=C(C=C3)[N+](=O)[O-]
417,1,627.7,627.26661845,-1.0,1.5,183.0,5.0,11.0,7.0,3086253,CC1(C=C(C(N1[O-])(C)C)NC(=O)NNC(=O)[C@@H]2[C@@H](C3=CC4=C(C=C3[C@@H](C2CO)O)OCO4)C5=CC(=C(C(=C5)OC)OC)OC)C
418,93,308.79602150537636,308.20834961529033,6.938893903907228e-18,4.924731182795699,32.39784946236559,0.9999999999999998,1.5161290322580645,2.2903225806451606,5296049,C1=CC=C2C(=C1)C3=C(N2)C(=NC=C3)/C=C\C4=CC=C(C=C4)Cl
419,145,461.5172413793103,460.75009638986205,1.3877787807814457e-17,5.603448275862069,120.69655172413795,2.0,5.682758620689655,5.324137931034483,1138884,CC1=CC=C(C=C1)N2N=C3C=C(C(=CC3=N2)NC(=S)NC(=O)C4=CC(=C(C=C4)OC)OC)C
420,136,168.84139705882362,168.64361181664708,1.0408340855860843e-17,1.1301470588235287,56.013970588235324,2.0,1.2205882352941155,1.367647058823529,8236,C1=CC=C(C(=C1)NC(=O)N)Cl
421,63,704.8015873015872,704.2788721342856,2.0816681711721685e-17,6.320634920634921,157.04761904761904,3.015873015873014,9.333333333333332,13.063492063492063,500675,CC(C)(C)[C@@H](C(=O)N1C[C@@H](C[C@H]1C(=O)NC2(CCC2C=C)C(=O)O)OC3=CC(=NC4=C3C=CC(=C4)OC)C5=CC=CC=C5)NC(=O)OC(C)(C)C
422,1,1724.1,1723.0270666,0.0,3.9,323.0,0.0,35.0,49.0,183342,CCOC[C@@H]1[C@@H]2[C@@H]([C@H]([C@H](O1)O[C@@H]3[C@H](O[C@@H]([C@@H]([C@H]3OCC)OCC)O[C@@H]4[C@H](O[C@@H]([C@@H]([C@H]4OCC)OCC)O[C@@H]5[C@H](O[C@@H]([C@@H]([C@H]5OCC)OCC)O[C@@H]6[C@H](O[C@@H]([C@@H]([C@H]6OCC)OCC)O[C@@H]7[C@H](O[C@@H]([C@@H]([C@H]7OCC)OCC)O[C@@H]8[C@H](O[C@H](O2)[C@@H]([C@H]8OCC)OCC)COCC)COCC)COCC)COCC)COCC)COCC)OCC)OCC
423,9,336.6333333333333,336.416562623,3.469446951953614e-18,7.3,34.18888888888888,0.11111111111111138,2.5555555555555554,18.0,5354568,CCCCCCCC/C=C\CCCCCCCC(=O)OCC1CO1
424,1,1406.9,1405.95372294,0.0,5.7,473.0,20.000000000000004,23.0,11.0,195616,CC1CCCCC(C(C(CCCCCC(=O)OC(C(C(CC(CC(C(C(C(C(C=C(CCC(=C(C(CC=C(CC(C(C(C(CC(=C(C(CC(C1O)C)C)O)C)O[C@@H]2[C@H]([C@H]([C@@H]([C@H](O2)CO)O)O)O)O)C)O)O)C)O)C)O)O)C)O)C)O)O)O)C)C(C)CCCCCCN=C(N)N)O)C)O
425,142,290.7061267605634,290.4990966622535,6.938893903907228e-18,2.574647887323944,60.001408450704226,2.0,5.47887323943662,2.176056338028168,2554270,C1OC2=C(O1)C=C(C=C2)NC(=O)NC3=C(C=C(C=C3)F)F
426,162,357.14493827160493,356.65286013697533,6.938893903907228e-18,2.800617283950617,86.64938271604939,2.0,5.080246913580247,4.592592592592593,3003675,C1=CC(=C(C(=C1)F)C(=O)CCNC(=S)NC2=NC=C(C=C2)Cl)F
427,82,308.9531707317073,308.6627915247561,3.469446951953614e-18,1.0195121951219512,117.33658536585367,0.9999999999999998,6.939024390243902,5.719512195121951,3073787,CC1=CC2=NC=NN2N=C1OCC(C)(C)CCS(=O)(=O)N
428,33,899.9636363636365,899.0813725939395,6.938893903907228e-18,7.078787878787879,229.7575757575757,3.3939393939393936,12.272727272727273,15.757575757575756,5277175,CC(C)(C)[C@@H](C(=O)N1C[C@@H](C[C@H]1C(=O)NC2(CC2C=C)C(=O)NS(=O)(=O)C3=CC=C(C=C3)[N+](=O)[O-])OC4=CC(=NC5=C4C=CC(=C5)OC)C6=CC=CC=C6)NC(=O)OC(C)(C)C
429,8,377.5,377.1775604105,2.0,6.45,13.862499999999997,0.0,0.6249999999999996,13.125,9983962,CC1=C[N+](=CC=C1)CCCCCCCCCCCC[N+]2=CC=CC(=C2)C
430,194,338.89917525773194,338.202912035,1.0408340855860843e-17,3.674226804123711,97.37061855670103,1.0,5.020618556701031,3.2731958762886606,111725,CC1=CC(=C(C=C1)NS(=O)(=O)C2=C(C=CC(=C2)[N+](=O)[O-])Cl)C
431,221,323.50027149321267,323.07909452950224,1.3877787807814457e-17,4.151131221719457,79.71990950226244,2.0,3.194570135746606,4.149321266968325,1791385,CC1=C(C(=CC=C1)NC(=S)NC(=O)CC2=CC=C(C=C2)OC)C
432,213,258.91765258215963,258.6358839134132,1.0408340855860843e-17,2.093896713615024,80.08262910798122,2.0,2.990610328638497,3.63849765258216,4557737,C1=CC=C(C=C1)CCNC(=S)NC2=NC=CC=N2
433,51,295.1521568627451,294.8747602362745,0.0,2.46078431372549,80.14117647058823,3.019607843137255,5.372549019607843,2.431372549019608,3052285,CC1=C(C(=CC=C1)C)NC(=O)NC(=NCC(F)(F)F)N
434,193,364.3031088082902,363.7697928047098,2.0816681711721685e-17,4.566839378238342,61.47979274611398,0.9999999999999998,2.0207253886010332,4.642487046632125,4070113,CC1=CC=C(C=C1)CN(CC2=CN=CC=C2)C(=S)NC3=CC=C(C=C3)C
435,3,568.9666666666667,568.6421310933333,0.9999999999999999,-10.799999999999999,277.99999999999994,8.666666666666666,13.0,20.666666666666664,13811,C1=C(C=[N+](C(=C1CCC(C(=O)O)N)CCCC(C(=O)O)N)CCCCC(C(=O)O)N)CCC(C(=O)O)N
436,168,274.45255952380955,273.81984769857144,1.0408340855860843e-17,3.763095238095238,43.58214285714289,1.9999999999999998,1.0714285714285712,1.9642857142857126,295060,CC1=C(C(=CC=C1)C)NC(=O)NC2=CC(=CC=C2)Cl
437,60,501.06166666666667,500.6166040073333,3.469446951953614e-18,4.765000000000001,107.72166666666666,2.25,6.05,13.5,513406,CC1=CC=C(C=C1)S(=O)(=O)N(CC(C)C)[C@@H](CCCCNC(=O)C2CC2C3=CC=CC=C3)C(=O)O
438,61,323.0949180327869,322.78364237967213,3.469446951953614e-18,1.9016393442622945,104.66065573770491,-2.220446049250313e-16,6.393442622950819,5.229508196721311,3319862,CCN(CC1=CC=NC=C1)S(=O)(=O)C2=CC=C(C=C2)[N+](=O)[O-]
439,73,502.94520547945206,501.95760791164383,6.938893903907228e-18,5.763013698630137,100.28082191780823,2.0136986301369864,6.2465753424657535,5.589041095890411,3623935,C1=CC=C(C=C1)C2C=C(NC3=NC(=NN23)NS(=O)(=O)C4=CC=C(C=C4)Cl)C5=CC=C(C=C5)Cl
440,211,356.4796208530806,355.8786530344076,1.0408340855860843e-17,3.395734597156398,75.36303317535545,1.0000000000000004,5.118483412322275,4.497630331753554,2228164,COC1=NC=C(C=C1)NS(=O)(=O)C2=CC3=C(C=C2)C4=CC=CC=C4C3
441,26,628.0153846153846,627.063086645,0.0,1.5307692307692309,151.65384615384613,3.1923076923076925,8.807692307692307,11.5,3005923,CC1=CN(C(=O)N(C1=O)CCCCN2CCN(CC2)CCNC(=S)NC3=NC=C(C=C3)Br)[C@H]4C=C[C@H](O4)CO
442,12,824.15,823.3928129200001,3.469446951953614e-18,3.7583333333333333,345.0,6.5,17.58333333333333,10.416666666666668,411566,C1=CC(=C(C=C1N=NC2=C3C=C(C=CC3=C(C=C2)N)S(=O)(=O)O)S(=O)(=O)O)C=CC4=C(C=C(C=C4)N=NC5=C6C=C(C=CC6=C(C=C5)N)S(=O)(=O)O)S(=O)(=O)O
443,77,506.29038961038964,505.3963180584416,3.469446951953614e-18,4.4831168831168835,105.08051948051948,2.038961038961039,4.51948051948052,4.220779220779221,996384,CC1=C(C=CC(=C1)I)NC(=S)NC(=O)C2=CC=C(O2)CN3C=C(C=N3)Cl
444,42,358.44142857142856,358.0666798418095,1.0,4.3428571428571425,36.5595238095238,0.0,2.5476190476190474,6.095238095238095,5926123,CC[N+]1=C(C=CC2=CC=CC=C21)/C=C/C3=CC(=C(C=C3)OC(=O)C)OC
445,100,338.1649,337.7586163198,-3.469446951953614e-18,2.777,104.175,0.9999999999999998,5.890000000000001,6.48,3146131,CC1=CC=C(C=C1)S(=O)(=O)NC(C)(C)CSC2=NC=CC=N2
446,7,618.5999999999999,618.0519383142857,0.9999999999999999,4.542857142857143,144.71428571428572,1.7142857142857142,8.0,11.285714285714285,5275636,CC1=CC(=CC(=C1OC(=O)CNC)C)C[N+]2=CN(C=C2)C[C@](C3=C(C=C(C=C3)F)F)([C@@H](C)C4=NC(=CS4)C5=CC=C(C=C5)C#N)O
447,1,1321.3,1320.5681294,0.0,-11.2,530.0,18.0,36.0,24.0,5222467,CC(COCC1C2C(C(C(O1)OC3C(OC(C(C3O)O)OC4C(OC(C(C4O)O)OC5C(OC(C(C5O)O)OC6C(OC(C(C6O)O)OC7C(OC(O2)C(C7O)O)COCC(C)O)COCC(C)O)COCC(C)O)COCC(C)O)COCC(C)O)O)O)O
448,105,457.6257142857143,456.9872531642857,3.469446951953614e-18,4.166666666666667,77.9895238095238,-2.220446049250313e-16,5.390476190476191,6.142857142857143,2278756,CC1=CC=C(C=C1)S(=O)(=O)N(CC(=O)N2CCCCCC2)C3=CC(=C(C=C3)OC)Cl
449,20,376.76,376.4756306435,0.0,-1.7499999999999996,171.25,5.25,8.95,4.85,5273503,CCNC(=O)N(C1=NC=NC2=C1N=CN2[C@H]3[C@]([C@@H]([C@H](O3)CO)O)(C)O)O
450,6,437.8333333333333,437.2961976716666,0.9999999999999999,1.5833333333333335,138.5,2.666666666666667,6.166666666666666,6.833333333333334,2611,C1C(=C(N2C(S1)C(C2=O)NC(=O)CC3=CC=CS3)C(=O)O)C[N+]4=CC=CC=C4
451,45,480.7088888888889,480.0531537511111,0.0,5.875555555555556,92.65333333333334,0.0,5.4222222222222225,5.444444444444445,1284961,C1=CC=C2C=C(C=CC2=C1)S(=O)(=O)N(C3=CC(=CC=C3)F)S(=O)(=O)C4=CC5=CC=CC=C5C=C4
452,15,473.08000000000004,472.58652908999994,0.0,-0.21999999999999975,232.06666666666666,3.8,10.733333333333334,8.466666666666667,5756028,C1=CC(=CC=C1/C=C(\C#N)/C2=NN(C(=C2C#N)N)CCO)/C=C(/C#N)\C3=NN(C(=C3C#N)N)CCO
453,25,405.6,405.3085469608,-3.469446951953614e-18,1.1479999999999997,117.94800000000001,4.0,5.16,11.2,3059183,COC1=C(C=C(C=C1)CCNCC(COC2=CC=C(C=C2)NC(=O)N)O)OC
454,33,521.8939393939394,521.0725830006061,0.0,6.848484848484849,92.69393939393939,4.03030303030303,2.1515151515151514,5.2727272727272725,3942814,CC1=C(C=CC(=C1)C2=CC(=C(C=C2)NC(=O)NC3=CC=C(C=C3)Cl)C)NC(=O)NC4=CC=C(C=C4)Cl
455,113,438.2858407079646,437.75744818690265,6.938893903907228e-18,4.675221238938053,114.58318584070797,2.0,6.11504424778761,7.946902654867257,1385140,CCOC1=CC=C(C=C1)NC(=O)NC2=NN=C(S2)COC3=C(C=CC(=C3)C)C(C)C
456,60,274.7871666666667,274.12719591846667,3.469446951953614e-18,4.886666666666667,13.268333333333345,-2.220446049250313e-16,1.0666666666666673,2.0999999999999996,225917,C1=CC=C(C(=C1)C=CC2=CC=NC3=CC=CC=C23)Cl
457,4,353.49,353.3157137075,1.0,-3.024999999999999,174.25,5.75,9.25,7.0,4476316,CC1=NC=C(C(=C1O)C=[NH+]C(CC(=O)O)C(=O)O)COP(=O)(O)O
458,1,1262.2,1261.443252,0.0,19.2,206.0,4.0,13.0,24.0,489956,CC(C)CCCC(C)[C@H]1CCC2[C@@]1(CCC3C2CC[C@@H]4[C@@]3(CC[C@@H](C4)N(CCCCC=C(C5=CC(=C(C(=C5)Cl)OC)C(=O)O)C6=CC(=C(C(=C6)Cl)OC)C(=O)O)C(=O)C=C(C7=CC(=C(C(=C7)Cl)OC)C(=O)O)C8=CC(=C(C(=C8)Cl)OC)C(=O)O)C)C
459,62,367.7588709677419,367.3564509701613,3.469446951953614e-18,2.914516129032258,101.83548387096774,3.096774193548387,6.64516129032258,3.080645161290323,998418,CC1=CC(=NN1CC(=O)NNC(=S)NC2=CC=C(C=C2)F)C(F)(F)F
460,25,594.1800000000001,593.6285635784,-3.469446951953614e-18,4.096,143.84,1.04,9.560000000000002,14.480000000000002,481286,CC(C)CN(C[C@H](CCN(CC1CCCC1)S(=O)(=O)C2CCC(OC2)OC)O)S(=O)(=O)C3=CC=C(C=C3)OC
461,283,356.226925795053,355.66686890261485,1.3877787807814457e-17,2.5113074204946995,75.23674911660777,1.0,4.180212014134275,3.2296819787985864,7161392,CC1=CC=C(C=C1)NS(=O)(=O)C2=CC3=C4C(=C2)CCC(=O)N4CCC3
462,5,651.04,650.568657564,0.0,14.260000000000002,82.3,4.0,2.0,29.199999999999996,117087,CCCCCCCCCCCCCNC(=O)NC1=CC=C(C=C1)CC2=CC=C(C=C2)NC(=O)NCCCCCCCCCCCCC
463,1,996.8,996.29445268,0.0,-6.799999999999999,283.0,0.0,12.0,0.0,196163,C1N2C3C4N(C2=O)CN5C6C7N(C5=O)CN8C9C2N(C8=O)CN5C8C%10N(C5=O)CN5C%11C%12N(C5=O)CN5C%13C(N1C5=O)N1CN3C(=O)N4CN6C(=O)N7CN9C(=O)N2CN8C(=O)N%10CN%11C(=O)N%12CN%13C1=O
464,58,375.0520689655172,374.73023857017245,3.469446951953614e-18,1.1689655172413795,113.85689655172413,4.1034482758620685,4.155172413793103,5.189655172413793,5330574,CC(C)(C)NCC1=CC(=NN1)NC(=O)NC2=CC=CC3=C2C4CCCN4C3=O
465,41,372.9626829268293,372.46083872512196,3.469446951953614e-18,3.3268292682926828,91.55853658536586,4.0,2.414634146341463,6.951219512195122,614694,CC(C)NC(=O)NC1=CC=C(C=C1)OC2=CC=C(C=C2)NC(=O)NC(C)C
466,215,436.7846511627907,436.0780487352465,1.3877787807814457e-17,5.52046511627907,74.86697674418605,2.0,2.5906976744186045,5.948837209302325,4159364,CC1=CC(=C(C=C1)NC(=S)N(CCC2=C(NC3=C2C=C(C=C3)F)C)CC4=CC=CO4)C
467,128,362.278203125,361.80810703882815,3.469446951953614e-18,3.42578125,77.1453125,0.9999999999999998,7.273437499999999,3.40625,3368165,C1=CC=C2C(=C1)N=C(C(=N2)Cl)NS(=O)(=O)C3=C(C=CC(=C3)F)F
468,2,2689.7,2686.76191475,0.0,-13.799999999999999,1375.0,18.0,83.0,46.5,479998,C1=CC=C(C=C1)CO[C@@H]2[C@H](C3[C@H](OC2OC4[C@H](O[C@@H]([C@@H]([C@H]4O)O)OC5[C@H](OC(C([C@H]5OS(=O)(=O)O)OS(=O)(=O)O)OC6[C@H](OC(C([C@H]6OS(=O)(=O)O)OS(=O)(=O)O)OC7[C@H](OC(C([C@H]7OS(=O)(=O)O)OS(=O)(=O)O)OC8[C@H](OC([C@@H]([C@H]8OS(=O)(=O)O)OCC9=CC=CC=C9)OC1[C@H](OC(O3)[C@@H]([C@H]1OS(=O)(=O)O)OCC1=CC=CC=C1)COS(=O)(=O)O)COS(=O)(=O)O)COS(=O)(=O)O)COS(=O)(=O)O)COS(=O)(=O)O)COS(=O)(=O)O)COS(=O)(=O)O)OS(=O)(=O)O
469,197,315.594923857868,315.04610875983246,1.0408340855860843e-17,3.747208121827411,79.40862944162437,2.0,3.096446700507614,3.0000000000000013,971996,CC1=CC(=NC(=C1)NC(=S)NC2=C(C=CC(=C2)Cl)OC)C
470,12,649.5749999999999,648.6654781691666,3.469446951953614e-18,6.558333333333333,128.66666666666666,0.6666666666666666,13.416666666666664,8.75,2742760,C1=CSC(=C1)C2=NN(C(=C2)NS(=O)(=O)C3=C(C=CC(=C3)OCC(F)(F)F)OCC(F)(F)F)C4=CC=C(C=C4)F
471,119,354.69747899159665,354.13241055927733,3.469446951953614e-18,4.08235294117647,57.78235294117647,-2.220446049250313e-16,4.168067226890757,6.65546218487395,186417,CC(C)C1=CC=C(C=C1)S(=O)(=O)N(CC2CO2)C(C)C3=CC=CC=C3
472,94,259.86468085106384,259.59233222484045,3.469446951953614e-18,1.8723404255319147,64.95851063829787,2.0,2.5106382978723403,6.382978723404255,4772561,COCCCNC(=S)NCC1=CC=CC=C1F
473,130,351.5373846153846,351.1293714604615,3.469446951953614e-18,2.7876923076923075,91.25384615384615,3.0000000000000004,4.323076923076923,4.576923076923077,730079,COC1=CC=CC=C1OCC(=O)NNC(=O)NC2=CC=C(C=C2)Cl
474,34,460.6058823529412,459.9931811642059,0.0,7.338235294117647,36.176470588235304,0.44117647058823506,3.8529411764705883,9.970588235294118,1646689,C1=CC=C(C=C1)OC2=CC=CC(=C2)COC(=O)/C=C/C3=CC=C(C=C3)OCC4=CC=CC=C4Cl
475,4,751.525,750.926255521,0.0,15.424999999999999,25.225,0.5,2.25,12.0,5182244,CCC(=C(C1=CC=C(C=C1)OC)C2=CC=C(C=C2)OC)C3=CN(C4=CC=CC=C43)CN5C=C(C6=CC=CC=C65)C(=C(C7=CC=C(C=C7)OC)C8=CC=C(C=C8)OC)CC
476,112,261.6767857142857,261.2301174581072,6.938893903907228e-18,3.844642857142857,33.71160714285715,0.9999999999999998,1.2946428571428572,2.455357142857143,4216639,CC1=CC(=CC(=C1)NC(=O)N(C)C2CCCCC2)C
477,201,239.19651741293532,238.90670163977614,1.0408340855860843e-17,2.0527363184079603,60.35621890547264,2.0,1.9900497512437818,3.208955223880598,3652330,C1=CC(=C(C=C1Cl)Cl)CONC(=O)N
478,143,388.8464335664336,388.18297763237763,6.938893903907228e-18,3.681118881118881,58.043356643356645,1.0,2.874125874125874,3.965034965034965,5440487,C1COCCN1C(=O)/C(=C\C2=CC=CC3=CC=CC=C32)/NC(=O)C4=CC=CC=C4
479,228,324.471798245614,324.1029405063158,1.0408340855860843e-17,2.9087719298245616,74.43245614035088,1.0,5.12719298245614,5.807017543859649,6465164,CCOC1=CC=C(C=C1)S(=O)(=O)NC2=C(C=C(C=C2)OC)C
480,95,343.5090526315789,342.94577409189475,6.938893903907228e-18,0.9589473684210525,106.44421052631579,3.0105263157894737,5.08421052631579,3.3578947368421055,7253851,C1=CC(=C(C=C1NS(=O)(=O)C2=CNC(=O)NC2=O)Cl)Cl
481,120,368.74558333333334,368.21168372566666,3.469446951953614e-18,3.3833333333333333,61.68666666666667,-4.440892098500626e-16,4.133333333333333,4.466666666666667,1073724,CCN1C2=C3C(=C(C=C2)S(=O)(=O)N(C)C4=CC=CC=C4)C=CC=C3C1=O
482,32,193.8759375,193.70339560053125,1.0000000000000002,0.3374999999999999,62.675,1.46875,2.53125,2.375,9682481,CN(C)C(=O)C[N+]1=CC=CC(=C1)/C=N/O
483,51,369.39372549019606,368.9430865209804,3.469446951953614e-18,3.627450980392157,92.58627450980391,4.0,2.8431372549019605,4.352941176470589,1249571,C1=CC(=C(C=C1CCNC(=S)NC2=C(C=C(C=C2)Cl)Cl)O)O
484,112,454.0464285714286,453.443359731875,3.469446951953614e-18,4.152678571428571,138.08035714285717,1.0,7.160714285714285,4.491071428571429,9567735,CC1=C(S/C(=N\S(=O)(=O)C2=C(C=CC(=C2)Cl)NS(=O)(=O)C)/N1C)C(C)(C)C
485,22,471.58,471.1362586077273,0.0,1.3272727272727272,168.90909090909093,0.7272727272727271,10.31818181818182,5.818181818181818,327693,CC1=NN(C(=O)C1N=NC2=CC=C(C=C2)S(=O)(=O)NC3=NC=CC=N3)C(=O)C4=CC=NC=C4
486,22,394.2590909090909,393.86286454363636,0.0,3.8181818181818183,97.05909090909091,4.090909090909091,2.318181818181818,10.954545454545455,307324,CC1=CC=C(C=C1)CNC(=O)NCCCCCCNC(=O)NCC2=CC=C(C=C2)C
487,7,292.7814285714286,292.5794540157143,2.0,1.2714285714285714,70.62857142857143,2.142857142857143,1.5714285714285716,4.142857142857143,1622096,C[N+]1=CC=C(C=C1)C(=O)NCCNC(=O)C2=CC=[N+](C=C2)C
488,60,235.92000000000002,235.70850080545,1.0000000000000002,2.0533333333333332,46.34833333333332,-4.440892098500626e-16,2.6333333333333333,2.8500000000000005,411245,C1=CC(=C[N+](=C1)CC(=O)C2=CC=C(C=C2)F)C#N
489,136,400.83676470588233,400.1932000138235,6.938893903907228e-18,5.158088235294118,96.2404411764706,2.0,4.080882352941177,4.852941176470588,1315138,CC1=C(C(=NO1)C2=CC=CC=C2Cl)C(=O)NC(=S)NCCC3=CC=CC=C3
490,155,382.8933548387097,382.1608875770968,1.0408340855860843e-17,4.094838709677419,99.38580645161291,2.0,5.109677419354839,3.606451612903226,2895365,COC1=CC=C(C=C1)NC(=O)NC2=NN=C(S2)C34CC5CC(C3)CC(C5)C4
491,28,564.3785714285714,563.6760162328571,3.469446951953614e-18,7.442857142857141,79.93214285714285,1.9642857142857144,4.428571428571429,13.07142857142857,10030425,CCCCCCCN(CCSC1=NC(=C(N1)C2=CC=CC=C2)C3=CC=CC=C3)C(=O)NC4=C(C=C(C=C4)F)F
492,65,289.09999999999997,288.7158271731846,0.0,2.3938461538461535,91.36153846153846,4.015384615384615,2.6307692307692303,2.7846153846153845,3145858,CC1=C(C=C(C=C1)NCC(=O)NNC(=S)NC)Cl
493,65,295.9613846153846,295.6399252009231,0.0,0.8276923076923075,117.99230769230769,3.0307692307692315,6.861538461538462,2.676923076923077,5113424,C1=CC(=CC=C1NC(=O)NCC(F)(F)F)S(=O)(=O)N
494,60,496.9583333333333,496.43083893883335,0.0,3.421666666666667,123.8,0.9999999999999998,7.883333333333333,9.8,4200262,CC1=CC=C(C=C1)S(=O)(=O)N(C)CC(CN(C2=CC=CC=C2OC)S(=O)(=O)C3=CC=CC=C3)O
495,57,232.739298245614,232.50690474350876,3.469446951953614e-18,0.2350877192982459,144.1578947368421,2.0350877192982457,5.719298245614035,1.736842105263157,3757060,C1=CC(=CC=C1C2=NOC(=N2)N=C(N)N)[N+](=O)[O-]
496,5,636.0600000000002,635.300288832,0.9999999999999999,0.020000000000000018,261.6,4.800000000000001,13.600000000000001,10.0,5748832,CC(C)(C(=O)O)O/N=C(/C1=CSC(=N1)N)\C(=O)N[C@H]2[C@@H]3N(C2=O)C(=C(CS3=O)CSC4=CC=[N+](C=C4)C)C(=O)O
497,101,284.6957425742574,284.3788953089109,3.469446951953614e-18,0.9376237623762376,88.58514851485148,2.0,3.405940594059406,2.4257425742574257,3408901,C1C(C=CS1(=O)=O)NC(=O)NC2=CC=C(C=C2)Cl
498,107,371.2733644859813,370.67048733174767,1.0408340855860843e-17,5.021495327102803,45.75140186915888,6.661338147750939e-16,3.327102803738318,4.728971962616822,1264412,CC1=CC=C(C=C1)S(=O)(=O)N(CC2=CC=C(C=C2)Cl)C3=CC=CC=C3
499,56,466.9125,466.47166335339284,6.938893903907228e-18,4.889285714285714,168.25,0.9285714285714284,9.196428571428573,7.553571428571429,1841662,CC1=C(SC(=C1C(=O)OC)N/C=C(/C#N)\C2=NC(=CS2)C3=CC=C(C=C3)OC)C(=O)C
500,2,1283.25,1282.03125855,0.0,1.8,537.9999999999999,12.0,24.0,16.0,5361,CC1=C(C=C(C=C1)C(=O)NC2=C3C(=CC(=CC3=C(C=C2)S(=O)(=O)O)S(=O)(=O)O)S(=O)(=O)O)NC(=O)C4=CC(=CC=C4)NC(=O)NC5=CC=CC(=C5)C(=O)NC6=C(C=CC(=C6)C(=O)NC7=C8C(=CC(=CC8=C(C=C7)S(=O)(=O)O)S(=O)(=O)O)S(=O)(=O)O)C
501,124,146.50935483870975,146.3658007594274,1.0408340855860843e-17,0.0120967741935476,72.30161290322582,1.9999999999999998,2.1693548387096784,1.4758064516129035,3018074,C=CC1CC(C(=O)N1)C(=O)N
502,105,381.23371428571426,380.8879264271429,3.469446951953614e-18,2.24,94.21142857142857,2.0,5.6571428571428575,7.504761904761905,6141736,CC1=CC=C(C=C1)S(=O)(=O)NCC(=O)N/N=C/C2=CC=C(C=C2)N(C)C
503,13,703.1692307692308,702.6885871776924,0.0,6.169230769230769,125.6923076923077,4.153846153846153,6.6923076923076925,16.769230769230774,3009311,C1=CC=C(C=C1)C[C@@H]2[C@@H]([C@H]([C@H](N(C(=O)N2CCCCCNC(=O)C3=CC(=CC=C3)F)CCCCCNC(=O)C4=CC(=CC=C4)F)CC5=CC=CC=C5)O)O
504,175,383.9858857142857,383.5470712270857,1.3877787807814457e-17,1.7377142857142862,94.90228571428571,0.9999999999999997,5.937142857142858,5.331428571428572,7161316,COC1=CC(=C(C=C1)OC)NS(=O)(=O)C2=CC3=C4C(=C2)CCN4C(=O)CC3
505,99,171.65969696969694,171.49679795656562,1.0408340855860843e-17,1.5010101010101011,37.77272727272727,-2.220446049250313e-16,2.8484848484848486,3.9292929292929295,17151,CC(=C)C(=O)OCC1CCCO1
506,113,293.58017699115044,293.3070286228053,3.469446951953614e-18,1.1548672566371683,70.95486725663717,2.0,3.9646017699115044,4.823008849557522,970621,COC1=C(C=C(C=C1)NC(=O)NCC2=CN=CC=C2)OC
507,2,2255.8999999999996,2253.7651743,0.0,-20.4,1280.0,21.0,77.0,35.0,480001,C([C@@H]1[C@@H]2[C@@H]([C@H]([C@H](O1)OC3[C@H](OC([C@@H]([C@H]3OS(=O)(=O)O)O)OC4[C@H](OC([C@@H]([C@H]4OS(=O)(=O)O)O)OC5[C@H](OC([C@@H]([C@H]5OS(=O)(=O)O)O)OC6[C@H](OC([C@@H]([C@H]6OS(=O)(=O)O)O)OC7[C@H](OC([C@@H]([C@H]7OS(=O)(=O)O)O)OC8[C@H](O[C@H](O2)[C@@H]([C@H]8OS(=O)(=O)O)O)COS(=O)(=O)O)COS(=O)(=O)O)COS(=O)(=O)O)COS(=O)(=O)O)COS(=O)(=O)O)COS(=O)(=O)O)O)OS(=O)(=O)O)OS(=O)(=O)O
508,1,2002.2,2000.4088747,0.0,-10.5,972.0,24.0,56.0,40.0,6918585,C(CSC[C@@H]1[C@@H]2[C@@H]([C@H]([C@H](O1)O[C@@H]3[C@H](O[C@@H]([C@@H]([C@H]3O)O)O[C@@H]4[C@H](O[C@@H]([C@@H]([C@H]4O)O)O[C@@H]5[C@H](O[C@@H]([C@@H]([C@H]5O)O)O[C@@H]6[C@H](O[C@@H]([C@@H]([C@H]6O)O)O[C@@H]7[C@H](O[C@@H]([C@@H]([C@H]7O)O)O[C@@H]8[C@H](O[C@@H]([C@@H]([C@H]8O)O)O[C@@H]9[C@H](O[C@H](O2)[C@@H]([C@H]9O)O)CSCCC(=O)O)CSCCC(=O)O)CSCCC(=O)O)CSCCC(=O)O)CSCCC(=O)O)CSCCC(=O)O)CSCCC(=O)O)O)O)C(=O)O
509,179,379.6017877094972,379.06147139726255,6.938893903907228e-18,4.403351955307262,89.0877094972067,2.0,3.9441340782122905,5.4581005586592175,1037898,CC1=CC=C(C=C1)C(=O)N/C(=C/C2=CC=CS2)/C(=O)NC3=CC(=CC=C3)F
510,15,320.418,320.21204215933335,0.0,-1.3733333333333326,150.66666666666669,5.6000000000000005,4.933333333333334,10.933333333333334,448945,COC1=CC(=C(C=C1)OCCN=C(N)N)CNCCCCN=C(N)N
511,59,148.15237288135603,148.04724895615254,1.0408340855860843e-17,-0.9999999999999996,92.04237288135593,1.9999999999999998,3.11864406779661,0.9830508474576294,2760516,C1=CN=C(N=C1)NC(=S)N
512,81,301.0582716049383,300.6212910850988,6.938893903907228e-18,1.7641975308641975,60.12592592592593,0.0,4.777777777777778,2.987654320987655,5267590,CN(C)S(=O)(=O)C1=CN=C(C=C1)N2CCC3=CC=CC=C32
513,94,332.85478723404253,332.5464727706383,0.0,3.124468085106383,75.71489361702127,1.0,4.680851063829787,8.638297872340425,775818,CCOC1=CC(=C(C=C1)OCC)S(=O)(=O)NCC2=CC=CC=C2
514,60,532.685,531.8862022685,3.469446951953614e-18,6.758333333333333,137.86666666666667,2.1333333333333333,6.166666666666668,5.533333333333333,1764468,CC1=C(C=C(C=C1)[N+](=O)[O-])NC(=S)NC(=O)C2=CC(=NC3=CC=CC=C32)C4=CC(=CC=C4)OCC(C)C
515,167,288.05658682634726,287.72127694864673,1.0408340855860843e-17,3.297005988023952,90.9377245508982,2.0,2.9820359281437128,4.059880239520958,5409978,CC1=CC(=C(C=C1)SC2=CC=CC=C2)/C(=N\NC(=O)N)/C
516,147,245.30802721088435,245.015067341034,6.938893903907228e-18,1.3387755102040817,62.99591836734693,2.0,2.612244897959184,2.27891156462585,891603,CN1CCN(CC1)NC(=S)NC2CCCC2
517,63,453.7687301587302,453.1772170825397,0.0,2.8825396825396825,150.03174603174602,2.0,7.3015873015873005,3.9365079365079363,3744207,CC(=O)N1CCN(CC1)C2=CC=C(C=C2)NC(=S)NC(=O)C3=CC(=C(C=C3)OC)[N+](=O)[O-]
518,143,280.71999999999997,280.41277049682515,6.938893903907228e-18,2.802097902097902,51.53566433566433,1.9999999999999998,3.517482517482518,2.5594405594405596,4052261,COC1=CC=C(C=C1)NC(=O)NC2=C(C=CC(=C2)F)F
519,63,425.32222222222225,424.83229863603174,0.0,5.076190476190476,124.22222222222223,3.095238095238095,5.7936507936507935,5.253968253968254,3002892,C1=CC=C(C=C1)NC(=S)NC2=CC=C(C=C2)C3=NN=C(S3)NC4=CC=C(C=C4)F
520,140,338.0462857142857,337.69512786676427,6.938893903907228e-18,1.9685714285714289,81.14142857142858,2.0,4.057142857142857,6.757142857142857,1937464,CC1=CC=C(C=C1)C(=O)N/C(=C/C2=CC=CO2)/C(=O)NCCOC
521,255,286.4287843137255,286.0763255011059,2.0816681711721685e-17,3.2419607843137257,49.762745098039225,2.0,1.9764705882352929,4.301960784313725,6465055,CC1=CC=CC=C1NC(=O)NC(C)C2=CC=C(C=C2)OC
522,9,589.3777777777777,588.9936258466666,3.469446951953614e-18,2.611111111111111,209.66666666666669,6.888888888888891,14.111111111111107,8.777777777777779,5320686,C1=CC(=CC=C1/C=C/C(=O)OC[C@@H]2[C@H]([C@@H]([C@H]([C@@H](O2)OC3=C(OC4=CC(=CC(=C4C3=O)O)O)C5=CC=C(C=C5)O)O)O)O)O
523,93,304.32720430107526,304.00315515935483,3.469446951953614e-18,1.6161290322580641,97.31612903225806,3.0000000000000004,3.7526881720430105,5.795698924731183,2192174,COC1=CC(=C(C=C1NC(=S)NCCCO)OC)Cl
524,69,317.1260869565217,316.6443485606377,3.469446951953614e-18,4.850724637681159,47.263768115942035,2.0,1.3333333333333335,6.463768115942029,773389,CC(=C)C1=CC(=CC=C1)C(C)(C)NC(=O)NCCC2=CC=CC=C2
525,92,280.52315217391305,280.2334073613478,3.469446951953614e-18,3.416304347826087,73.25760869565218,2.0217391304347827,2.4239130434782608,6.445652173913043,9817136,CCC(C1=CC=CC=C1)N=C(NC#N)NC2=CN=CC=C2
526,14,521.7571428571429,521.1954075447857,3.469446951953614e-18,10.378571428571428,77.0,2.142857142857143,3.071428571428571,17.928571428571427,3002049,CCCCCCCCOC1=CC=C(C=C1)NC(=S)NC2=CC=C(C=C2)OCCCCCCCC
527,19,423.4684210526316,423.33235770789474,3.469446951953614e-18,5.5473684210526315,26.45263157894737,4.440892098500626e-16,15.368421052631579,8.157894736842106,3016468,CC(=C)C(=O)OCC(C(C(C(C(C(F)(F)F)(F)F)(F)F)(F)F)(F)F)(F)F
528,41,527.5365853658536,526.7772996909756,3.469446951953614e-18,2.7512195121951217,113.77560975609757,1.048780487804878,8.097560975609756,5.439024390243903,6617064,CCN(C1=CC=CC(=C1)C)S(=O)(=O)C2=CC3=C(C=C2)NC=C(C3=O)C(=O)N4CCC5(CC4)OCCO5
529,43,443.2746511627907,442.72264861581397,1.0408340855860843e-17,5.6465116279069765,50.3186046511628,0.04651162790697683,7.883720930232558,4.069767441860465,6269632,C1CN(CCN1/C=C/C2=NN=NN2C3=CC4=CC=CC=C4C=C3)C5=CC=CC(=C5)C(F)(F)F
530,7,948.0857142857143,947.2861186999999,3.469446951953614e-18,10.342857142857142,191.57142857142856,2.5714285714285716,11.0,19.571428571428573,5277181,CC(C)C1=CC(=C(C(=C1)C(C)C)S(=O)(=O)NC(=O)[C@]2(C[C@H]2C=C)NC(=O)[C@@H]3C[C@H](CN3C(=O)[C@H](C(C)(C)C)NC(=O)OC(C)(C)C)OC4=CC(=NC5=C4C=CC(=C5)OC)C6=CC=CC=C6)C(C)C
531,88,386.5352272727273,385.8393741805227,3.469446951953614e-18,5.234090909090909,71.38863636363637,3.0,1.9090909090909087,5.215909090909091,1287299,C1=CC=C(C=C1)NC2=CC=C(C=C2)NC(=S)NCC3=CC=C(C=C3)Cl
532,1,334.24,334.1058751,2.0,-4.500000000000002,163.0,8.0,7.0,10.0,3071420,C(NC(=O)NC[P+](CO)(CO)CO)[P+](CO)(CO)CO
533,103,371.3956310679612,370.7208649642524,1.0408340855860843e-17,4.714563106796117,72.11844660194174,4.440892098500626e-16,3.9902912621359223,3.0291262135922334,2376159,CC(C)C1=CC=C(C=C1)S(=O)(=O)N=C2C=C(C(=O)C3=CC=CC=C32)Cl
534,157,336.8380891719745,336.39244885942674,3.469446951953614e-18,2.440764331210191,109.33312101910828,2.0,4.923566878980892,3.522292993630573,5224985,CC(C1=CC=CC=C1)NS(=O)(=O)C2=CC3=C(C=C2)NC(=O)S3
535,51,460.98823529411766,460.3566347686275,0.0,4.341176470588235,93.73333333333333,3.0,4.470588235294118,9.901960784313726,9868459,CC[C@@H]([C@H]1C[C@H](CCN1CCCNC(=O)NC2=CC=CC(=C2)C(=O)C)CC3=CC=CC=C3)O
536,33,555.1209090909091,554.8746861393938,1.0408340855860843e-17,5.142424242424243,71.78787878787878,0.8181818181818186,19.515151515151516,10.969696969696969,110002,CN(CCCCO)S(=O)(=O)C(C(C(C(C(C(C(F)(F)F)(F)F)(F)F)(F)F)(F)F)(F)F)(F)F
537,97,231.8832989690722,231.6694556021959,3.469446951953614e-18,0.8030927835051549,74.54536082474226,2.0,3.1134020618556697,4.690721649484536,3052713,COC1=CC=CC(=C1OC)CCNC(=O)N
538,37,153.64243243243243,153.5449864159459,3.469446951953614e-18,-1.7324324324324336,111.33513513513513,4.054054054054054,2.9459459459459456,1.6756756756756745,204,C1(C(=O)NC(=O)N1)NC(=O)N
539,52,247.90365384615382,247.67127500825,1.0000000000000002,1.4903846153846152,59.225,1.2307692307692306,2.519230769230769,4.461538461538462,9556860,CC[N+]1=CC=C(C=C1)C(=O)N/N=C/C2=CC=CO2
540,9,678.7222222222222,678.1966196066667,3.469446951953614e-18,8.155555555555555,107.48888888888888,4.333333333333333,4.444444444444445,13.666666666666666,463518,C[C@@]12CC[C@]3(CC[C@H]([C@@H]3[C@H]1CC[C@H]4[C@]2(CC[C@@H]5[C@@]4(CC[C@@H](C5(C)C)O)C)C)C(=C)CN)C(=O)NCCCCCCCCCCC(=O)O
541,1,354.47,354.26174829,3.0,-1.1,167.0,7.0,2.0,12.0,448944,COC1=CC(=C(C=C1)OCC[NH+]=C(N)N)C[NH2+]CCCC[NH+]=C(N)N
542,83,486.71204819277114,486.1546884501205,3.469446951953614e-18,4.185542168674699,120.80963855421686,2.0,6.518072289156626,8.93975903614458,2208610,CCOC1=CC=CC(=C1)NC(=O)/C(=C\C2=CC(=C(C=C2Br)OCC(=O)O)OC)/C#N
543,19,460.9157894736842,460.41596928210527,0.0,1.2000000000000002,187.31578947368422,4.0,6.842105263157894,6.842105263157895,9910543,C1OC2=C(O1)C=C(C=C2)C(CC(=O)O)NC(=O)C3=CC=C(S3)/C=C/C(=O)N=C(N)N
544,85,408.06470588235294,407.48459289964705,6.938893903907228e-18,4.477647058823529,123.91764705882352,3.0,5.247058823529412,3.152941176470589,6539996,CC1=C(C2=C(N=CN=C2S1)N)C3=CC=C(C=C3)NC(=O)NC4=CC=CC=C4Cl
545,113,338.13309734513274,337.56722848811506,1.0408340855860843e-17,3.8601769911504427,41.60707964601771,0.0,2.761061946902655,2.8938053097345136,5726662,CC1=CC=C(C=C1)N2C(=NC3=CC=CC=C3C2=O)/C=C/C4=CN=CC=C4
546,37,575.2432432432432,574.5712607916216,3.469446951953614e-18,6.643243243243243,116.21621621621621,4.027027027027027,4.324324324324325,8.18918918918919,3486988,CC1=C(C=C(C=C1)NC(=O)NC2=CC=C(C=C2)C(=O)C3=CC=CC=C3)NC(=O)NC4=CC=C(C=C4)C(=O)C5=CC=CC=C5
547,186,299.54806451612905,299.09416076727956,1.0408340855860843e-17,2.8768817204301076,77.61397849462365,2.0,4.10752688172043,2.96236559139785,456656,C1=CC=C2C=C(C=CC2=C1)NS(=O)(=O)C3=CC=C(C=C3)N
548,205,298.7720487804878,298.37766369123904,1.0408340855860843e-17,2.5239024390243903,77.42243902439024,1.9999999999999998,2.84390243902439,4.4487804878048784,1851524,COC1=C(C=C(C=C1)Cl)NC(=S)NCC2=CC=CO2
549,202,423.3831683168317,422.5675981208911,1.734723475976807e-17,4.748514851485148,118.83663366336637,2.0000000000000004,5.425742574257425,5.257425742574258,1335595,CC1=CC=C(C=C1)SCC2=NN=C(S2)NC(=O)NC3=C(C=C(C=C3)Cl)Cl
550,197,321.2343654822335,320.75738306030456,1.0408340855860843e-17,2.8274111675126905,76.92131979695432,1.0,5.187817258883249,3.3959390862944168,700863,CC1=CC(=C(C=C1)NS(=O)(=O)C2=CC3=C(C=C2)OCCO3)C
551,11,576.7636363636364,575.9708126583637,0.0,7.5,50.00909090909091,1.4545454545454546,2.0,3.2727272727272725,6238604,CC1=C(C2=CC=CC=C2N1)/C=C/C3=NC4=C(C=C(C=C4)I)C(=O)N3C5=C(C=C(C=C5)Cl)Cl
552,119,359.0455462184874,358.5155161907731,3.469446951953614e-18,5.0436974789915965,54.09831932773109,0.9999999999999998,3.3361344537815127,5.504201680672269,2916063,CC(CCC1=CC=CC=C1)NS(=O)(=O)C2=C(C=CC(=C2)Cl)Cl
553,57,105.9388596491228,105.87847916010526,1.0408340855860843e-17,-1.4140350877192982,88.82631578947368,3.1052631578947363,2.2456140350877196,0.9649122807017543,3033999,C(NC(=S)N)O
554,138,313.1613768115942,312.73047235536234,1.0408340855860843e-17,3.917391304347826,47.08115942028985,2.0,4.297101449275362,2.2608695652173907,266473,C1=CC(=CC(=C1)Cl)NC(=O)NC2=CC=C(C=C2)C(F)(F)F
555,5,483.82000000000005,483.412153782,0.9999999999999999,7.24,85.53999999999999,-2.220446049250313e-16,4.4,8.4,1595686,CC1=CC(=CC(=C1SCCC2=CC=CC=[N+]2CC(=O)C3=CC=C(C=C3)[N+](=O)[O-])C)C(C)(C)C
556,98,235.25989795918366,235.01291756224492,6.938893903907228e-18,0.39285714285714324,86.91428571428571,0.9999999999999998,5.122448979591836,4.285714285714286,5267750,CCN(CC)S(=O)(=O)C1=CN=C(C=C1)N
557,126,434.0270634920635,433.4440667744445,6.938893903907228e-18,3.007936507936508,83.39761904761905,1.0,5.055555555555555,6.277777777777778,1459398,CC1=CC2=C(C=C1)N3C(=NN=N3)C(=C2)CN(CC4=CN=CC=C4)C(=O)NCC5=CC=CC=C5
558,45,569.808888888889,568.738855206889,0.0,5.557777777777778,105.06888888888889,3.0666666666666664,7.355555555555556,7.933333333333334,5328158,CN1CCN(CC1)CCCNC2=NC3=NC(=C(C=C3C=N2)C4=C(C=CC=C4Cl)Cl)NC(=O)NC5CCCCC5
559,24,596.6999999999999,596.2033542224999,3.469446951953614e-18,4.275,159.33333333333331,4.583333333333334,7.625,7.458333333333334,5480978,CCC1=C(C2=CC3=C(C(=C(N3)C=C4C(=C(C(=N4)C(=C5C(=C(C(=N5)C=C1N2)C)C(=O)O)CC(=O)O)CCC(=O)O)C)C)C=C)C
560,84,242.25190476190477,242.03469279460717,6.938893903907228e-18,-0.046428571428571264,87.10952380952381,2.0,3.297619047619048,2.5000000000000004,2831179,CC(C)NC(=O)NC1(CCS(=O)(=O)C1)C
561,109,362.3348623853211,361.9219739838532,6.938893903907228e-18,4.2568807339449535,92.89724770642202,2.0,4.055045871559633,7.5045871559633035,51245,CCCC1=NC2=CC=CC=C2C(=C1)NC(=NC(C)(C)C)NC3=NC=CS3
562,2,1010.5,1009.694810385,0.0,23.5,60.7,0.0,5.0,39.0,639993,CCCCCCCCOC1=CC(=C(C=C1/C=C/C2=CC=CC=C2)OCCCCCCC)/C=C(\C#N)/C3=CC=C(C=C3)/C(=C/C4=C(C=C(C(=C4)OCCCCCCCC)/C=C/C5=CC=CC=C5)OCCCCCCCC)/C#N
563,21,421.9047619047619,421.55911218538097,0.0,9.523809523809522,8.533333333333346,0.09523809523809534,0.6190476190476191,4.666666666666667,6442034,CC1=CC(=C(C=C1)C)/C=C/C2=CC=C(C=C2)C3=CC=C(C=C3)/C=C/C4=C(C=CC(=C4)C)C
564,123,427.03634146341466,426.4707387778862,3.469446951953614e-18,2.678861788617886,121.6178861788618,2.0,5.886178861788618,4.40650406504065,1791505,CC1=CC(=CC=C1)C(=O)NC(=S)NC2=CC=C(C=C2)S(=O)(=O)N3CCN(CC3)C
565,255,391.6150980392157,391.01191046211767,1.3877787807814457e-17,3.191372549019608,72.81333333333333,1.0,4.031372549019609,4.0509803921568635,1770702,C1CCN(CC1)C(=O)/C(=C/C2=CC=CO2)/NC(=O)C3=CC=C(O3)Br
566,58,345.3503448275862,345.1078336018966,1.3877787807814457e-17,3.922413793103448,84.03620689655172,1.0000000000000004,6.655172413793103,8.17241379310345,6200439,COC1=CC(=CC(=C1OC)OC)/C=C/C2=NC(=C(O2)NCC=C)C#N
567,145,249.07758620689657,248.5443039970345,1.3877787807814457e-17,2.5951724137931036,42.34344827586209,2.0,1.0689655172413768,3.10344827586207,4114766,C=CCNC(=O)NC1=C(C(=CC=C1)Cl)Cl
568,156,250.96403846153845,250.61016908364743,6.938893903907228e-18,2.2384615384615385,49.918589743589756,2.0,1.9679487179487185,4.378205128205128,3486451,CCC1=CC=C(C=C1)NC(=O)NCC2CCCO2
569,11,503.28181818181815,502.7149585990909,0.0,11.554545454545453,23.836363636363636,0.09090909090909105,2.3636363636363638,16.81818181818182,106792,CCCCCC(=CC1=CC=CC=C1)C(OC(C)(CCC=C(C)C)C=C)OC(C)(CCC=C(C)C)C=C
570,51,478.3058823529412,477.7071433815686,1.0408340855860843e-17,6.531372549019608,132.9607843137255,1.0196078431372548,7.411764705882352,7.843137254901961,2043559,CCOC(=O)C1=C(SC(=C1C)C)N/C=C(/C#N)\C2=NC(=CS2)C3=C(C=C(C=C3)Cl)Cl
571,15,598.24,597.79389804,0.0,3.913333333333333,148.53333333333333,4.0,7.333333333333334,18.46666666666667,5327237,COC(=O)NCCCCCN1[C@@H]([C@@H]([C@H]([C@H](N(C1=O)CCCCCNC(=O)OC)CC2=CC=CC=C2)O)O)CC3=CC=CC=C3
572,48,442.2089583333333,441.6083337197917,3.469446951953614e-18,4.002083333333333,162.60416666666666,3.0208333333333335,7.708333333333332,4.625,4917738,COC1=CC(=CC(=C1OC)OC)C(=O)NC(=S)NC2=C(C(=CC(=C2)[N+](=O)[O-])Cl)O
573,98,410.13367346938776,409.56925476183676,6.938893903907228e-18,3.858163265306122,100.51020408163265,3.0,4.275510204081633,7.051020408163265,7647341,CC1=CC2=C(C=C1)NC=C2CCNC(=S)NC3=CC(=C(C(=C3)OC)OC)OC
574,148,362.74405405405406,362.17181136331084,6.938893903907228e-18,3.495945945945946,130.35135135135135,2.0,5.405405405405406,2.6756756756756763,561401,CC1=CC=C(C=C1)S(=O)(=O)NC(=O)NC2=C(C=C(C=C2)[N+](=O)[O-])Cl
575,103,520.1009708737863,519.0760831936893,1.3877787807814457e-17,5.662135922330097,81.76504854368932,1.0,4.194174757281553,6.514563106796117,5792228,CC1=C(C=CC(=C1)/C(=C\2/C(N(C(=O)C2=O)CC3=C[NH+]=CC=C3)C4=CC(=CC=C4)Br)/[O-])OC(C)C
576,107,511.88317757009344,510.4379757441121,1.3877787807814457e-17,7.284112149532711,94.26728971962618,2.009345794392523,3.392523364485982,4.05607476635514,4244020,CC1=CC(=CC=C1)NC(=S)N=NC2=C(N(C3=C2C=C(C=C3)Br)CC4=CC=CC=C4Cl)O
577,39,475.3179487179487,474.90925875923074,3.469446951953614e-18,4.5948717948717945,142.97435897435895,2.282051282051282,9.179487179487179,9.666666666666668,1405633,COC1=C(C=C(C=C1)CCNC2=NC3=CC=CC=C3N=C2NS(=O)(=O)C4=CC=CS4)OC
578,132,206.99416666666664,206.62351770734847,1.0408340855860843e-17,2.090909090909091,49.09621212121214,2.0,1.1363636363636358,1.6136363636363629,729273,C1C2CC3CC1CC(C2)(C3)CNC(=O)N
579,56,375.8878571428572,375.4682378369643,3.469446951953614e-18,5.005357142857143,84.05357142857143,2.071428571428571,3.553571428571429,9.785714285714285,5806239,CCCCN(CC)C1=CC=C(C=C1)/C=N\NC(=S)NC2=CC(=CC=C2)OC
580,122,308.1522950819672,307.7752266011967,6.938893903907228e-18,3.3131147540983608,62.77459016393443,-2.220446049250313e-16,4.262295081967213,4.368852459016393,6256686,CC(=O)OC1=CC=CC=C1/C=C/C2=NC(=O)C3=CC=CC=C3O2
581,3,797.3000000000001,796.8366952566666,3.469446951953614e-18,-5.133333333333333,384.3333333333333,9.333333333333334,20.333333333333332,22.666666666666664,9543026,CC(C)(COP(=O)(O)OP(=O)(O)OC[C@@H]1[C@H]([C@H]([C@@H](O1)N2C=NC3=C(N=CN=C32)N)O)OP(=O)(O)O)[C@H](C(=O)NCCC(=O)NCCSC(=O)C=C)O
582,128,260.45484375,260.1125175544531,6.938893903907228e-18,1.6789062500000003,114.5703125,2.0,3.921875,2.2578124999999996,5714157,C/C(=N/NC(=S)NC)/C1=CC(=CC=C1)[N+](=O)[O-]
583,42,530.8904761904762,530.3089772821429,3.469446951953614e-18,3.802380952380952,106.90714285714286,-2.220446049250313e-16,8.047619047619047,7.8809523809523805,6277143,CC1=CC=C(C=C1)S(=O)(=O)/N=C(/CN2CCOCC2)\N3CCN(C3C(C)C)S(=O)(=O)C4=CC=C(C=C4)C
584,136,370.3441176470588,369.67199170838234,6.938893903907228e-18,4.612500000000001,68.54411764705883,2.0,5.536764705882353,2.536764705882353,4614058,COC1=C(C=C(C=C1)C(F)(F)F)NC(=S)NC2=CC(=C(C=C2)F)Cl
585,59,249.03813559322035,248.81703554433898,3.469446951953614e-18,0.9254237288135596,99.7864406779661,4.016949152542374,2.847457627118644,2.898305084745763,3509408,C=CCNC(=S)NNC(=O)C1=CC(=CC=C1)O
586,19,459.5842105263158,459.3831363557895,0.0,4.536842105263158,56.77368421052632,0.9999999999999998,16.421052631578945,8.578947368421051,105437,C=CCNS(=O)(=O)C(C(C(C(C(C(F)(F)F)(F)F)(F)F)(F)F)(F)F)(F)F
587,94,237.6981914893617,237.4498555099894,6.938893903907228e-18,2.7297872340425533,54.27340425531915,0.9999999999999997,2.925531914893617,6.085106382978723,2442127,CCCCNS(=O)(=O)/C=C/C1=CC=CC=C1
588,16,612.018125,611.83696186875,3.469446951953614e-18,8.143749999999999,30.593749999999986,0.18750000000000022,22.3125,12.75,2776421,CC(=C)C(=O)OCC(C(C(C(C(C(C(C(C(C(F)F)(F)F)(F)F)(F)F)(F)F)(F)F)(F)F)(F)F)(F)F)(F)F
589,63,387.89761904761906,387.49613405412697,3.469446951953614e-18,3.0285714285714285,117.77142857142857,2.0,7.920634920634921,3.7301587301587302,5739676,C1=CC(=CC(=C1)C(F)(F)F)C2=CC=C(O2)/C=C\C3=C(C(=O)NC(=O)N3)[N+](=O)[O-]
590,115,407.0408695652174,406.25043943953045,1.0408340855860843e-17,5.270434782608696,50.126956521739125,1.0000000000000004,1.7739130434782613,4.895652173913043,3090258,C1=CC=C(C=C1)C(=O)NC(=C(Cl)Cl)P(=O)(C2=CC=CC=C2)C3=CC=CC=C3
591,60,150.30400000000006,150.17167096499998,1.0408340855860843e-17,-0.16500000000000092,79.25166666666667,2.999999999999999,2.0500000000000003,1.4333333333333331,5193826,C1=CC=C(C(=C1)N)NC(=O)N
592,43,164.71232558139536,164.5668016351395,6.938893903907228e-18,1.4441860465116279,43.860465116279066,0.9999999999999998,2.395348837209303,4.976744186046512,4346656,CCC(COC(=O)C(=C)C)O
593,79,457.2088607594937,456.7670105093671,3.469446951953614e-18,4.770886075949367,103.63544303797468,0.9999999999999997,6.6835443037974684,11.075949367088608,1122984,CCOC(=O)/C(=C/C1=CC(=C(C=C1)OCC(=O)NC2=CC=C(C=C2)OC3=CC=CC=C3)OC)/C#N
594,100,345.32759999999996,344.70369396917,6.938893903907228e-18,5.502,24.026000000000018,0.0,1.8700000000000006,5.0,6266447,COC1=CC=C(C=C1)/C=C/C2=NC3=CC=CC=C3N2CC4=CC=CC=C4
595,29,227.73241379310343,227.53711630041377,3.469446951953614e-18,0.9931034482758623,77.18275862068965,3.0,2.1724137931034484,6.758620689655173,3035524,C1=CC=C(C=C1)NC(=S)NCCCCCN
596,74,429.77702702702703,429.1939033662162,-3.469446951953614e-18,2.3621621621621625,83.5445945945946,-2.220446049250313e-16,6.148648648648649,6.810810810810811,1251679,COC1=C(C=C(C=C1)S(=O)(=O)N(CC2=CC=CC=C2)CC(=O)N3CCOCC3)Cl
597,2,1234.6,1233.77100756,0.0,0.6000000000000001,453.0,19.0,22.0,9.0,5747935,C[C@H]1CCC=C(C(=O)O[C@@H](CC=C[C@H](C[C@@H](C[C@H]([C@@H]([C@@H]([C@H]([C@H](C[C@H](C[C@@H](C[C@H]([C@@H](C=C([C@@H]([C@H](C=C[C@@H]([C@H](C=CCC[C@@H]([C@@H]([C@@H]1O)C)O)C)O)C)O)C)O[C@@H]2[C@H]([C@H]([C@@H]([C@H](O2)CO)O)O)O)O)C)O)O)C)O)O)O)O)O)[C@H](C)[C@@H](CCCN=C(N)N)O)C
598,1,1621.4,1620.5282342,0.0,-21.5,792.0,30.0,50.0,10.0,177974,C([C@@H]1[C@@H]2[C@@H]([C@H]([C@H](O1)O[C@@H]3[C@H](O[C@@H]([C@@H]([C@H]3O)O)O[C@@H]4[C@H](O[C@@H]([C@@H]([C@H]4O)O)O[C@@H]5[C@H](O[C@@H]([C@@H]([C@H]5O)O)O[C@@H]6[C@H](O[C@@H]([C@@H]([C@H]6O)O)O[C@@H]7[C@H](O[C@@H]([C@@H]([C@H]7O)O)O[C@@H]8[C@H](O[C@@H]([C@@H]([C@H]8O)O)O[C@@H]9[C@H](O[C@@H]([C@@H]([C@H]9O)O)O[C@@H]1[C@H](O[C@@H]([C@@H]([C@H]1O)O)O[C@@H]1[C@H](O[C@H](O2)[C@@H]([C@H]1O)O)CO)CO)CO)CO)CO)CO)CO)CO)CO)O)O)O
599,69,259.25260869565216,259.0141053395652,6.938893903907228e-18,0.2652173913043474,126.02898550724638,2.0,6.246376811594203,3.9855072463768115,5341821,C1=COC(=C1)/C=C(\C#N)/C2=NN(C(=C2C#N)N)CCO
600,199,301.09934673366837,300.66705643839197,1.3877787807814457e-17,2.7130653266331657,101.1854271356784,1.0,5.155778894472363,3.125628140703518,3641991,CC1CCC(CC1)NS(=O)(=O)C2=CC=C(C=C2)[N+](=O)[O-]
601,106,336.0188679245283,335.3426508401321,3.469446951953614e-18,5.25,47.37924528301888,2.0,1.1320754716981134,4.283018867924528,5009901,CC(C)C1=C(C(=CC=C1)C(C)C)NC(=O)NC2CC3=CC=CC=C3C2
602,159,331.0369182389937,330.54905804421384,6.938893903907228e-18,3.0999999999999996,110.1685534591195,1.0,6.062893081761006,3.4276729559748427,822462,C1=CC=C2C(=C1)N=C(S2)NS(=O)(=O)C3=CN=C(C=C3)Cl
603,94,416.5390425531915,415.8152347494362,1.3877787807814457e-17,5.064893617021276,37.75425531914893,-8.881784197001252e-16,2.4148936170212765,3.425531914893617,5923648,CN1C=C(C2=CC=CC=C21)/C=C/C3=NC4=CC=CC=C4C(=O)N3C5=CC=C(C=C5)Cl
604,216,312.1421759259259,311.4838558257871,1.3877787807814457e-17,4.594907407407407,71.38009259259259,2.0,2.208333333333331,2.222222222222224,935031,C1CCC(C1)C(=O)NC(=S)NC2=C(C=C(C=C2)Cl)Cl
605,27,393.6222222222222,393.0357235792963,1.0,5.007407407407407,43.06666666666666,1.0,2.074074074074074,5.2592592592592595,3104431,C1C2=CC=CC=C2C3=C1C=C(C=C3)C(=O)C[N+]4=CC=CC(=C4)NC(=O)C5=CC=CC=C5
606,67,165.92552238805968,165.72854227638803,1.0408340855860843e-17,2.3611940298507466,49.02835820895523,4.440892098500626e-16,2.3731343283582094,1.119402985074628,3034782,CC1=CC(=[N+](C=C1)CC(=O)[O-])C
607,48,499.93125,499.144131254375,3.469446951953614e-18,5.885416666666666,126.58333333333331,0.04166666666666652,6.666666666666667,4.270833333333333,6090322,CCN\1C(=O)/C(=C\C=C/2\C(C3=CC=CC=C3N2C)(C)C)/S/C1=N/S(=O)(=O)C4=CC=C(S4)Cl
608,41,483.52682926829266,482.9999426314634,3.469446951953614e-18,3.7536585365853656,132.2439024390244,-2.220446049250313e-16,8.195121951219512,6.878048780487805,1430973,CCN(CC)S(=O)(=O)C1=CC=C(C=C1)S(=O)(=O)N2CCC(CC2)C3=NC4=CC=CC=C4S3
609,205,388.686487804878,388.0855919207317,1.3877787807814457e-17,2.4570731707317073,99.08390243902438,0.9999999999999996,5.775609756097562,3.6097560975609753,7482696,C1CN(S(=O)(=O)C1)C2=CC=C(C=C2)NS(=O)(=O)C3=CC=C(C=C3)Cl
610,9,769.5111111111112,768.95800648,3.469446951953614e-18,7.122222222222222,175.55555555555557,5.888888888888889,8.666666666666666,18.555555555555557,10101783,CCCCC1=NC2=C(N1CCCCNC(=O)NC3=CC(=CC=C3)NC(=O)NCCCCN4C(=NC5=C4C6=CC=CC=C6N=C5N)CCCC)C7=CC=CC=C7N=C2N
611,162,297.27024691358025,296.7553036064877,6.938893903907228e-18,3.7339506172839507,54.81111111111111,1.0,3.0432098765432096,2.660493827160494,295192,CC1=CC(=C(C=C1)C)NS(=O)(=O)C2=CC=C(C=C2)Cl
612,20,548.59,547.9890588255,0.0,1.31,245.60000000000002,3.5,11.85,7.35,9589109,CN[N+]1=CC=C(C=C1)SCC2=C(N3[C@H]([C@H](C3=O)NC(=O)/C(=N/OC)/C4=CSC(=N4)N)SC2)C(=O)[O-]
613,109,443.96238532110095,443.49813550065136,6.938893903907228e-18,5.236697247706422,69.90275229357798,2.036697247706422,2.7798165137614683,8.761467889908257,5327232,CCCCN1[C@@H]([C@@H]([C@H]([C@H](N(C1=O)CC=C(C)C)CC2=CC=CC=C2)O)O)CC3=CC=CC=C3
614,93,386.64301075268816,386.1304167546989,6.938893903907228e-18,5.861290322580645,54.26451612903225,2.0,1.516129032258065,6.086021505376344,1336020,C1=CC=C(C=C1)C(CCNC(=S)NC2=CC(=CC=C2)Cl)C3=CC=CC=C3
615,92,129.1373913043478,128.98402378425007,2.0816681711721685e-17,1.6913043478260863,23.783695652173932,-1.3322676295501878e-15,1.782608695652172,3.4891304347826093,15458,CC(C)(C)OC(=O)C=C
616,33,579.3939393939395,578.8526525506061,0.0,3.406060606060606,132.9030303030303,0.606060606060606,9.93939393939394,10.303030303030305,6240989,CCCOC1=CC=C(C=C1)C2/C(=C(/C3=CC=C(C=C3)S(=O)(=O)N(C)C)\O)/C(=O)C(=O)N2CCCN4CCOCC4
617,46,561.6434782608696,560.9725998463043,3.469446951953614e-18,5.608695652173913,93.9804347826087,2.0,5.630434782608695,10.26086956521739,9829055,CC(C)C(CN1CCC(CC1)C(=O)C2=CC(=C(C=C2)Cl)Cl)NC(=O)NC3=CC(=C(C(=C3)OC)OC)OC
618,14,746.1857142857142,745.63708403,3.469446951953614e-18,4.25,189.5,3.9285714285714284,10.928571428571427,19.71428571428571,480700,CCCN=C(NCCCC(C)(C)CN(C[C@H]([C@H](CC1=CC=CC=C1)NC(=O)O[C@H]2CO[C@@H]3[C@H]2CCO3)O)S(=O)(=O)C4=CC5=C(C=C4)OCO5)NC#N
619,115,354.673652173913,354.27627752113045,-3.469446951953614e-18,2.402608695652174,113.90260869565218,3.0086956521739134,5.0,4.817391304347826,3036061,CCC(C)(C)NC(=N[C@@H]1[C@H](C(OC2=C1C=C(C=C2)C#N)(C)C)O)NC#N
620,224,315.8466964285714,315.3639745015,1.3877787807814457e-17,3.2540178571428573,96.88303571428571,2.0,4.066964285714286,2.714285714285715,808847,CC1=CC=CC=C1C2=NN=C(S2)NC(=O)NC3=CC=CC=C3
621,2,815.3499999999999,814.597765255,0.0,19.450000000000003,146.0,4.0,4.0,36.0,3991451,CCCCCCCCCCCCCCCCCCNC(=S)NC1=CC=C(C=C1)S(=O)(=O)C2=CC=C(C=C2)NC(=S)NCCCCCCCCCCCCCCCCCC
622,9,545.6333333333333,544.9101942622223,1.0,7.4,92.34444444444445,1.222222222222222,4.555555555555555,5.333333333333333,3009188,CC1=CC(=CC(=[N+]1C2=CC(=CC=C2)S(=O)(=O)NC3=CC4=C(C=C3)OC5=CC=CC=C5S4)C)C6=CC=CC=C6
623,145,439.01862068965517,438.2951226342069,1.0408340855860843e-17,5.058620689655172,94.29034482758621,2.0,5.924137931034483,5.172413793103448,6319891,CC1=CC(=CC(=C1NC2=NC(=NC=C2)NC3=CC=C(C=C3)C#N)Br)C=C(C)C#N
624,45,358.3828888888889,358.03320626022224,0.0,0.3533333333333335,104.50666666666667,0.0,7.2,4.0,976855,CC1=CC=C(C=C1)S(=O)(=O)N2CCN(CC2)S(=O)(=O)N(C)C
625,2,773.05,772.4177401249999,0.0,12.8,151.0,3.5,8.5,27.0,3086291,CCCCCCCCCCCCOC1=CC=C(C=C1)S(=O)(=O)NC2=CC(=C(C=C2)O)NS(=O)(=O)C3=CC=C(C=C3)OCCCCCCCCCCCC
626,23,367.19565217391306,366.783815564087,0.0,7.317391304347826,24.84782608695653,4.440892098500626e-16,2.0869565217391304,9.826086956521738,5845767,CCCCCCCCN1C2=CC=CC=C2N=C1/C=C/C3=CC=C(C=C3)OC
627,36,592.2416666666667,591.7118541613889,1.0408340855860843e-17,4.844444444444444,123.35277777777779,2.6944444444444446,6.805555555555555,15.194444444444441,513779,CC(C)CN([C@@H](CCCCNC(=O)N(CC1=CC=CC=C1)CC2=CC=C(C=C2)F)CO)S(=O)(=O)C3=CC=C(C=C3)N
628,27,346.23333333333335,345.8532384762963,3.469446951953614e-18,0.6555555555555563,190.37037037037038,2.0,9.333333333333332,4.111111111111112,202890,C1=CC(=CC=C1S(=O)(=O)NC2=NN=C(S2)S(=O)(=O)N)Cl
629,201,365.53308457711444,365.0719335424378,1.3877787807814457e-17,3.6855721393034826,76.70348258706468,1.0,5.208955223880597,6.313432835820896,1582813,C1=CC=C(C(=C1)OC2=CC=C(C=C2)S(=O)(=O)NCC3=CC=CO3)Cl
630,1,1527.7,1526.8079657,0.0,-2.4,400.0,7.0,35.0,35.0,163860,CCOC[C@@H]1[C@@H]2[C@@H]([C@H]([C@H](O1)O[C@@H]3[C@H](O[C@@H]([C@@H]([C@H]3O)OCC)O[C@@H]4[C@H](O[C@@H]([C@@H]([C@H]4O)OCC)O[C@@H]5[C@H](O[C@@H]([C@@H]([C@H]5O)OCC)O[C@@H]6[C@H](O[C@@H]([C@@H]([C@H]6O)OCC)O[C@@H]7[C@H](O[C@@H]([C@@H]([C@H]7O)OCC)O[C@@H]8[C@H](O[C@H](O2)[C@@H]([C@H]8O)OCC)COCC)COCC)COCC)COCC)COCC)COCC)OCC)O
631,183,352.0166120218579,351.24318464639344,1.0408340855860843e-17,4.71912568306011,52.38579234972677,1.0000000000000002,3.0765027322404372,3.2240437158469946,7971452,C1=CC=C2C(=C1)C(=CC(=N2)/C=C/C3=CC=C(C=C3)Br)C(=O)O
632,110,407.3823636363636,406.7823026260909,6.938893903907228e-18,4.380909090909091,73.73272727272727,0.9818181818181817,7.509090909090908,4.590909090909091,1476372,CCCN1C=NC2=C1C=C(C(=C2NS(=O)(=O)C3=CC=CC(=C3)C(F)(F)F)C)C
633,50,189.22640000000004,189.0812573422,3.469446951953614e-18,0.46799999999999997,53.41400000000001,-2.220446049250313e-16,4.0,4.48,2763877,CCOC(=O)/C(=C/N(C)C)/C(=O)C
634,10,574.76,574.369403545,0.0,2.8,158.4,5.600000000000001,6.3,12.0,250,CC1=C(NC(=C1CCC(=O)O)CC2=C(C(=C(N2)C=C3C(=C(C(=O)N3)C)C=C)C)CCC(=O)O)C=C4C(=C(C(=O)N4)C=C)C
635,42,431.552380952381,430.86383455619045,3.469446951953614e-18,3.195238095238095,129.05238095238096,4.142857142857143,5.357142857142858,3.5238095238095237,5493622,C1=CC=C(C=C1)NC(=O)NC2=NC3=C(C(=C2C#N)C4=CC=C(C=C4)Cl)C(=O)NC(=O)N3
636,5,738.32,737.798789428,0.0,14.22,56.52,0.40000000000000013,4.4,25.0,640106,CCCCCCOC1=CC(=CC(=C1OCCCCCC)OCCCCCC)/C=C/C2=CC=C(C=C2)/C=C/C3=CC=C(C=C3)/C=C/C4=CC=C(C=C4)C=O
637,117,284.5670085470085,284.21748026393163,0.0,2.25982905982906,68.8974358974359,0.9999999999999997,4.521367521367521,6.598290598290599,4644959,CCOC(=O)C1=C(NC(=C(C1C=C)C(=O)OCC)C)C
638,52,580.05,578.7543533811538,6.938893903907228e-18,7.363461538461538,101.14999999999999,2.019230769230769,4.288461538461538,5.480769230769231,3068375,C1=CC=C(C=C1)C=NC2=CC=C(C=C2)C3=NC4=CC=CC=C4C(=O)N3C5=C(C=C(C=C5)NC(=S)NC6=CC=CC=C6)Cl
639,86,418.67325581395346,418.2751422140698,0.0,2.977906976744186,94.49186046511628,2.0,4.72093023255814,8.523255813953488,5767542,CSC1=CC=C(C=C1)/C=C(/C(=O)NCCN2CCOCC2)\NC(=O)C3=CC=CC=C3
640,247,346.9556275303644,346.33569335206477,1.3877787807814457e-17,3.919433198380567,94.23238866396761,2.0,4.076923076923077,3.461538461538462,881128,CC1=CC=C(C=C1)NC(=O)NC2=NN=C(S2)C3=CC=C(C=C3)Cl
641,38,550.6342105263158,549.915323065,3.469446951953614e-18,5.605263157894736,155.18421052631578,0.7105263157894737,9.631578947368421,6.421052631578948,3297170,C1=CC(=CC(=C1)[N+](=O)[O-])C2=CSC(=NC3=CC=CC(=C3)C(F)(F)F)N2CCC4=CC=C(C=C4)S(=O)(=O)N
642,39,120.83948717948718,120.71849053397435,1.0000000000000002,1.0410256410256409,13.36666666666666,0.20512820512820484,0.4358974358974361,0.6666666666666679,181751,C[N+]1=CC=C(C=C1)OC
643,147,350.81843537414966,350.3806181287755,3.469446951953614e-18,2.034013605442177,89.75238095238096,2.0,3.8299319727891157,4.190476190476191,730604,C1CCN(C1)S(=O)(=O)C2=CC=C(C=C2)NC(=O)NC3=CC=CC=C3
644,50,154.00820000000002,153.89759858308,1.0408340855860843e-17,-0.94,83.76,3.02,2.3800000000000003,3.88,559345,C(CC#CCCN)CN=C(N)N
645,135,342.77496296296295,342.0509841426815,3.469446951953614e-18,4.425185185185185,67.54740740740742,3.0000000000000004,1.5333333333333337,3.170370370370371,4457137,CC1=CC2=C(N1)C=CC(=C2)CNC(=S)NC3=C(C(=CC=C3)Cl)C
646,160,418.0628125,417.04850802918753,1.3877787807814457e-17,5.553125,76.903125,2.0,2.6875,2.93125,2217553,CN(C)C1=CC=C(C=C1)NC(=S)NC(=O)C2=CC=CC3=C2C=CC=C3Br
647,1,1379.3,1378.4493742,1.0,-10.9,569.0,19.0,36.0,11.0,453176,CC1=CC(=C(C(=C1)C)S(=O)(=O)OCC2C3C(C(C(O2)OC4C(OC(C(C4O)O)OC5C(OC(C(C5O)O)OC6C(OC(C(C6O)O)OC7C(OC(C(C7O)O)OC8C(OC(C(C8O)O)OC9C(OC(O3)C(C9O)O)C[N+]1=CC=CC=C1)CO)CO)CO)CO)CO)O)O)C
648,64,474.1315625,473.113634893125,3.469446951953614e-18,5.8359375,65.58281249999999,2.0,6.078125,3.828125,4098172,CC1=CC2=C(N1C3=CC=C(C=C3)NC(=O)NC4=CC=C(C=C4)OC(F)(F)F)CC(CC2=O)(C)C
649,91,323.78395604395604,323.15467705524173,3.469446951953614e-18,3.1065934065934067,72.49230769230769,-4.440892098500626e-16,4.010989010989011,2.197802197802197,5405455,C1=CC(=CC=C1S(=O)(=O)/N=C\2/C=CC(=O)C(=C2)Cl)Cl
650,119,374.7898319327731,374.23295081537816,3.469446951953614e-18,1.8294117647058825,116.04117647058823,2.0,5.815126050420168,3.3277310924369754,9929470,CN1C=C2C(=N1)N=C(N3C2=NC(=N3)C4=CC=CO4)NC(=O)NC5=CC=CC=C5
651,136,356.31838235294117,355.65320478735293,6.938893903907228e-18,2.8816176470588237,109.43529411764706,3.0,3.860294117647059,2.772058823529412,1482078,C1=CC=C2C(=C1)C(=NO2)CC(=O)NNC(=S)NC3=CC=C(C=C3)Cl
652,36,416.4841666666667,416.101789695,3.469446951953614e-18,0.5527777777777776,170.22222222222223,1.8888888888888888,9.36111111111111,6.666666666666666,73281,CN(C)C(=O)C1=C(N=CC=C1)S(=O)(=O)NC(=O)NC2=NC(=CC(=N2)OC)OC
653,59,440.3613559322034,439.63775750661017,3.469446951953614e-18,5.066101694915254,89.1135593220339,4.0,2.23728813559322,4.677966101694915,1039648,CC1=CC=CC=C1NC(=O)NC2=CC=C(C=C2)C3=CC=C(C=C3)NC(=O)NC4=CC=CC=C4C
654,91,254.67285714285714,254.42035285803297,3.469446951953614e-18,2.4285714285714284,55.79010989010989,0.0,4.362637362637362,5.681318681318682,6019202,CCOC(=O)/C(=C/C1=CC=C(C=C1)OC)/C(=O)C
655,125,294.90256,294.502620859656,6.938893903907228e-18,3.2296,51.4776,-2.220446049250313e-16,3.768,5.688,2543314,COC1=CC=C(C=C1)/C=C/C(=O)OC2=CC=CC=C2C=O
656,1,781.0,780.46866704,2.0,5.4,171.0,7.0,5.0,19.0,446150,CC(C)[C@@H](C(=O)N[C@@H](CC1=CC=CC=C1)C[C@@H]([C@H](CC2=CC=CC=C2)NC(=O)[C@H](C(C)C)NC(=O)N(C)CC3=CC=CC=[NH+]3)O)NC(=O)N(C)CC4=CC=CC=[NH+]4
657,54,138.67296296296297,138.56264372466669,1.0408340855860843e-17,2.0203703703703706,26.24444444444444,1.0000000000000002,1.333333333333334,1.9259259259259265,2735162,C=CC1=CC=C(C=C1)CO
658,19,677.9315789473684,677.33842484,3.469446951953614e-18,3.4,155.21052631578948,2.0,9.842105263157894,9.526315789473685,3110901,CCC(C(=O)N1CCOCCN(CCOCC1)C(=O)C(CC)NS(=O)(=O)C2=CC=C(C=C2)C)NS(=O)(=O)C3=CC=C(C=C3)C
659,7,641.6142857142856,641.2053693571429,3.469446951953614e-18,5.928571428571429,125.77142857142857,3.4285714285714284,16.71428571428571,5.571428571428571,9497081,C1=CC(=CC=C1NC(=S)NC(=C(C(F)(F)F)C(F)(F)F)C(C(F)(F)F)(F)F)S(=O)(=O)NC2=NC=CS2
660,111,410.93783783783783,410.52800957216215,1.0408340855860843e-17,3.9945945945945946,106.35675675675675,1.0,7.0990990990990985,7.423423423423425,7202333,CC1=C(SC(=N1)C2=CC=CC=C2)CCNS(=O)(=O)C3=CC(=C(C=C3)OC)F
661,9,376.65555555555557,376.40936891222225,3.469446951953614e-18,0.411111111111111,113.02222222222223,1.2222222222222223,7.888888888888889,16.33333333333333,111389,CC(=C)C(=O)OCC(COCCOCC(COC(=O)C(=C)C)O)O
662,34,580.9676470588236,580.2357043702941,0.0,7.988235294117647,108.36470588235294,1.9705882352941175,6.38235294117647,9.823529411764707,2486227,CC(C)(C)C1=CC=C(C=C1)S(=O)(=O)NC2=CC=C(C=C2)C3=CC=C(C=C3)NS(=O)(=O)C4=CC=C(C=C4)C(C)(C)C
663,95,380.87305263157896,380.52382967978946,3.469446951953614e-18,1.8936842105263159,91.84421052631579,2.0,4.273684210526316,5.5473684210526315,4074534,CCN(CC)CCNC(=S)NC1=CC2=C(C=C1)N=C3CCCCCN3C2=O
664,46,453.41804347826087,452.958463835,3.469446951953614e-18,3.5782608695652174,78.15434782608696,1.0,8.152173913043478,7.217391304347826,3240067,C1CN(CCN1C2=CC=CC=C2)C(CNS(=O)(=O)C3=C(C=CC(=C3)F)F)C4=CN=CC=C4
665,1,448.5,448.22949941,2.0,-1.0000000000000004,198.0,2.0,10.0,2.0,3003714,C1N(CC[N+]2(C1)CC[N+]3(CC2)CCN(CC3)/C(=C(\[N+](=O)[O-])/C#N)/N)/C(=C(\[N+](=O)[O-])/C#N)/N
666,115,481.6756521739131,481.06046368156524,6.938893903907228e-18,5.386086956521739,87.02695652173914,1.0,5.034782608695652,7.982608695652174,2979204,CC1=C(C=CC(=C1)S(=O)(=O)NC2CCCCC2)OCC(=O)N3CCC(CC3)CC4=CC=CC=C4
667,146,315.921301369863,315.5741514480822,6.938893903907228e-18,1.3821917808219177,85.09520547945205,0.9999999999999998,5.335616438356165,5.835616438356165,3770602,C1=CC2=C(C(=C1)S(=O)(=O)NCCCN3C=CN=C3)N=CC=C2
668,65,528.442,527.7885965876923,2.0816681711721685e-17,6.015384615384615,38.43692307692305,0.16923076923076885,2.3846153846153855,3.353846153846154,5902605,CC1=CC=CC=C1N2C(=NC3=C(C2=O)C=C(C=C3)I)/C=C/C4=C(N(C5=CC=CC=C54)C)C
669,195,280.53271794871796,280.0026686524513,6.938893903907228e-18,3.365128205128205,54.7102564102564,0.9999999999999998,3.0102564102564093,4.605128205128205,6464508,CCCCS(=O)(=O)NC1=CC(=CC(=C1)Cl)Cl
670,73,473.6917808219178,473.1248649931507,3.469446951953614e-18,3.1904109589041094,123.97260273972603,2.0,7.3561643835616435,5.808219178082192,9868763,CC(=CCN1C=C2C(=N1)N=C(N3C2=NC(=N3)C4=CC=CO4)NC(=O)NC5=CC=C(C=C5)OC)C
671,121,319.71206611570244,319.4298297279339,6.938893903907228e-18,1.34297520661157,127.56198347107438,2.0,6.925619834710743,3.909090909090909,516572,CCN(CC)S(=O)(=O)C1=C(C2=C(C=C1)N=C(N=C2N)N)Cl
672,14,463.4142857142857,462.98366859142857,3.469446951953614e-18,5.078571428571428,128.21428571428572,5.642857142857142,6.928571428571429,4.428571428571429,5279244,C1=CC(=CC=C1/C=C/C2=C3[C@H]([C@@H](OC3=CC(=C2)O)C4=CC(=C(C=C4)O)O)C5=CC(=CC(=C5)O)O)O
673,80,256.98924999999997,256.5928902570875,1.0000000000000002,3.6925,14.877499999999998,0.06249999999999978,0.8499999999999996,3.0125,4497766,C1=CC=[N+](C=C1)CC(=O)C2=CC(=C(C=C2)Cl)Cl
674,96,265.1269791666667,264.89308068156254,3.469446951953614e-18,0.3697916666666674,92.59270833333333,2.0,5.020833333333333,4.114583333333333,970134,COC1=C(C=C(C=C1)NC(=O)NN2C=NN=C2)OC
675,163,391.7858895705522,391.213289626319,1.0408340855860843e-17,4.487116564417178,63.919018404907966,1.0,3.2515337423312887,6.723926380368098,3626527,CC1=C(C=C(C=C1)NC(=S)N(CCCN2CCCCCC2)CC3=CC=CO3)C
676,62,438.1274193548387,437.6837754316129,3.469446951953614e-18,3.670967741935484,96.41612903225807,-2.220446049250313e-16,6.467741935483871,8.758064516129032,6625883,CC(C)CN(CC(C)C)S(=O)(=O)C1=CC=C(C=C1)CCN2C(=O)C3=C(C2=O)N=CC=C3
677,1,586.7,586.07832985,2.0,-1.3000000000000003,218.0,2.0,10.0,15.0,4201097,C1=C[N+](=CC=C1CCS(=O)(=O)O)CCS(=O)(=O)CCS(=O)(=O)CC[N+]2=CC=C(C=C2)CCS(=O)(=O)O
678,1,404.6,404.36995607,0.0,-5.1,165.0,10.0,9.0,22.0,88930,C(CNCCNCCNCCNC(=O)NCCNCCNCCNCCN)N
679,33,302.79121212121214,302.56499809545454,1.0000000000000002,1.1333333333333342,98.12121212121212,2.1515151515151514,4.242424242424242,4.878787878787879,3925607,C1=CSC(=C1)C(=O)C[N+]2=CC=C(C=C2)C(=O)NCCO
680,74,463.62364864864867,463.1686002125676,-3.469446951953614e-18,1.6716216216216215,137.27027027027026,2.0,7.77027027027027,7.013513513513514,1505243,COC1=CC(=CC(=C1OC)OC)NC(=S)NC2=CC=C(C=C2)S(=O)(=O)N3CCOCC3
681,164,392.26603658536584,391.7179099543903,2.0816681711721685e-17,3.3579268292682927,73.86463414634146,1.0,3.98780487804878,7.262195121951223,3414268,CC(C1=CC=NC=C1)N(CCN(C)C)C(=S)NC2=C(C=C(C=C2)Cl)OC
682,72,236.6326388888889,236.39467786416668,3.469446951953614e-18,1.8722222222222222,91.2625,-2.220446049250313e-16,4.847222222222222,2.027777777777778,683966,CC1=CC=C(C=C1)S(=O)(=O)N(C)[N+](=O)[O-]
683,65,132.63046153846147,132.52946287635385,1.3877787807814457e-17,0.5015384615384617,31.918461538461536,4.440892098500626e-16,2.676923076923077,3.8615384615384616,15013,CC(=O)OCCN(C)C
684,4,606.825,606.4555727200001,0.0,2.9,181.25,0.2500000000000002,14.25,26.75,122409,C=CC(=O)OCC(COCC(COC(=O)C=C)(COC(=O)C=C)COC(=O)C=C)(COC(=O)C=C)COC(=O)C=C
685,79,414.58354430379745,413.9498534136835,1.3877787807814457e-17,6.006329113924051,46.6379746835443,4.440892098500626e-16,3.810126582278481,6.1265822784810124,6088721,CCOC(=O)C1=C(O/C(=C\C2=CC(=CC=C2)Cl)/C1=O)/C=C/C3=CC(=CC=C3)Cl
686,137,439.74963503649633,438.95941683795616,1.0408340855860843e-17,4.644094890510949,77.04744525547446,2.0,4.0510948905109485,5.875912408759124,2157931,CC1=C(C2=C(N1)C=CC(=C2)F)CCN(CC3=CN=CC=C3)C(=S)NC4=CC(=CC=C4)F
687,32,565.2049999999999,564.6941797840625,3.469446951953614e-18,5.2875,94.478125,4.440892098500626e-16,7.625,10.65625,4671749,CCC1=CC=C(C=C1)OCC2C3=CC(=C(C=C3CCN2C(=O)C4=CC=C(C=C4)S(=O)(=O)N(CC)CC)OC)OC
688,8,447.275,446.93976857225005,0.0,14.2875,26.299999999999997,0.0,1.9999999999999996,27.0,3016576,CCCCCCCCCCCCCCC(CCCCCCCCCCCC)OC(=O)C=C
689,88,366.21102272727273,365.58922064920455,0.0,4.696590909090909,51.455681818181816,0.9999999999999998,6.056818181818182,3.5227272727272725,2200929,CC1=CC(=C(C=C1)C)S(=O)(=O)NC2=CC(=C(C=C2)Cl)C(F)(F)F
690,9,629.9222222222222,629.4303819488889,1.0,9.122222222222222,98.32222222222222,0.888888888888889,6.222222222222221,25.444444444444443,9987603,CCCCCCCCCCCCCCCCCCNC(=O)OC[C@H]1C[C@@H](O1)COC(=O)N(CC2=CC=CC=[N+]2CC)C(=O)C
691,2,886.4,885.90719526,0.0,-13.049999999999999,538.9999999999999,18.5,22.000000000000004,15.0,196357,CC1C(C(C(O1)OC2C(C(C(C(C2O)O)N=C(N)N)O)N=C(N)N)OC3C(C(C(C(O3)CO)OC4C(C(C(C(O4)COC5C(C(C(C(O5)CO)O)O)O)O)O)O)O)NC)(C=O)O
692,1,690.8,690.32513639,1.0,-1.5000000000000004,259.99999999999994,12.0,10.0,6.0,6602332,CC[N+]1=C2C=C(C=CC2=C3C=CC(=CC3=C1C4=CC=CC=C4)NC(=O)N[C@H]5C[C@H]([C@@H]([C@H]([C@@H]5O)O)O)N)NC(=O)N[C@@H]6C[C@@H]([C@H]([C@@H]([C@H]6O)O)O)N
693,100,416.1906,415.7541611725,1.0408340855860843e-17,3.719,99.738,1.9999999999999998,7.359999999999999,5.779999999999999,3232094,CC(C)N1C(=NN=C1SC)CCNC(=O)NC2=CC(=C(C=C2)Cl)C(F)(F)F
694,106,392.44764150943394,392.0053201335849,1.0408340855860843e-17,3.1358490566037736,148.24528301886792,2.0,6.6226415094339615,4.69811320754717,1139135,COC1=CC(=CC(=C1OC)OC)C(=O)NC(=S)NC2=CC(=CC=C2)[N+](=O)[O-]
695,8,655.325,654.56966805125,0.0,4.5125,269.75,1.875,14.375,10.25,6437877,CC1=C(SC=N1)/C=C\C2=C(N3[C@@H]([C@@H](C3=O)NC(=O)/C(=N\OC)/C4=CSC(=N4)N)SC2)C(=O)OCOC(=O)C(C)(C)C
696,108,301.6159259259259,301.2962339087037,3.469446951953614e-18,2.8944444444444444,83.98240740740741,-2.220446049250313e-16,5.092592592592593,4.712962962962963,6624770,CC1=CC=C(C=C1)S(=O)(=O)N(CC=C)C2=NC=CS2
697,55,388.54181818181814,388.1343560894545,3.469446951953614e-18,3.349090909090909,170.4909090909091,1.981818181818182,7.272727272727272,3.3636363636363638,1984784,CC1=CC=C(C=C1)S(=O)(=O)NC(=O)NC2=NC3=C(S2)C=C(C=C3)[N+](=O)[O-]
698,34,263.4614705882353,263.2248738277059,0.0,5.738235294117647,13.46176470588236,0.1470588235294119,0.9705882352941173,5.5588235294117645,570198,C=COC(C1=CC=CC=C1)(C2=CC=CC=C2)C3=CC=CC=C3
699,65,427.67292307692304,426.78459503769227,6.938893903907228e-18,5.332307692307692,81.9076923076923,-2.220446049250313e-16,4.338461538461538,2.9692307692307693,5740369,CC1=C(C=C(C=C1)N2C(=NC3=CC=CC=C3C2=O)/C=C/C4=CC=C(C=C4)[N+](=O)[O-])Cl
700,124,245.5551612903226,245.15140449924195,6.938893903907228e-18,2.2088709677419356,68.12177419354839,3.0,2.0080645161290334,2.330645161290323,572632,C1CCC(CC1)NC(=O)NC2=CC=C(C=C2)N
701,62,339.7082258064516,339.16720457645164,3.469446951953614e-18,3.420967741935484,111.28225806451613,4.080645161290322,3.338709677419355,2.6612903225806455,3075671,CC1=CC(=CC=C1)NC2=C(C=CC(=C2)Cl)C(=O)NNC(=S)N
702,78,281.2132051282051,280.8876754375641,3.469446951953614e-18,1.676923076923077,124.83333333333333,3.0128205128205128,4.153846153846154,1.8589743589743586,3456551,CC1=NNC(=S)N1NC(=S)NC2=CC=C(C=C2)OC
703,201,341.26412935323384,340.77733537422887,1.3877787807814457e-17,1.4248756218905476,95.53034825870647,0.9999999999999998,5.169154228855722,3.3233830845771153,7161164,CN1C=C(C(=O)N(C1=O)C)S(=O)(=O)NC2=CC=CC3=CC=CC=C32
704,47,264.70744680851067,264.4716059272766,6.938893903907228e-18,3.253191489361702,45.72340425531914,0.02127659574468077,3.6382978723404253,9.0,564469,CC(=CCCC(C)(C=C)OC(=O)CC(=O)OC)C
705,35,392.9128571428571,392.5019676157143,3.469446951953614e-18,0.19142857142857173,206.2,4.0285714285714285,8.600000000000001,5.0,4361127,C1=CC(=CC=C1N=CC2=C(NC(=S)NC2=O)O)S(=O)(=O)NC3=NC=CS3
706,171,362.4263742690058,362.04527819935674,1.734723475976807e-17,3.1485380116959063,103.2374269005848,2.0,6.210526315789474,4.8011695906432745,1335330,CC1=CC=CC=C1NC(=O)NC2=NN=C(S2)COC3=CC=C(C=C3)F
707,68,540.7617647058823,539.9550900223529,0.0,5.9941176470588236,113.5985294117647,1.0,6.073529411764706,6.044117647058823,5924149,C1=CC(=CC(=C1)[N+](=O)[O-])C(=O)OC2=CC=C(C=C2)/C=C(\C#N)/C(=O)NC3=CC(=CC=C3)I
708,153,332.8381699346405,332.5344124137255,3.469446951953614e-18,3.668627450980392,59.70392156862744,2.0,5.222222222222222,3.712418300653595,1247521,C1CCN(CC1)CCNC(=S)NC2=CC=CC=C2C(F)(F)F
709,67,486.2686567164179,485.5612779402985,1.0408340855860843e-17,4.777611940298507,139.61194029850745,2.044776119402985,9.35820895522388,5.567164179104478,1402291,CC1=C(C=C(C=C1)NC2=NC3=CC=CC=C3N=C2NS(=O)(=O)C4=CC=CC5=NSN=C54)Cl
710,213,272.18774647887324,271.882997786169,1.0408340855860843e-17,1.6610328638497653,64.06948356807511,1.9999999999999998,2.7605633802816905,4.380281690140845,3797502,CC1=CC(=C(C=C1)OC)NC(=O)NCC2=CN=CC=C2
711,105,405.31838095238095,404.50431181047617,3.469446951953614e-18,4.359047619047619,61.955238095238094,2.0,1.8285714285714287,2.7047619047619045,1297933,COC1=C(C=C(C=C1)Cl)NC(=S)NC2=CC=C(C=C2)I
712,12,704.1833333333333,703.4899661466666,3.469446951953614e-18,9.55,96.825,0.0,6.416666666666666,10.583333333333332,5858742,CC1=C(C=CC(=C1)C2(OC(=O)C3=CC=CC=C23)C4=CC(=C(C=C4)OC(=O)/C=C/C5=CC=C(C=C5)Cl)C)OC(=O)/C=C/C6=CC=C(C=C6)Cl
713,123,225.78658536585365,225.55711531368294,6.938893903907228e-18,2.7853658536585364,33.65447154471545,1.0000000000000002,1.3739837398373975,2.7317073170731705,302981,CCN(CC)C(=O)NC1=CC=C(C=C1)Cl
714,65,422.8169230769231,422.35195236138463,0.0,3.3984615384615386,121.61846153846155,0.9846153846153843,8.630769230769232,4.415384615384616,5258119,C1=CC(=CC(=C1)C(F)(F)F)CN2C=C(C=N2)NS(=O)(=O)C3=CC=CC(=C3)[N+](=O)[O-]
715,129,402.5232558139535,401.80330701334105,1.0408340855860843e-17,5.637209302325582,67.93565891472869,1.0,3.488372093023256,4.2558139534883725,5305037,C1C2CC3CC1CC(C2)(C3)CNS(=O)(=O)C4=CC5=C(C=C4)OC6=CC=CC=C65
716,229,387.7813100436681,387.02701260827075,1.3877787807814457e-17,4.353275109170306,70.41965065502184,1.0000000000000002,3.8122270742358078,4.397379912663755,2142464,CC1=CC=C(C=C1)C(=O)NC(=C(Cl)Cl)S(=O)(=O)C2=CC=C(C=C2)F
717,123,339.2018699186992,338.7947682005203,3.469446951953614e-18,3.569105691056911,84.76422764227642,3.0000000000000004,2.788617886178861,4.666666666666667,939488,C1=CC=C(C=C1)NC2=CC=C(C=C2)NC(=S)NCC3=CN=CC=C3
718,105,206.15057142857142,205.81259852574286,3.469446951953614e-18,1.424761904761905,85.10857142857142,3.0000000000000004,2.1142857142857143,1.38095238095238,706988,C1=CC(=CC=C1NC(=S)NN)Cl
719,175,416.2552,415.6713203579429,1.3877787807814457e-17,3.6834285714285713,104.324,1.0,5.851428571428571,4.0685714285714285,7483066,CC1=C(C=C(C=C1)N2CCCS2(=O)=O)NS(=O)(=O)C3=CC4=C(CCCC4)C=C3
720,138,446.0474637681159,445.1610638313044,1.0408340855860843e-17,4.077536231884058,88.18550724637682,2.0144927536231885,3.5362318840579707,3.1884057971014497,4342800,CCN1C(=C(C=N1)Cl)C(=O)NC(=S)NC2=C(C=C(C=C2)I)C
721,39,507.7794871794872,507.22245532333335,6.938893903907228e-18,6.753846153846155,155.64102564102564,0.9999999999999998,8.897435897435898,10.179487179487179,1990605,CCOC(=O)C1=C(SC(=C1C)C(=O)OC(C)(C)C)N/C=C(/C#N)\C2=NC(=CS2)C3=CC=C(C=C3)C
722,106,359.93830188679243,359.5582746040566,3.469446951953614e-18,2.370754716981132,88.76981132075471,-2.220446049250313e-16,5.669811320754717,4.254716981132075,1831976,CC1CCN(CC1)C2=C(C(=O)N3C=CC=C(C3=N2)C)/C=C(\C#N)/C(=O)OC
723,4,567.325,566.7495459249999,0.0,2.2750000000000004,187.75,7.75,6.75,10.25,5926075,C1=CC(=C(C=C1CC(C(=O)NCC(=O)N/C=C/C2=CNC3=C2C=CC(=C3)Br)NC(=O)C(CC4=CN=CN4)N)O)O
724,68,297.37573529411765,297.1069883572059,0.0,2.5220588235294117,74.90588235294118,2.0,3.235294117647059,8.132352941176471,3732602,CCCOCCCNC(=S)NC1=C(C=CC(=C1)C)OC
725,9,648.5666666666666,647.850225441111,3.469446951953614e-18,17.52222222222222,21.17777777777779,0.0,1.7777777777777777,26.666666666666657,639852,CCCCCCC(CCCCCC)CN(CC(CCCCCC)CCCCCC)C1=CC=C(C=C1)/C=C/C2=CC=C(C=C2)Br
726,16,308.973125,308.73621602,0.0,-2.7687499999999994,165.75,6.1875,6.5,5.5625,267072,CONC(=O)NP(=O)(NC(=O)NOC)NC(=O)NOC
727,85,416.22470588235296,415.7437030337647,1.0408340855860843e-17,1.9752941176470589,92.13411764705883,0.9999999999999998,6.317647058823529,7.552941176470588,7384405,COC1=C(C=C(C=C1)CCNS(=O)(=O)C2=CC3=C4C(=C2)CCN4C(=O)CC3)OC
728,100,411.203,410.6785374173,3.469446951953614e-18,4.892,77.41,2.0,4.29,7.380000000000001,1273085,CCOC1=CC=C(C2=CC=CC=C21)S(=O)(=O)NCCC3=C(NC4=CC=CC=C43)C
729,42,349.91547619047617,349.50384128857144,3.469446951953614e-18,2.2452380952380953,92.07142857142857,0.7142857142857143,6.261904761904762,10.095238095238095,6424957,CC(CN(C)/C(=C/C(=O)OC)/C(=O)OC)C1=C(C=C(N1)C(=O)C)C=C
730,235,363.03106382978723,362.5330954865319,1.3877787807814457e-17,4.230638297872341,73.18978723404256,1.9999999999999998,2.8978723404255327,5.4,6036193,CC1=CC=C(C=C1)CN2C=CC=C2/C=N\NC(=S)NC3=CC(=CC=C3)F
731,78,472.55256410256413,471.9694288528205,3.469446951953614e-18,2.3782051282051286,144.96153846153845,0.9743589743589742,7.935897435897436,5.717948717948718,3146649,CN(C)S(=O)(=O)C1=CC=C(C=C1)C(=C2C(N(C(=O)C2=O)CC3=CN=CC=C3)C4=CC=CS4)O
732,219,332.2461643835616,331.79899416004565,1.3877787807814457e-17,3.501826484018265,73.27123287671233,2.0,3.013698630136986,5.360730593607306,1467079,CC(C)CNC(=S)NC1C[C@H]2CCC[C@@H](C1)N2CC3=CC=CO3
733,163,312.32208588957053,311.9122827276994,1.0408340855860843e-17,2.6674846625766873,61.218404907975454,2.0,2.785276073619632,5.429447852760736,4957902,C1CC(OC1)COC2=CC=C(C=C2)NC(=O)NC3=CC=CC=C3
734,141,363.61489361702127,363.05159709879433,6.938893903907228e-18,4.060992907801419,99.70212765957447,1.0,5.099290780141844,5.170212765957447,7150832,C1=CC=C2C=C(C=CC2=C1)S(=O)(=O)NCCC3=CN4C=CSC4=N3
735,140,353.3662142857143,352.3769957356429,6.938893903907228e-18,3.440714285714286,88.58,2.0,3.007142857142857,2.285714285714286,2205022,CC1=CC(=C(C=C1)NC(=O)NC2=CC(=CC=C2)[N+](=O)[O-])Br
736,131,300.4154198473282,299.98141166526716,1.3877787807814457e-17,2.853435114503817,103.39541984732824,2.999999999999999,3.1450381679389317,2.3053435114503813,849675,C1=CC=C(C=C1)C(=O)NC(=S)NC2=CC3=C(C=C2)NN=C3
737,137,233.67766423357665,233.35277780459853,6.938893903907228e-18,1.3102189781021898,92.67956204379561,2.0,3.613138686131387,1.6350364963503643,3372617,C1CCC(CC1)NC(=O)NC2=NSN=C2
738,45,476.7711111111111,476.2205840604444,0.0,2.98,148.73333333333335,4.111111111111111,5.777777777777778,7.133333333333333,5466764,CC1=CC=C(C=C1)S(=O)(=O)NNC(=O)/C(=C/C2=CC=C(C=C2)NC(=O)C)/NC(=O)C3=CC=CC=C3
739,43,497.906976744186,497.21320678999996,0.0,3.902325581395349,178.48837209302326,1.9767441860465116,8.697674418604652,4.186046511627907,3025519,C1=CC(=C(C=C1NC(=O)NC(=O)C2=C(C=C(C=C2)Cl)[N+](=O)[O-])[N+](=O)[O-])OC3=NC=C(C=N3)Cl
740,52,467.6692307692308,467.11284171307693,0.0,3.273076923076923,112.40384615384616,4.0576923076923075,4.75,9.78846153846154,5327283,CCC(CN1[C@@H]([C@@H]([C@H]([C@H](N(C1=O)CC(CC)O)CC2=CC=CC=C2)O)O)CC3=CC=CC=C3)O
741,136,178.5331617647059,178.38218362152205,1.0408340855860843e-17,0.1875,88.94338235294117,1.9999999999999998,3.2794117647058822,1.6544117647058822,724759,C1=CC(=CN=C1)C=NNC(=S)N
742,247,383.7287449392713,383.13930129846153,3.469446951953614e-18,4.165303643724696,102.09635627530366,2.0000000000000004,5.093117408906882,5.291497975708502,3054272,CC1=NC2=CC=CC=C2C(=C1)NC(=NC3CCCCC3)NC4=NN=C(S4)C
743,54,483.22777777777776,482.4268841624074,3.469446951953614e-18,5.2518518518518515,105.93148148148148,0.9444444444444443,9.38888888888889,5.5,1471190,CSC1=CC=CC(=C1)NS(=O)(=O)C2=CC=C(C=C2)OC3=C(C=C(C=N3)C(F)(F)F)Cl
744,27,673.885185185185,673.1753338788888,3.469446951953614e-18,6.855555555555556,124.0,2.7407407407407405,8.037037037037038,11.518518518518519,500762,CC(C)(C)[C@@H](C(=O)N1C[C@@H](C[C@H]1C(=O)NC2(C[C@@H]2C=C)C(=O)O)OC3=CC(=NC4=C3C=CC(=C4)OC)C5=CC=CC=C5)NC6=CC=CC=C6
745,46,258.3145652173913,258.07690931826085,0.0,0.22173913043478244,145.3913043478261,4.065217391304348,4.217391304347826,2.673913043478261,6413900,C/C(=N/NC(=S)NC)/C(=N\NC(=S)NC)/C
746,191,406.64418848167537,406.13688842816754,1.3877787807814457e-17,4.994240837696335,109.24293193717278,2.0,5.057591623036649,3.178010471204189,1003537,CC1=CC(=CC=C1)C(=O)NC(=S)NC2=C(C=CC(=C2)C3=NC4=C(O3)C=CC=N4)C
747,97,391.4979381443299,391.01598783608245,1.0408340855860843e-17,4.271134020618557,98.20515463917526,0.0,5.556701030927836,3.628865979381443,5672108,C1=CC=C(C=C1)N\2C(=C(S/C2=N/S(=O)(=O)C3=CC=C(C=C3)F)C=O)Cl
748,80,325.73112499999996,325.20017875755,3.469446951953614e-18,4.643750000000001,35.68,0.9999999999999998,1.1250000000000004,4.85,3637070,CCCN(CCC)C(=O)NC1=CC(=C(C=C1Cl)Cl)Cl
749,79,196.31088607594933,196.1176645135443,3.469446951953614e-18,-0.32151898734177164,106.72278481012658,2.0,4.594936708860759,1.759493670886076,69436,C1=CC=C(C(=C1)C(=O)O)S(=O)(=O)N
750,114,304.8283333333333,304.48798579245613,3.469446951953614e-18,1.8333333333333333,126.50877192982456,0.9999999999999998,6.412280701754386,3.070175438596492,564225,C1=CC(=CC=C1C=NC2=CC=C(C=C2)S(=O)(=O)N)[N+](=O)[O-]
751,5,791.98,791.2348302280001,0.0,0.8999999999999999,358.0,8.000000000000002,16.6,10.4,5779705,C1=CC(=C(C=C1NC(=O)C2=C(C=CC(=C2)S(=O)(=O)O)O)S(=O)(=O)O)/C=C/C3=C(C=C(C=C3)NC(=O)C4=C(C=CC(=C4)S(=O)(=O)O)O)S(=O)(=O)O
752,100,279.07460000000003,278.64950244017,6.938893903907228e-18,4.34,46.848,0.0,2.93,2.48,9993509,CC1=CCCC(C1/C=C/C2=NC(=NC=C2)SC)(C)C
753,199,299.2775879396985,298.8408412687186,1.3877787807814457e-17,3.693969849246231,67.90351758793969,2.0,2.005025125628141,4.306532663316583,2730137,CC(C)(C)C1=CC=C(C=C1)NC(=S)NCC2=CN=CC=C2
754,97,277.36381443298967,277.0678052473196,3.469446951953614e-18,1.7556701030927833,86.9680412371134,3.0000000000000004,3.0618556701030926,3.855670103092783,4874785,C1=CC(=CC=C1NC(=S)NCCC2=CN=CN2)F
755,31,341.59838709677416,341.3297856832258,1.0000000000000002,2.5,76.18709677419355,0.7419354838709676,4.161290322580645,5.645161290322581,3143737,CCN(CC)C1=CC=C(C=C1)C2C(C(=O)NC(=O)C2[N+]3=CC=CC=C3)C#N
756,20,508.96000000000004,508.4430087165,3.469446951953614e-18,2.965,128.65,-2.220446049250313e-16,8.3,10.25,1624133,CCOCCCN1C2=C(C=C(C1=NC(=C)C3=CC(=CC=C3)[N+](=O)[O-])C(=O)OCC)C(=O)N4C=CC=CC4=N2
757,84,431.91785714285714,431.33887625288094,1.3877787807814457e-17,6.253571428571428,47.97857142857143,1.0,1.738095238095239,6.845238095238096,3686715,CCCN1CCCC2=C1C=CC(=C2)CN(C(C)CC)C(=S)NC3=CC(=CC=C3)Cl
758,166,303.9026506024096,303.3961018178916,6.938893903907228e-18,1.5174698795180723,76.13734939759036,0.9999999999999998,4.162650602409639,3.295180722891567,3595690,CC(=O)N1CCC2=C1C=CC(=C2)S(=O)(=O)NC3CCCC3
759,10,390.93,390.479570623,1.0000000000000002,1.97,110.45,4.199999999999999,3.4000000000000004,4.7,8785627,C[C@@H]1C[NH+](C[C@@H](O1)C)CCC(=O)NNC(=S)NC2=CC(=C(C=C2)F)Cl
760,116,390.04646551724136,389.2019623335345,6.938893903907228e-18,4.068103448275862,62.30862068965517,2.0,3.0517241379310347,3.939655172413793,2956360,COC1=CC(=C(C=C1)OC)NC(=O)NC2=CC(=C(C=C2)Br)Cl
761,125,358.93688,358.40137639552,6.938893903907228e-18,4.9559999999999995,64.4,2.0,4.408,4.72,2209352,CC1=CC(=C(C=C1)NC(=S)NCC2=CC=C(C=C2)Cl)OC(F)F
762,43,216.45232558139534,216.29200137581395,6.938893903907228e-18,0.951162790697675,57.57906976744186,0.2558139534883721,4.465116279069767,9.069767441860465,6433942,CCCCOC(=O)/C=C\C(=O)OCC1CO1
763,65,484.9523076923077,484.46674390615385,6.938893903907228e-18,2.283076923076923,114.44153846153847,0.9999999999999998,8.092307692307694,8.338461538461537,2866059,CC1=CC=C(C=C1)N(CC(=O)NN=C2CCN(CC2)C)S(=O)(=O)C3=CC(=C(C=C3)OC)OC
764,71,165.4802816901408,165.32754704636616,1.734723475976807e-17,2.9028169014084506,22.97183098591551,0.07042253521126707,1.690140845070423,5.732394366197183,19855,CCC(CC)COC(=O)C=C
765,144,383.986875,383.50574911020834,1.0408340855860843e-17,3.8305555555555557,64.46597222222222,1.9999999999999998,5.736111111111112,4.298611111111111,2738200,CC1=C(C(=NO1)C2=CC=CC=C2)CNC(=O)NC3=CC=C(C=C3)C(F)(F)F
766,47,401.6553191489362,401.09961802659575,3.469446951953614e-18,4.172340425531915,131.531914893617,-4.440892098500626e-16,6.0638297872340425,3.0425531914893624,9567730,CC1=C(S/C(=N\S(=O)(=O)C2=C(C=CC(=C2)Cl)[N+](=O)[O-])/N1C)C(C)(C)C
767,84,398.87333333333333,398.44399523416666,3.469446951953614e-18,2.057142857142857,149.08333333333331,2.0,7.8809523809523805,5.892857142857142,2055006,CC1=CC=C(C=C1)S(=O)(=O)NC2=CC=C(C=C2)S(=O)(=O)NC3=NC=CS3
768,165,423.0321212121212,422.3911777362424,1.0408340855860843e-17,5.119393939393939,92.10484848484849,1.0,5.218181818181819,5.460606060606061,2941822,CC1=CC=C(C=C1)S(=O)(=O)NC2C(C3=CC=CC4=C3C2=CC=C4)SC5=CC=CC=N5
769,19,311.5721052631579,311.4387608226316,0.0,3.8842105263157896,27.673684210526318,4.440892098500626e-16,10.789473684210527,4.842105263157895,9817457,C=CC(=O)OC(C(C(C(F)(F)F)(F)F)(F)F)(F)F
770,5,685.22,684.7550383580001,0.0,7.880000000000001,175.0,6.800000000000001,9.4,5.6,643710,C1=CC(=CC=C1[C@@H]2[C@H](C3=C(C=C(C=C3O2)O)[C@@H]4[C@H](OC5=C4C=C(C=C5)/C=C\C6=CC(=CC(=C6)O)O)C7=CC=C(C=C7)O)C8=CC(=CC(=C8)O)O)O
771,16,338.8,338.545807674625,1.0,7.75625,18.32499999999999,0.2500000000000002,0.875,14.0625,5147066,CCCCCC1=CC(=C(C=C1)OCCC[N+]2=CC=CC=C2)CCCCC
772,78,369.506282051282,369.06097136551284,3.469446951953614e-18,2.4153846153846157,146.8974358974359,3.038461538461539,6.935897435897436,4.076923076923077,6539630,C1=CC(=CC=C1C2=CC(=NN2)NC3=CC=C(C=C3)S(=O)(=O)N)[N+](=O)[O-]
773,183,406.24535519125686,405.57172782273227,1.0408340855860843e-17,4.733333333333333,71.80218579234972,2.0,2.8415300546448083,5.841530054644808,5736580,CC1=C(C=C(C=C1)C(=O)N/C(=C\C2=CC=CO2)/C(=O)NCC3=CC=C(C=C3)Cl)C
774,80,470.63,469.8910708995,3.469446951953614e-18,4.16,110.77375,3.0,5.4625,7.075,2022959,C1=CC=C2C(=C1)NC(=N2)CCNC(=O)/C(=C/C3=CC=CO3)/NC(=O)C4=CC=C(O4)Br
775,28,183.4639285714286,183.30791137035715,3.469446951953614e-18,2.2535714285714286,20.767857142857153,-4.440892098500626e-16,5.642857142857142,3.0357142857142856,2782282,CC(C)(C)OC(=O)C(=C)C(F)(F)F
776,86,254.19860465116278,253.90541912838376,0.0,1.7965116279069764,61.665116279069764,-2.220446049250313e-16,3.883720930232558,3.627906976744186,2433226,CCN(CC)S(=O)(=O)C1=CN=C(C=C1)Cl
777,31,295.6025806451613,295.23126759258065,3.469446951953614e-18,-1.1387096774193552,132.51612903225805,4.032258064516129,5.741935483870968,3.1612903225806455,496801,CC1=CN(C(=O)NC1=O)[C@H]2C[C@@H]([C@H](O2)CO)NC(=O)N(C)O
778,118,401.94347457627117,401.40110554533896,3.469446951953614e-18,3.344915254237288,73.27881355932203,-4.440892098500626e-16,4.898305084745763,6.406779661016949,987974,CC1=CC=C(C=C1)N(CC(=O)N2CCCCC2)S(=O)(=O)C3=CC=C(C=C3)OC
779,169,327.1109467455621,326.5930950349408,6.938893903907228e-18,3.9798816568047335,55.31479289940829,0.9999999999999998,2.63905325443787,5.40828402366864,697815,C1=CC=C(C=C1)CCNS(=O)(=O)C2=C(C=CC=C2Cl)Cl
780,75,449.18933333333337,448.53311563146667,3.469446951953614e-18,4.373333333333333,146.65333333333334,2.0,6.786666666666667,5.453333333333333,1916692,C1=CC(=CC=C1N/C=C(/C#N)\C2=NC(=CS2)C3=CC(=C(C=C3)Cl)Cl)S(=O)(=O)N
781,144,303.16770833333334,302.87850274208336,6.938893903907228e-18,2.129166666666667,120.47222222222223,2.0,5.548611111111111,3.3472222222222228,5769409,CC1=C(C=C(C=C1)/C=C\C2=NC(=C(C(=O)N2)[N+](=O)[O-])O)OC
782,8,736.4875,735.5202903212501,3.469446951953614e-18,3.475,245.625,6.125000000000002,12.0,9.375,5874987,C1=CC=C(C=C1)/C=C/C(=O)C(C2=NC3=NN=C(N3NC2=O)NC(=O)NC4=CC=C(C=C4)Cl)C5=NC6=NN=C(N6NC5=O)NC(=O)NC7=CC=C(C=C7)Cl
783,126,293.4618253968254,292.91751504191274,1.0408340855860843e-17,3.3166666666666664,62.45634920634921,3.0,1.7698412698412698,2.2698412698412698,252573,CC1=CC(=CC=C1)NC(=O)NC(C(Cl)(Cl)Cl)O
784,7,776.1857142857143,775.2529448071429,3.469446951953614e-18,7.271428571428571,190.85714285714286,0.0,11.142857142857142,13.571428571428571,320531,CC1=CC=C(C=C1)S(=O)(=O)N(CC2=CC(=CC=C2)CN(S(=O)(=O)C3=CC=C(C=C3)C)S(=O)(=O)C4=CC=C(C=C4)C)S(=O)(=O)C5=CC=C(C=C5)C
785,5,387.16,386.861784168,1.0000000000000002,2.78,102.82,2.6,5.6,15.8,102785,CCCCCCCCCCCC1=NCC[N+]1(CCO)CC(CS(=O)(=O)O)O
786,88,416.34886363636366,415.80056591625,3.469446951953614e-18,3.0090909090909093,116.95681818181818,3.0,5.318181818181818,6.329545454545455,1295794,CC1=CC=C(C=C1)S(=O)(=O)NC2=CC=C(C=C2)NC(=O)NC3=CC=C(C=C3)C(=O)C
787,91,491.31758241758246,490.4472288410989,0.0,5.376923076923077,71.37252747252747,2.0,3.5604395604395602,6.571428571428571,9776659,CN(C)C1=CC=C(C=C1)/C=C(\C(=O)N/N=C\C2=CC=C(C=C2)Br)/NC(=O)C3=CC=CC=C3
788,68,527.650294117647,526.8136043320587,3.469446951953614e-18,4.266176470588235,97.71911764705882,1.0147058823529411,6.617647058823529,5.5588235294117645,3435382,CCC1=CC=C(C=C1)N(C)S(=O)(=O)C2=CC3=C(C=C2)NC=C(C3=O)C(=O)N4CCN(CC4)C5=CC=CC=C5
789,122,383.02377049180325,382.51541582839343,1.0408340855860843e-17,4.717213114754099,78.87786885245902,-6.661338147750939e-16,5.221311475409836,4.778688524590164,3715238,CCN(CC)S(=O)(=O)C1=CC2=C(C3=CC=CC=C31)N=C(O2)C4=CC=CC=C4
790,86,209.6096511627907,209.3044112955814,3.469446951953614e-18,1.1267441860465115,67.8674418604651,0.9999999999999997,4.465116279069767,1.5930232558139532,80623,CC1=C(C=C(C=C1)S(=O)(=O)N)N(C)C
791,19,397.9915789473684,397.70482596263156,3.469446951953614e-18,1.2999999999999998,142.32631578947368,6.105263157894736,8.31578947368421,5.052631578947368,5387293,COC1=C(C=CC(=C1)/C=C/C2=CC(=CC(=C2)O)C3C(C(C(C(O3)CO)O)O)O)O
792,14,485.47142857142853,484.8431948,3.469446951953614e-18,5.892857142857142,98.55714285714285,4.285714285714285,2.857142857142857,13.928571428571427,4914215,COC1=CC=CC=C1NC(=O)NCCCCCCCCCCNC(=O)NC2=CC=CC=C2OC
793,14,464.1857142857143,463.72127404285715,3.469446951953614e-18,0.657142857142857,161.14285714285714,5.285714285714285,4.857142857142857,12.428571428571427,516510,C1=CC=C2C(=C1)C=C(O2)C3=CC(=C(C=C3)OCCN=C(N)N)CNCCCCN=C(N)N
794,97,445.1448453608248,444.39434783288664,3.469446951953614e-18,5.088659793814433,90.1618556701031,3.0000000000000004,3.3608247422680417,5.670103092783505,1758667,CCCOC1=CC=CC(=C1)C2=NC3=CC=CC=C3C(=C2)C(=O)NNC(=O)NC4CCCCC4
795,56,439.1564285714286,438.56470568357145,3.469446951953614e-18,4.798214285714286,84.03214285714286,3.0892857142857144,5.75,3.982142857142857,4126906,CC(C(=O)NNC(=O)NC1=CC=CC(=C1)C(F)(F)F)OC2=C(C=C(C=C2)Cl)Cl
796,50,186.74140000000003,186.58453948926,3.469446951953614e-18,2.144,63.662000000000006,1.98,1.5000000000000004,5.84,2759263,CCCCCCCNC(=S)N
797,83,310.08638554216867,309.8120397712048,3.469446951953614e-18,-0.2951807228915668,128.7710843373494,3.0,6.325301204819277,3.9518072289156625,7635719,CC(=O)C1=CC(=CC=C1)NS(=O)(=O)C2=CNC(=O)NC2=O
798,80,349.04425,348.611564084375,0.0,2.24625,132.72500000000002,4.074999999999999,3.925,3.625,4067819,C=CCNC(=S)NNC1=NC2=C(C3=C(S2)CCCC3)C(=O)N1
799,202,362.82856435643566,362.2029361554307,1.3877787807814457e-17,5.036633663366336,85.44504950495049,2.0,3.0,4.158415841584159,1207633,C1CC2=CC=C(C3=CC=CC1=C23)NC(=S)NC(=O)COC4=CC=CC=C4
800,128,199.18632812500002,198.93264778965624,1.0408340855860843e-17,1.7109375000000007,45.24375000000003,2.0,1.2109374999999987,3.242187500000001,4078438,CCC1=CC=CC=C1NC(=O)NC2CC2
801,38,569.4221052631578,568.482738193421,0.0,6.371052631578947,88.49473684210525,0.0,5.394736842105263,7.552631578947368,4408816,C=CCN(CC(=O)N1CCC2=C(C1C3=CC=C(C=C3)Cl)C=CS2)S(=O)(=O)C4=C(C=CC(=C4)Cl)Cl
802,32,325.2475,324.993322062125,3.469446951953614e-18,5.5875,60.550000000000004,0.65625,3.5625,12.71875,578962,CCCCCCCCCCS(=O)(=O)NC1=CC=C(C=C1)OC
803,1,549.19,548.99196704,0.0,-1.1,445.00000000000006,1.0,19.0,6.0,6432774,C(C([N+](=O)[O-])([N+](=O)[O-])[N+](=O)[O-])NC(=O)N(CC([N+](=O)[O-])([N+](=O)[O-])[N+](=O)[O-])CC([N+](=O)[O-])([N+](=O)[O-])[N+](=O)[O-]
804,10,436.173,435.6673459297,1.0000000000000002,6.140000000000001,42.88999999999999,0.10000000000000009,2.1,4.4,6123183,C1=CC=C(C=C1)/C=C/C2=CC=[N+](C=C2)CC(=O)N3C4=CC=CC=C4SC5=CC=CC=C53
805,4,846.6,846.1435835,0.0,7.800000000000001,149.0,2.0,24.0,20.5,3017841,CCN(CCOC(=O)NC1=CC(=C(C=C1)C)NC(=O)OC(C)COC(=O)C(=C)C)S(=O)(=O)C(C(C(C(C(C(C(F)(F)F)(F)F)(F)F)(F)F)(F)F)(F)F)(F)F
806,121,295.0125619834711,294.68347944628096,3.469446951953614e-18,1.4066115702479336,112.11404958677686,2.0,4.289256198347108,3.9421487603305785,1398315,CCN1C(=C(C(=O)NC1=S)C=NCC2=CC=CC=[NH+]2)[O-]
807,31,303.7638709677419,303.4689112828387,3.469446951953614e-18,6.138709677419355,47.22903225806452,1.870967741935484,1.0967741935483875,11.870967741935484,4437430,CCCCCCCCCCCCNC(=O)NC1CCCCC1
808,114,433.31570175438594,432.8008954831579,6.938893903907228e-18,3.0254385964912283,96.84298245614035,2.0,4.412280701754386,6.078947368421052,3169921,CC1=CC(=C2C=C(C(=O)NC2=C1)CN(CC3=CC=CO3)C(=S)NCC4CCCO4)C
809,65,82.104923076923,82.01511722543535,1.3877787807814457e-17,1.0215384615384617,12.858461538461526,0.0,0.9384615384615369,1.2153846153846155,534094,CC1C(O1)C=C
810,24,317.9458333333333,317.71028014391663,3.469446951953614e-18,9.1375,25.362500000000004,0.0,1.916666666666667,17.583333333333332,66077,CCCCCCCCCCCCCCCCCC(=O)OC=C
811,1,833.2,832.63025306,0.0,12.4,165.0,8.0,4.0,28.999999999999993,3024817,CCCCCCCCCCCCCCCCCCNC(=O)NC1=CC(=CC(=C1)C)NC(=O)NCCCCCCNC(=O)NC2=CC(=CC(=C2)C)NC(=O)NC3CCCCC3
812,11,597.8,597.22716935,0.0,11.272727272727272,38.26363636363635,0.6363636363636365,2.272727272727273,8.363636363636363,5761484,CC(C)(C)C1=CC=C(C=C1)/C(=C\C2=NC3=CC=CC=C3N2CC4=CC=C(C=C4)Cl)/OC(=O)C5=CC=C(C=C5)C(C)(C)C
813,6,203.34333333333333,203.03486415133335,-1.0,2.85,62.300000000000004,0.3333333333333335,3.1666666666666665,2.0000000000000004,5598931,C1=CC=C(C(=C1)/C=C/C(=O)[O-])C#N
814,124,316.2442741935484,315.12599422551614,1.0408340855860843e-17,4.098387096774194,41.53629032258067,2.0,1.040322580645161,2.21774193548387,765417,C1=CC(=CC(=C1)Cl)NC(=O)NC2=C(C(=CC=C2)Cl)Cl
815,39,430.14307692307693,429.5837364153846,3.469446951953614e-18,2.1102564102564103,132.74358974358972,1.9487179487179487,7.666666666666666,11.230769230769232,233520,CCNS(=O)(=O)C1=CC=C(C=C1)OCCOC2=CC=C(C=C2)S(=O)(=O)NCC
816,52,146.76807692307693,146.64074338530767,1.0408340855860843e-17,0.31153846153846176,54.965384615384615,1.0,3.0769230769230766,3.5384615384615383,5371085,COC(=O)/C=C/C1=CN=CN1
817,1,1350.2000000000003,1349.8043800000003,0.0,-4.199999999999999,354.0,12.0,24.0,6.0,6409646,C(C1[C@@H]2C(C([C@H](O1)O[C@@H]3C(O[C@@H](C(C3O)O)O[C@@H]4C(O[C@@H](C(C4O)O)O[C@@H]5C(O[C@@H](C(C5O)O)O[C@@H]6C(O[C@@H](C(C6O)O)O[C@@H]7C(O[C@H](O2)C(C7O)O)CBr)CBr)CBr)CBr)CBr)O)O)Br
818,94,454.0553191489362,453.41828745734045,6.938893903907228e-18,4.646808510638298,109.87021276595745,1.0,6.117021276595745,6.117021276595745,1487584,C1=CC(=CC(=C1)Br)NS(=O)(=O)C2=CC=C(C=C2)OCC3=CN=C(S3)Cl
819,44,191.25772727272727,191.1581576438636,6.938893903907228e-18,-2.2113636363636364,135.8272727272727,4.068181818181818,4.7272727272727275,2.6136363636363633,308721,C(C1C(=O)NC(=O)N1)ONC(=O)N
820,92,204.1548913043478,204.0049991028152,3.469446951953614e-18,2.026086956521739,66.07282608695652,-4.440892098500626e-16,3.9891304347826084,3.2934782608695663,261483,COC1=CC=CC(=C1OC)C=C[N+](=O)[O-]
821,289,368.08979238754324,367.63775023574397,-6.938893903907228e-18,2.186159169550172,81.32179930795849,1.0000000000000004,5.128027681660899,4.43598615916955,3729935,CC1=C(C(=NN1C)C)NS(=O)(=O)C2=C(C=CC(=C2)Br)OC
822,2,1429.5,1428.6984152,0.0,-3.6999999999999997,323.0,0.0,35.0,28.0,162771,COC[C@@H]1[C@@H]2[C@@H]([C@H]([C@H](O1)O[C@@H]3[C@H](O[C@@H]([C@@H]([C@H]3OC)OC)O[C@@H]4[C@H](O[C@@H]([C@@H]([C@H]4OC)OC)O[C@@H]5[C@H](O[C@@H]([C@@H]([C@H]5OC)OC)O[C@@H]6[C@H](O[C@@H]([C@@H]([C@H]6OC)OC)O[C@@H]7[C@H](O[C@@H]([C@@H]([C@H]7OC)OC)O[C@@H]8[C@H](O[C@H](O2)[C@@H]([C@H]8OC)OC)COC)COC)COC)COC)COC)COC)OC)OC
823,25,446.08000000000004,445.70205986359997,3.469446951953614e-18,8.124,66.832,2.0,2.96,15.84,3894362,CCCCCCCCCCOC1=CC=C(C=C1)NC(=O)NC2=CC=CC=C2OCCCC
824,49,514.4591836734694,513.7559873818368,6.938893903907228e-18,3.993877551020408,124.35510204081632,3.0408163265306123,7.142857142857142,9.26530612244898,462970,CCNC1=C(N=CC=C1)N(CC)C2CCN(CC2)C(=O)C3=CC4=C(N3)C=CC(=C4)NS(=O)(=O)C(C)C
825,37,412.89216216216215,412.5614535845946,3.469446951953614e-18,1.981081081081081,136.48648648648648,2.972972972972973,9.621621621621621,4.351351351351352,5295050,C1=CC=C(C=C1)CN2C(=O)C(NC2=O)(C(F)(F)F)NS(=O)(=O)C3=CC=C(C=C3)N
826,127,416.2307086614173,415.6771513166929,6.938893903907228e-18,3.9669291338582675,126.59055118110237,1.9999999999999998,6.984251968503937,5.448818897637795,3109353,C1=CC=C(C=C1)C2=C(C(=O)N(N2)C3=CC=CC=C3)N=NC4=CC=C(C=C4)S(=O)(=O)N
827,22,383.095,382.88997183545456,0.0,2.840909090909091,66.06818181818181,1.1363636363636362,13.0,7.2727272727272725,69939,CN(CCCCO)S(=O)(=O)C(C(C(C(F)(F)F)(F)F)(F)F)(F)F
828,76,357.48789473684207,357.16095106578945,0.0,0.8500000000000005,136.80263157894737,2.0,7.421052631578947,5.7368421052631575,133599,CSC(CNC(=O)N(CCCl)N=O)N1C=C(C(=O)NC1=O)F
829,80,299.57675,299.27747751175,0.0,-0.1600000000000006,109.64,1.9875,6.3,5.75,4378375,COCCCNS(=O)(=O)C1=CC2=C(C=C1)OCC(=O)N2
830,90,478.0416666666667,476.8826299773333,6.938893903907228e-18,5.48,86.06888888888889,2.0444444444444443,3.4666666666666663,3.355555555555556,1015270,COC1=C(C=C(C=C1)C(=O)NC(=S)NC2=C(C=C(C=C2)Cl)Cl)I
831,36,525.9752777777777,525.3030495080556,3.469446951953614e-18,6.125,83.08888888888889,1.2777777777777777,12.722222222222218,5.166666666666667,3421237,CC1=CC=C(C=C1)NS(=O)(=O)C2=CC=C(C=C2)OC3=NC4=C(C=C3)C(=CC(=N4)C(F)(F)F)C(F)(F)F
832,62,281.23096774193544,280.99201457629033,3.469446951953614e-18,0.1919354838709677,80.00483870967741,-2.220446049250313e-16,5.274193548387097,2.838709677419355,199657,CC1=C(C(=O)N(N1C)C2=CC=CC=C2)S(=O)(=O)N(C)C
833,125,246.19792,245.94127240409603,6.938893903907228e-18,1.9431999999999998,65.55760000000001,0.9999999999999998,4.288,5.344,871234,CC(C)CS(=O)(=O)NC1=CC=CC=C1OC
834,45,587.1200000000001,586.3187525342222,-3.469446951953614e-18,5.297777777777778,150.26666666666668,2.2444444444444445,7.511111111111111,6.666666666666667,3614910,CC1=CC(=CC=C1)NC(=S)N=NC2=C(N(C3=C2C=C(C=C3)S(=O)(=O)N4CCOCC4)CC5=CC=C(C=C5)Cl)O
835,25,201.5244,201.38806184656,-3.469446951953614e-18,-1.416,115.108,3.92,2.76,6.52,23819,C(CCCN=C(N)N)CCN=C(N)N
836,188,293.40074468085106,292.7235034178564,1.0408340855860843e-17,2.371276595744681,55.94095744680851,2.0,1.920212765957447,2.962765957446809,2195500,C1=CC(=C(C=C1Cl)Cl)NC(=O)NCC2=CC=NC=C2
837,135,469.0525925925926,468.24388793385185,1.0408340855860843e-17,6.380740740740741,103.58740740740741,1.9999999999999998,4.281481481481482,5.029629629629629,3297545,CC1=CC=C(C=C1)CN2C3=CC=CC=C3C(=C2O)N=NC(=S)NC4=CC(=C(C=C4)OC)Cl
838,81,361.1911111111111,360.6971989320988,3.469446951953614e-18,3.9901234567901236,74.14814814814815,3.0000000000000004,5.160493827160494,3.2222222222222223,4031111,CC1(CC(CC(N1)(C)C)NC(=S)NC2=CC=C(C=C2)OC(F)F)C
839,48,449.48541666666665,449.111862204375,3.469446951953614e-18,5.416666666666667,70.87083333333334,1.9791666666666665,3.4583333333333335,11.6875,10072369,CCC1=C(N=CN1CCCOC2=CC=CC(=C2NC(=O)NCCC(C)C)C)C3=CC=CC=C3
840,102,404.79607843137256,404.25610135637254,1.0408340855860843e-17,4.126470588235294,122.49019607843138,1.0000000000000002,6.627450980392156,5.833333333333333,1077796,CC1=CC(=C(C(=C1)C)S(=O)(=O)NC2=NN=C(S2)CC3=CC=C(C=C3)OC)C
841,72,221.8741666666667,221.57235246916665,3.469446951953614e-18,1.113888888888889,105.20972222222223,1.0,5.069444444444445,1.8055555555555554,232993,CNS(=O)(=O)C1=CC=C(C=C1)[N+](=O)[O-]
842,47,519.0946808510638,518.6655407742553,1.3877787807814457e-17,4.863829787234042,89.79787234042553,0.021276595744681215,5.170212765957447,3.510638297872341,5294268,C1=CC(=CC=C1N2C(=NC3=C(C2=O)C=C(C=C3)I)/C=C/C4=CC=C(O4)[N+](=O)[O-])Cl
843,26,299.83076923076925,299.6350888061539,0.0,-2.6538461538461537,155.19230769230768,4.730769230769232,7.807692307692307,5.230769230769231,128523,C1=CC(=CN=C1)CCC(O)(P(=O)(O)O)P(=O)(O)O
844,34,601.9029411764706,601.2008105020589,0.0,5.688235294117647,154.02941176470588,0.8235294117647057,9.529411764705882,10.176470588235293,3223525,CCOC1=CC(=C(C=C1S(=O)(=O)N2CCC(CC2)C3=NC4=CC=CC=C4S3)OCC)S(=O)(=O)NC5CCCCC5
845,60,114.70616666666666,114.55056066975004,1.734723475976807e-17,2.1816666666666666,5.966666666666654,4.440892098500626e-16,0.5666666666666647,1.0666666666666695,70735,CC1=NC(=CC=C1)C=C
846,140,326.53385714285713,325.9847635385,3.469446951953614e-18,1.8885714285714286,83.89357142857143,2.0,3.5142857142857142,2.307142857142858,3157064,C1CS(=O)(=O)CC1NC(=O)NC2=CC(=C(C=C2)Cl)Cl
847,4,543.5,543.13683682,0.0,7.4,85.525,0.5,6.25,26.75,3036001,CCCCCCCCCCCCCCCCOCC(COP([O-])OCC[N+]1=CC(=O)C(C=C1)N(C)C)OCC
848,198,275.1832828282828,274.79715816735353,1.0408340855860843e-17,2.344444444444444,66.77979797979798,1.0,4.101010101010101,3.7070707070707067,8403103,C1CC2=C(C1)C=C(C=C2)S(=O)(=O)NCC3=CC=CO3
849,95,342.26684210526315,341.9002839910526,0.0,3.3105263157894735,71.06105263157895,-4.440892098500626e-16,5.136842105263158,7.968421052631578,3153535,CCCCN(CCCC)S(=O)(=O)C1=CC2=C(C=C1)N(C(=O)O2)C
850,79,393.9506329113924,393.45031899253166,6.938893903907228e-18,4.575949367088608,69.19493670886075,1.0,3.924050632911392,9.645569620253164,5141145,CCCCN(C)CCCN(CC1=CC=CS1)C(=S)NC2=CC=CC=C2F
851,169,355.0044970414201,354.57018200029586,1.3877787807814457e-17,2.5023668639053254,73.8130177514793,1.0000000000000004,3.899408284023669,5.798816568047337,7636021,CC1=C(C=C(C=C1)NS(=O)(=O)CCC2=CC=CC=C2)N3CCCC3=O
852,37,643.2405405405405,642.7179580854055,6.938893903907228e-18,4.713513513513513,157.5135135135135,3.027027027027027,9.10810810810811,16.216216216216218,513794,CC(C)CN([C@@H](CCCCNC(=O)N(CC1=CC=C(C=C1)OC)CC2=CC3=C(C=C2)OCO3)CO)S(=O)(=O)C4=CC=C(C=C4)N
853,10,805.9300000000001,805.328941217,0.0,2.88,188.70000000000002,2.8,12.3,7.1000000000000005,5372,CC1CC(C2C(CC(C(O2)(C(=O)C(=O)N3CCCCC3C(=O)OC(C(C(CC(=O)C(C=C(C1)C)CC=C)O)C)C(=CC4CCC(C(C4)OC)O)C)O)C)OC)OC
854,118,203.10983050847454,202.93559184982206,6.938893903907228e-18,0.5262711864406784,96.9635593220339,3.0,3.2288135593220337,1.8983050847457625,222304,C1=CC=C(C=C1)C2=NC(=NN2)NC(=O)N
855,18,243.95722222222224,243.78484376833333,3.469446951953614e-18,-1.5222222222222217,182.27777777777777,6.055555555555555,4.277777777777778,4.833333333333333,9571197,C(=N/NC(=S)N)\NN/C=N/NC(=S)N
856,47,495.04680851063824,494.32573965787236,3.469446951953614e-18,5.768085106382978,75.42978723404255,2.0638297872340425,9.319148936170212,5.23404255319149,3616336,CC1=CC2=C(C=C1)N=C(C(=N2)NC3=CC=CC(=C3)C(F)(F)F)NS(=O)(=O)C4=CC=C(C=C4)Cl
857,5,694.6800000000001,694.1559861979999,0.0,3.1799999999999997,283.6,9.4,14.600000000000001,13.6,6451084,C1=CC(=C(C=C1C[C@H](C(=O)O)OC(=O)/C=C/C2=C3[C@@H]([C@H](OC3=C(C=C2)O)C4=CC(=C(C=C4)O)O)C(=O)O[C@H](CC5=CC(=C(C=C5)O)O)C(=O)O)O)O
858,17,546.1764705882354,545.5864799476471,0.0,4.747058823529412,206.23529411764707,1.6470588235294117,11.352941176470589,7.9411764705882355,1832189,C1=CC=C2C(=C1)C=C(C(=O)O2)C3=CSC(=N3)/C(=C\NC4=CC=C(C=C4)S(=O)(=O)NC5=NC=CS5)/C#N
859,46,597.9804347826087,597.393710622174,3.469446951953614e-18,5.984782608695652,110.9695652173913,1.9565217391304348,8.130434782608695,11.413043478260867,6616645,CC1CC(CN(C1)C(=O)C2=CC(=C(C=C2)NCCC3=CC(=C(C=C3)OC)OC)S(=O)(=O)NC4=CC(=CC=C4)OC)C
860,71,470.4760563380282,469.9821576925352,0.0,2.767605633802817,96.2450704225352,2.0,5.859154929577465,7.253521126760564,4208421,COC1=C2C=C(C(=O)NC2=C(C=C1)OC)CCNS(=O)(=O)C3=CC=C(C=C3)Br
861,10,536.86,536.028664143,0.9999999999999999,5.07,93.09,0.5999999999999999,5.4,9.1,4871968,CCOC(=O)C1(CC(OC1=O)(C)C(=O)CS[N+]2=CC(=CC(=C2)Br)Br)CCC(C)C
862,30,548.6933333333333,548.244059917,0.0,3.09,135.06666666666666,3.1666666666666665,6.933333333333334,15.199999999999998,513761,CC(C)CN([C@@H](CCCCNC(=O)N(CC1=CC=CC=C1)CC2=CN=CC=C2)CO)S(=O)(=O)C3=CC=C(C=C3)N
863,22,380.08181818181816,379.52339351213635,1.0000000000000002,6.290909090909091,16.540909090909082,0.04545454545454519,0.9999999999999996,4.909090909090909,6123187,C1=CC=C(C=C1)/C=C/C2=CC=[N+](C=C2)CC(=O)C3=C(C=C(C=C3)Cl)Cl
864,8,618.8125,618.1897271187499,3.469446951953614e-18,0.3250000000000002,273.25,5.625,13.25,8.375,5468079,C1=CC2=C(C=C(C(=C2N=C1)O)C(=O)NC3=CC(=C(C=C3)/C=C/C4=C(C=C(C=C4)N)S(=O)(=O)O)S(=O)(=O)O)S(=O)(=O)O
865,55,220.18454545454546,219.8149575978182,6.938893903907228e-18,0.6163636363636362,103.20363636363636,3.0,1.3272727272727276,2.036363636363637,1354,C1=CC(=CC(=C1)Cl)N=C(N)N=C(N)N
866,56,488.4242857142857,487.70844722625,3.469446951953614e-18,4.798214285714286,104.05178571428571,3.1607142857142856,7.7142857142857135,5.928571428571429,10005916,CN(C)NC(=O)C1=NC=CC(=C1)OC2=CC=CC(=C2)NC(=O)NC3=CC(=C(C=C3)Cl)C(F)(F)F
867,110,336.3896363636364,336.0042907553182,6.938893903907228e-18,3.8927272727272726,63.74545454545454,2.0090909090909093,2.6545454545454543,7.49090909090909,934870,CCOC1=C(C=C(C=C1)CCNC(=O)NC2=CC=CC=C2C)OCC
868,81,227.80827160493828,227.6505819849383,0.0,1.58641975308642,63.57530864197531,2.0246913580246915,4.703703703703703,1.71604938271605,6907487,C1=CC=C(C(=C1)/C=N/NC(=O)N)C(F)(F)F
869,121,418.3190082644628,417.9312460482645,6.938893903907228e-18,3.391735537190083,118.35537190082646,1.9999999999999998,7.1487603305785115,7.694214876033058,2163133,COC1=CC=C(C=C1)NC(=O)/C(=C\C2=CC(=C(C(=C2)Cl)OCC(=O)O)OC)/C#N
870,45,563.9288888888889,563.0704203813333,3.469446951953614e-18,4.488888888888889,112.72222222222223,2.0444444444444443,5.666666666666667,5.4222222222222225,6238977,CC1CC2=C(O1)C=CC(=C2)/C(=C\3/C(N(C(=O)C3=O)CC4=C[NH+]=CC=C4)C5=CC(=C(C(=C5)Br)O)OC)/[O-]
871,100,449.2924,448.3104892564,3.469446951953614e-18,4.594,61.519,0.9999999999999998,3.1099999999999994,4.11,1242552,CC1=CC=C(C=C1)N(CC2=NN=C3N2CCCCC3)C(=O)NC4=CC(=C(C=C4)Cl)Cl
872,8,690.95,690.1848321175,0.0,6.862500000000001,218.74999999999994,4.375,10.125,7.875,5463294,C1=CC=C2C(=C1)C=CC(=C2N=NC3=CC(=C(C=C3)/C=C/C4=C(C=C(C=C4)N=NC5=C(C=CC6=CC=CC=C65)N)S(=O)(=O)O)S(=O)(=O)O)N
873,21,660.0428571428572,659.5461765490477,0.0,3.104761904761905,200.71428571428572,4.571428571428571,10.142857142857142,13.61904761904762,500683,CC(=O)NCSC(C)(C)[C@@H](C(=O)N1C[C@@H](C[C@H]1C(=O)NC2(C[C@@H]2C=C)C(=O)O)OC3=CC=NC4=CC=CC=C43)NC(=O)OC(C)(C)C
874,15,500.078,499.74572004933333,0.0,0.9266666666666663,179.26666666666665,5.533333333333333,11.200000000000001,9.333333333333332,6474385,CC(=O)C1(C[C@H](C([C@@H](C1)O)OC(=O)/C=C/C2=CC(=C(C=C2)O)O)O)OC(=O)/C=C/C3=CC(=C(C=C3)O)O
875,177,345.84175141242935,345.4813976679661,1.3877787807814457e-17,3.363276836158192,101.32937853107344,1.9999999999999998,5.045197740112995,4.5423728813559325,801893,COC1=CC=C(C=C1)C(=O)NC(=S)NC2=CC(=C(C=C2)OC)OC
876,9,692.8777777777777,692.3413617322221,3.469446951953614e-18,11.344444444444443,118.87777777777778,3.7777777777777777,5.444444444444445,18.333333333333336,3037688,CCCCCCCCC1CC1CCCCCCCCCNC(=S)NC2=CC3=C(C=C2)C4(C5=C(C=C(C=C5)O)OC6=C4C=CC(=C6)O)OC3=O
877,17,354.7764705882353,354.47736143794117,0.0,6.658823529411764,72.42941176470589,2.4705882352941178,2.0588235294117654,16.470588235294116,6438988,CCCCCCCCC/C=C(\CCCCCC)/CN=C(N)NN
878,63,274.70650793650793,274.4292207247619,3.469446951953614e-18,-0.2999999999999994,108.35238095238095,3.0,5.031746031746032,2.6190476190476195,4256066,CCNC(=O)NNC(=O)C1CC(=NO1)C2=CN=CC=C2
879,94,322.6682978723404,322.3109050110638,3.469446951953614e-18,2.4861702127659573,125.48936170212767,2.0,5.425531914893617,5.531914893617021,1481782,CCNC(=O)NC1=NN=C(S1)SCC2=CC(=CC=C2)OC
880,44,353.2484090909091,352.94428495568184,0.0,0.3886363636363632,138.02272727272728,2.9772727272727275,6.75,5.9772727272727275,2165404,C1COCCN1CCCNC(=S)NC2=CC=C(C=C2)S(=O)(=O)N
881,20,298.8425,298.527972254,0.0,0.09499999999999975,123.02000000000001,5.4,3.95,4.95,2804716,C1=C(C=C(C=C1Cl)Cl)NC(=S)NC(CO)(CO)CO
882,102,403.2235294117647,402.8225680052941,1.0408340855860843e-17,5.11764705882353,88.65490196078431,1.0000000000000002,6.098039215686274,7.764705882352942,6415516,CC1=CC=C(C=C1)CON/C=C/C2=C(N=NC(=N2)SCC3=CC=C(C=C3)Cl)C
883,86,533.7918604651163,532.969328146628,0.0,5.732558139534883,108.78953488372093,2.0,5.976744186046512,8.302325581395348,1759604,COC1=CC(=C(C=C1)OC)/C=C(/C(=O)N=NC2=C(N(C3=CC=CC=C32)CCCl)O)\NC(=O)C4=CC=CC=C4
884,47,411.00936170212765,410.639023193617,0.0,1.8808510638297873,100.64468085106382,0.0,7.297872340425532,4.638297872340425,5910227,CCOC(=O)/C(=C/C1=C(N=C2C(=CC=CN2C1=O)C)N3CC(OC(C3)C)C)/C#N
885,152,273.2995394736842,273.0153357627632,6.938893903907228e-18,1.2381578947368421,75.94144736842105,1.0,5.125,3.763157894736842,5151378,C1CC(OC1)CNS(=O)(=O)C2=CN=C(C=C2)Cl
886,72,452.57361111111106,452.0431829559722,3.469446951953614e-18,4.065277777777777,105.30277777777778,2.0,8.26388888888889,4.972222222222222,1249717,CC1=CC=C(C=C1)S(=O)(=O)NC2=NC3=CC=CC=C3N=C2NC4=CC5=C(C=C4)OCCO5
887,87,431.4525287356322,430.9955474024138,6.938893903907228e-18,3.4,144.70114942528735,2.0,8.436781609195403,6.781609195402298,1262945,CCOC1=NC(=NC(=N1)NC(=O)NS(=O)(=O)C2=CC=C(C=C2)OC)C3=CC=CC=C3
888,11,481.83090909090913,481.2957416172727,0.0,0.8909090909090907,171.45454545454544,0.8181818181818182,11.363636363636363,12.545454545454547,97302,CC(=O)OC[C@@H]1[C@H]([C@@H]([C@H](C(O1)OC(=O)C)NC(=O)N(CCCl)N=O)OC(=O)C)OC(=O)C
889,47,466.1893617021277,465.65813470510636,0.0,5.717021276595744,79.27659574468085,1.0,5.553191489361702,10.212765957446809,9666111,CC(C)(C)C1=CC=C(C=C1)OCCOC2=C(C=C(C=C2Cl)/C=N/NC(=O)C3=CC=NC=C3)OC
890,156,300.43993589743593,299.83656367578203,3.469446951953614e-18,3.5358974358974358,79.81858974358974,1.0,3.8269230769230766,3.2051282051282053,718460,CC1=CC(=C(S1)C)S(=O)(=O)NC2=CC(=CC=C2)Cl
891,96,466.0260416666667,465.3135336526042,1.0408340855860843e-17,6.113541666666666,110.04479166666667,1.9999999999999998,5.15625,6.6875,2210179,CC1=CC2=C(C=C1)N=C(S2)C3=CC=C(C=C3)NC(=S)NCCC4=CC(=C(C=C4)OC)OC
892,109,336.17082568807336,335.83632105266054,6.938893903907228e-18,3.6889908256880735,96.11100917431193,-4.440892098500626e-16,5.669724770642202,5.440366972477064,7463862,COC1=CC=C(C=C1)CC2=NN=C3N2N=C(S3)/C=C/C4=CC=CO4
893,24,621.2791666666667,620.6992996208332,6.938893903907228e-18,7.416666666666666,49.69166666666668,0.0416666666666663,3.083333333333333,5.583333333333333,6230082,CC1=C(C2=CC=CC=C2N1CC3=CC=CC=C3)/C=C/C4=NC5=C(C=C(C=C5)I)C(=O)N4C6=CC=C(C=C6)OC
894,73,470.3958904109589,469.81528275890406,1.0408340855860843e-17,5.317808219178082,86.05342465753425,2.0136986301369864,6.84931506849315,7.36986301369863,1262240,CC1=CC(=C(C=C1OC)S(=O)(=O)NCCC2=C(NC3=C2C=C(C=C3)OC(F)(F)Cl)C)C
895,162,338.39117283950617,337.443598710142,6.938893903907228e-18,4.230246913580247,52.10370370370371,2.0,1.7716049382716057,2.635802469135803,970373,CC1=C(C=CC(=C1)NC(=O)NC2=CC=C(C=C2)OC)Br
896,46,307.0958695652174,306.6700360904565,0.9999999999999999,3.7543478260869563,40.83260869565217,1.0652173913043477,1.7173913043478262,3.8478260869565215,6439869,C1=CC=C2C(=C1)C=CC=C2/C=C/C3=CC=[N+](C=C3)CC(=O)O
897,2,645.4,645.1065975000001,2.0,9.149999999999999,32.55,0.0,3.0,10.5,9987113,CN(C1=CC=[N+](C=C1)CC2=CC=C(C=C2)C3=CC=C(C=C3)C[N+]4=CC=C(C=C4)N(C)C5=CC(=CC(=C5)Cl)Cl)C6=CC(=CC(=C6)Cl)Cl
898,56,532.3642857142858,531.2648224002678,1.3877787807814457e-17,7.557142857142855,52.98571428571428,1.017857142857143,1.714285714285714,8.410714285714286,5240865,CC1=CC(=C(C=C1)CN2C=CC=C2CN(CCC3=CC=C(C=C3)Cl)C(=S)NC4=CC(=C(C=C4)F)Cl)C
899,135,336.3404444444444,335.9782159154815,3.469446951953614e-18,2.5644444444444443,118.27407407407406,0.9999999999999998,6.481481481481481,4.792592592592593,4456434,CCOC1=CC=CC=C1NS(=O)(=O)C2=CC=CC3=NSN=C32
900,187,377.1686631016043,376.6657052029412,1.3877787807814457e-17,3.271657754010695,101.12459893048128,0.9999999999999997,6.342245989304814,5.422459893048129,1210570,COC1=CC(=C(C=C1)OC)NS(=O)(=O)C2=CC=C(S2)Br
901,58,268.0494827586207,267.8138103137931,0.0,1.263793103448276,113.98965517241379,-2.220446049250313e-16,6.3965517241379315,3.3103448275862073,9570442,CN(C)/C=N/C1=NN=C(O1)/C=C/C2=CC=C(O2)[N+](=O)[O-]
902,131,394.38106870229007,393.75468995923666,3.469446951953614e-18,2.952671755725191,86.7496183206107,2.0,3.770992366412214,3.480916030534351,4063143,C1CCC2=NC3=C(C=C(C=C3)NC(=S)NCC4=CC=C(C=C4)F)C(=O)N2CC1
903,57,366.0498245614035,365.6548376514035,3.469446951953614e-18,1.9385964912280704,156.36842105263156,1.0,8.105263157894736,3.754385964912281,1514,COC1=CC=CC(=C1)N2C=CC3=C(S2(=O)=O)SC(=C3)S(=O)(=O)N
904,44,435.85227272727275,435.4859908045227,1.0408340855860843e-17,6.940909090909091,49.47045454545456,2.0227272727272725,1.454545454545455,7.7272727272727275,3072900,CCC(CC)(CNC(=O)NC1=C(C=CC=C1C(C)C)C(C)C)C2=CN(C3=CC=CC=C32)C
905,28,176.01392857142858,175.8993712602143,3.469446951953614e-18,-0.06071428571428639,66.51071428571429,1.8928571428571428,3.071428571428571,5.964285714285714,350848,CCOCNC(=O)NCOCC
906,61,214.36639344262295,214.04550490562295,3.469446951953614e-18,5.286885245901639,1.1278688524590024,0.0,0.08196721311475308,2.0983606557377046,137764,CC1=CC=CC=C1C(=C)C2=CC=CC=C2C
907,50,391.4506,391.0239688496,3.469446951953614e-18,1.5779999999999998,163.66,4.159999999999999,5.72,5.06,6399997,CNC(=S)N/N=C(/C(=N/NC(=S)NC)/C1=CC=CC=N1)\C2=CC=CC=N2
908,102,333.4963725490196,333.14070996088236,6.938893903907228e-18,3.5833333333333335,77.64313725490196,2.0,5.676470588235294,2.264705882352941,2621157,C1OC2=C(O1)C=C(C=C2)NC(=S)NC3=CC=CC(=C3)C(F)(F)F
909,3,1072.6333333333332,1071.9220444433333,3.469446951953614e-18,0.26666666666666705,403.3333333333333,13.333333333333332,12.666666666666664,17.333333333333332,4369339,C1=CC=C(C=C1)C[C@H]2C(=O)N[C@H](C(=O)N[C@H](C(=O)N[C@H](C(=O)N[C@H](C(=O)N[C@H](C(=O)N2)CCCN=C(N)N)CC3=CNC4=CC=CC=C43)CC5=CNC6=CC=CC=C65)CCCN=C(N)N)CCCN=C(N)N
910,15,443.4866666666667,442.9941819919334,0.0,8.959999999999999,51.653333333333336,1.0666666666666667,3.1333333333333333,7.866666666666667,3789896,CCCCCC1CCC(CC1)C2=CC=C(C=C2)NS(=O)(=O)C3=C(C=CC(=C3)Cl)Cl
911,136,441.1389705882353,440.69095114830884,3.469446951953614e-18,2.5683823529411764,111.72720588235293,1.0,7.5367647058823515,7.014705882352941,4182126,CCS(=O)(=O)NC1=CC=CC(=C1)C2=NN(C(C2)C3=CC=C(C=C3)C)S(=O)(=O)CC
912,10,628.71,628.29087457,0.0,0.79,230.2,7.699999999999999,6.9,8.1,5278957,C[C@@H]1C(=O)N[C@H](C(=O)N[C@H](C(=O)NCC(=O)N[C@@H](C(=O)N1)CC2=CC=C(C=C2)O)CC3=CC4=CC=CC=C4C=C3)CCCN=C(N)N
913,67,316.77611940298505,316.3673004937313,3.469446951953614e-18,-0.07014925373134329,127.19402985074626,1.9850746268656716,5.82089552238806,2.328358208955224,3058906,CN(C)N1C(=O)C2=CC(=C(C=C2NC1=O)Cl)S(=O)(=O)N
914,222,346.66909909909907,345.8764412103784,1.3877787807814457e-17,4.6252252252252255,81.91081081081082,2.0,3.1441441441441436,2.585585585585586,868978,CC1=CC=C(C=C1)C2=CSC(=N2)NC(=O)NC3=CC(=CC=C3)Cl
915,140,403.77135714285714,403.02353169764285,1.0408340855860843e-17,4.138571428571428,136.77142857142857,1.9999999999999998,5.621428571428572,3.357142857142857,1335342,C1=CC(=CC=C1C2=NN=C(S2)NC(=O)NC3=C(C=C(C=C3)Cl)Cl)[N+](=O)[O-]
916,3,706.0,705.4549251066667,3.469446951953614e-18,0.8666666666666667,249.99999999999994,0.6666666666666667,15.666666666666664,17.333333333333332,5279261,CC(=O)OC1=CC(=CC(=C1OC(=O)C)OC(=O)C)/C=C/S(=O)(=O)CS(=O)(=O)/C=C/C2=CC(=C(C(=C2)OC(=O)C)OC(=O)C)OC(=O)C
917,148,350.28175675675675,349.42149394831756,3.469446951953614e-18,4.284459459459459,79.875,0.9999999999999998,3.6486486486486487,3.2364864864864877,893140,CC1=C(C(=CC=C1)C)NS(=O)(=O)C2=CC=C(S2)Br
918,171,413.95497076023395,413.5027905493567,1.734723475976807e-17,2.1801169590643275,112.77368421052631,0.9999999999999997,7.081871345029242,5.204678362573099,3944302,C1CCN(CC1)S(=O)(=O)C2=CC=CC(=C2)NS(=O)(=O)C3=CN=C(C=C3)Cl
919,1,1761.8,1760.7575058,0.0,-14.9,707.0,24.0,48.0,32.0,119174,CC(COCC1C2C(C(C(O1)OC3C(OC(C(C3O)O)OC4C(OC(C(C4O)O)OC5C(OC(C(C5O)O)OC6C(OC(C(C6O)O)OC7C(OC(C(C7O)O)OC8C(OC(C(C8O)O)OC9C(OC(O2)C(C9O)O)COCC(C)O)COCC(C)O)COCC(C)O)COCC(C)O)COCC(C)O)COCC(C)O)COCC(C)O)O)O)O
920,6,398.71166666666664,398.46025675833334,3.469446951953614e-18,-5.15,193.83333333333331,6.5,10.333333333333332,8.166666666666666,3008471,C=CC1=CC(C(=O)NC1N)[C@H]2[C@H]([C@@H]([C@H](O2)COP(=O)(CC(=O)O)O)O)O
921,34,373.4055882352941,373.0292757947059,0.0,-0.7911764705882347,135.26470588235293,3.823529411764706,7.794117647058824,5.352941176470588,6481749,CC=NC(=C)C1=NN(C(=N1)C2=CC=CC=C2)C3[C@@H]([C@H]([C@@H]([C@H](O3)CO)O)O)O
922,28,420.85,420.4420860796429,3.469446951953614e-18,1.7249999999999999,120.49285714285713,0.0,8.071428571428571,8.321428571428571,233525,CN(C)S(=O)(=O)C1=CC=C(C=C1)OCCOC2=CC=C(C=C2)S(=O)(=O)N(C)C
923,28,502.93500000000006,502.55042247178574,3.469446951953614e-18,3.425,155.32142857142856,2.2142857142857144,11.857142857142858,6.964285714285715,1622095,COC1=CC(=CC(=C1)NC2=NC3=CC=CC=C3N=C2NS(=O)(=O)C4=CC=CC5=NSN=C54)OC
924,151,346.95384105960267,346.3600060448742,6.938893903907228e-18,2.5940397350993374,70.3364238410596,2.0,2.794701986754967,4.483443708609272,1444549,COC1=CC=C(C=C1)NC(=O)NC2(CCCCC2)C(=O)N3CCCC3
925,211,287.0097156398104,286.48988130645023,1.0408340855860843e-17,3.7492890995260666,70.66255924170616,2.0,2.0189573459715633,2.7014218009478674,4847989,CC1=C(N=CC=C1)NC(=S)NC2=CC=C(C=C2)C(C)C
926,158,316.6932278481013,316.28969131122153,6.938893903907228e-18,3.143037974683544,64.32911392405063,1.0,3.5569620253164556,6.348101265822785,1484578,CC1=CC=C(C=C1)CNS(=O)(=O)/C=C/C2=CC=C(C=C2)OC
927,101,384.43168316831685,383.60122627147524,3.469446951953614e-18,5.988118811881188,67.46237623762377,2.0,2.06930693069307,3.772277227722772,2206569,CC(C)(C)C1=CC(=C(C=C1)OC)NC(=S)NC2=CC(=C(C=C2)Cl)Cl
928,146,296.54746575342466,295.987179534726,6.938893903907228e-18,4.249315068493151,47.032191780821925,2.0,1.1164383561643838,4.273972602739726,28799,C1=CC=C(C=C1)CN=C(N)NC2=CC(=C(C=C2)Cl)Cl
929,66,281.2672727272727,280.99861997924245,3.469446951953614e-18,0.39393939393939403,110.19545454545454,3.015151515151515,5.3939393939393945,6.151515151515151,1714163,C1=COC(=C1)/C=C(/C(=O)NCCO)\NC(=O)C2=CC=CO2
930,209,258.98464114832535,258.56505932802395,1.3877787807814457e-17,2.797129186602871,72.77511961722487,2.0,1.9665071770334932,2.7559808612440198,2978896,CC1=CC=CC=C1NC(=O)NC(C)C2=CC=CS2
931,167,461.901377245509,461.3796943220958,1.0408340855860843e-17,4.165269461077845,88.92335329341317,1.0,5.275449101796408,6.892215568862276,1249636,CC1=CC=C(C=C1)S(=O)(=O)N(CC2=CC=CC=C2)C3=CC=CC=C3C(=O)NN=C4CCCC4
932,69,226.5186956521739,226.32781807531885,3.469446951953614e-18,0.6492753623188401,81.55507246376811,3.0,2.7681159420289854,4.27536231884058,4642065,CCCCNC(=O)NNC(=O)C1=CC=CO1
933,6,455.9166666666667,455.575291484,0.9999999999999999,11.933333333333334,8.033333333333346,0.16666666666666696,0.8333333333333335,19.833333333333332,5809545,CCCCCCCCCCCCCCCCCCN(C)C1=CC=C(C=C1)/C=C/C2=CC=[N+](C=C2)C
934,21,416.8285714285714,416.33337654742854,0.0,9.623809523809522,44.41904761904762,2.0,1.047619047619048,16.857142857142854,9979204,CCCCCCCC/C=C\CCCCCCCCNC(=O)NC1=C(C=CC(=C1)C)C
935,193,303.8879274611399,303.5059382034715,1.0408340855860843e-17,2.070466321243523,75.03886010362694,1.0,5.1139896373057,4.637305699481865,686051,COC1=C(C=C(C=C1)Cl)S(=O)(=O)NCC2=CC=CO2
936,23,414.7,414.4151423969565,3.469446951953614e-18,4.121739130434783,76.43913043478261,3.2608695652173916,9.565217391304348,2.9565217391304346,1202530,C1=CC(=C(C(=C1)F)C(=O)NC(=O)NNC2=C(C=C(C=N2)C(F)(F)F)Cl)F
937,33,514.5442424242424,513.9787425639395,0.0,4.642424242424243,113.93030303030304,3.2424242424242427,11.0,4.7272727272727275,2730386,C1=CC(=CC=C1NC(=S)NNC(=O)CN2N=C(N=N2)C3=CC(=CC(=C3)C(F)(F)F)C(F)(F)F)Cl
938,33,284.75272727272727,284.47424475454545,0.0,-1.015151515151516,155.57575757575756,5.181818181818182,7.0,3.0000000000000004,300414,CCN(C(=O)NC1C(C(C(OC1O)CO)O)O)N=O
939,64,423.3359375,422.5246504453125,6.938893903907228e-18,7.0875,33.43125,0.04687500000000022,2.3593750000000004,3.6250000000000004,9510797,CCC1=CC=C(C=C1)/C=C/C2=NN(C3=C2C=CC=CC3=O)C4=CC=C(C=C4)Br
940,40,580.345,579.388364579,-3.469446951953614e-18,5.3225,126.315,0.25,7.625,7.425000000000001,9853498,CC1=NOC(=N1)/C(=C/C2=CC(=CC=C2)C3=C4C(=CC(=C3)C(C)(C)S(=O)(=O)C)C=CC=N4)/C5=CC=C(C=C5)S(=O)(=O)C
941,104,409.5008653846154,408.6445509340385,3.469446951953614e-18,3.1471153846153848,96.17692307692307,3.0000000000000004,4.134615384615384,4.086538461538462,5279166,COC1=CC=CC=C1NC(=O)NC2C(=O)NC3=CC=CC=C3C(=N2)C4=CC=CC=C4
942,29,296.42655172413794,296.1773758813793,3.469446951953614e-18,0.2999999999999994,124.18620689655171,3.9310344827586206,4.206896551724138,9.827586206896552,41376,CC1=C(N=CN1)CSCCNC(=NCCCC2=CN=CN2)N
943,33,492.0969696969697,491.5140722651515,3.469446951953614e-18,7.078787878787878,104.72424242424242,0.7878787878787876,6.454545454545455,11.848484848484848,6271186,CCCCCOC(=O)C1=CC=C(C=C1)NC(=O)/C(=C/C2=CC=C(C=C2)OC(=O)C3=CC=C(C=C3)C)/C#N
944,20,413.245,412.6998264755,1.0000000000000002,4.045,92.78,0.5000000000000002,4.75,5.2,416620,CC1=[N+](C2=C(N1CCCOC)C(=O)C3=CC=CC=C3C2=O)CC4=CC=C(C=C4)[N+](=O)[O-]
945,45,526.3777777777777,525.3501541166668,3.469446951953614e-18,5.706666666666667,103.06444444444443,3.022222222222222,5.288888888888889,9.88888888888889,9604408,CCN(CC)CC1=C(C=CC(=C1)NC2=NC(=NC(=C2)C)/N=C(\N)/NC3=CC=C(C4=CC=CC=C43)Cl)OC
946,46,457.5913043478261,457.06849762347827,3.469446951953614e-18,5.534782608695652,112.33260869565218,-2.220446049250313e-16,6.760869565217391,7.782608695652174,6148098,CC(=O)OC1=C(C=C(C=C1OC)/C=C(\C#N)/C2=NC(=CS2)C3=CC=CC4=CC=CC=C43)OC
947,6,811.1833333333333,810.5824098633334,3.469446951953614e-18,8.7,133.33333333333331,3.6666666666666665,11.333333333333332,9.666666666666666,90157,CC1=CC(=C(C(=C1NC2=C3C(=C(C=C2)NC4=C(C(=C(C=C4C)C)S(=O)(=O)NC5CCCCC5)C)C(=O)C6=CC=CC=C6C3=O)C)S(=O)(=O)NC7CCCCC7)C
948,29,587.0793103448276,586.5337408503449,3.469446951953614e-18,2.727586206896552,143.75862068965517,2.5172413793103448,8.689655172413794,8.517241379310345,9938116,CC1=NN(C=C1S(=O)(=O)NC2=CC=C(C=C2)CC3=NC4=C(N3)C(=O)N(C(=O)N4CC5CC5)CC6=CC=CC=C6F)C
949,27,459.85185185185185,459.53320700333336,3.469446951953614e-18,2.937037037037037,106.68518518518519,3.6666666666666665,4.925925925925926,13.037037037037036,3009297,C1=CC=C(C=C1)C[C@@H]2[C@@H]([C@H]([C@H](N(C(=O)N2CCCCO)CCCCO)CC3=CC=CC=C3)O)O
950,7,561.7,561.2357960414286,3.469446951953614e-18,6.042857142857143,99.88571428571429,3.8571428571428568,4.428571428571429,18.285714285714285,3107150,CC1=CC(=C(C=C1)C(C)C)OCCNC(=O)NCCCCCCNC(=O)NCCOC2=C(C=CC(=C2)C)C(C)C
951,207,320.1017391304348,319.7353239730435,1.0408340855860843e-17,3.057487922705314,92.28357487922705,2.0,3.966183574879227,4.454106280193237,2985677,CC1=CC=C(C=C1)S(=O)(=O)NC(=O)NC2=CC(=CC=C2)OC
952,61,463.24426229508197,462.7157239732787,1.0408340855860843e-17,3.177049180327869,176.50819672131146,3.0163934426229506,7.983606557377049,6.557377049180328,322337,C1=CC=C(C=C1)N2C(=C(C(=O)N2C3=CC=CC=C3)N=NC4=CC=C(C=C4)S(=O)(=O)N=C(N)N)O
953,74,207.91243243243244,207.51073364241887,3.469446951953614e-18,3.6986486486486485,8.355405405405406,0.013513513513513598,1.0135135135135136,1.8918918918918908,1549182,C1=CC(=CC=C1/C=C\C2=CC=NC=C2)Cl
954,58,186.78241379310344,186.5396993887931,6.938893903907228e-18,1.8810344827586207,28.551724137931025,0.0,1.9482758620689662,1.6379310344827576,373021,C=CN1C(COC1=O)C2=CC=CC=C2
955,72,414.5234722222222,413.65871958875,1.0408340855860843e-17,5.169444444444444,56.673611111111114,2.0,6.861111111111111,2.361111111111111,1242919,C1=CC(=CC(=C1)F)NC(=O)NC2(OC3=CC(=C(C=C3O2)Cl)Cl)C(F)(F)F
956,69,321.93782608695653,321.56372685231884,0.0,1.1623188405797102,107.27101449275362,2.028985507246377,5.942028985507246,8.159420289855072,2764621,CCOC(CNC(=O)NC(=O)C1=CN=C(C=C1)OC)OCC
957,117,309.38606837606835,309.03412569145297,0.0,1.5170940170940168,98.05384615384615,3.0000000000000004,3.8803418803418803,3.2735042735042734,752841,CC1=CC(=CC=C1)NS(=O)(=O)C2=CC3=C(C=C2)NC(=O)N3
958,1,875.5,874.8941788899999,0.0,22.6,64.7,2.0,2.0,51.0,5063866,CCCCCCCCCCCCN(CCCCCCCCCCCC)C(=O)NCCCCCCNC(=O)N(CCCCCCCCCCCC)CCCCCCCCCCCC
959,1,870.0,869.42245039,1.0,6.3,174.0,1.0,12.0,14.0,497053,C[C@H]1CCC2([C@H](C[C@@H]([C@H](O2)C[C@H]3[C@@H](C4[C@H]([C@@H](CCC4C=C3C)OC(=O)C)C)C(=O)C5=C(C(NC5=O)[N+]6=CC=CC=C6)OC(=O)C)C)C)O[C@@H]1C7=CC(=CC(=C7)OC(=O)C)OC(=O)C
960,89,235.47134831460676,235.17925248771908,6.938893903907228e-18,3.742696629213483,25.614606741573034,4.440892098500626e-16,2.0,4.325842696629214,6366260,CCOC(=O)/C=C/C1C(=CCC(C1(C)C)C)C
961,52,466.6057692307693,465.87602955326923,6.938893903907228e-18,5.873076923076923,60.57884615384616,0.01923076923076894,5.173076923076923,7.596153846153847,1387235,CC1=C(C(=O)N(N1C)C2=CC=CC=C2)N=CC3=CC=C(C=C3)OC(=O)/C=C/C4=CC=CC=C4Cl
962,57,486.0368421052632,485.4057506445614,3.469446951953614e-18,5.9263157894736835,148.0701754385965,2.017543859649123,6.999999999999999,5.666666666666667,1139078,CC1=C(C=C(C=C1)C2=NC3=CC=CC=C3S2)NC(=S)NC(=O)C4=CC(=C(C(=C4)OC)OC)OC
963,82,134.83670731707312,134.69915439242686,1.3877787807814457e-17,0.5304878048780486,53.1719512195122,1.9999999999999998,1.1341463414634125,2.487804878048781,69363,CCC(C)(C)NC(=O)N
964,42,364.03523809523807,363.6420038697619,0.0,2.854761904761905,137.0952380952381,0.0,7.452380952380952,5.309523809523809,2141682,CN(C)/C=C/1\C(=O)N(C(=NS(=O)(=O)C2=CC=CS2)S1)CC=C
965,146,222.49595890410959,222.19478724342468,1.0408340855860843e-17,2.7904109589041095,48.96917808219179,2.0,1.054794520547945,3.5479452054794525,407725,C1CCC(CC1)NC(=NC2CCCCC2)N
966,129,406.1674418604651,405.67485662170543,1.0408340855860843e-17,3.765891472868217,84.115503875969,2.0,5.217054263565892,6.635658914728682,3960463,CC1=C(C2=C(N1)C=CC(=C2)OC)CCNS(=O)(=O)C3=C(C=CC(=C3)Cl)OC
967,109,235.22798165137613,234.82198419093575,6.938893903907228e-18,2.3394495412844036,41.88899082568807,0.0,3.0,2.3119266055045875,6858417,C1=CC(=C(C=C1Cl)Cl)/C=N/N2C=NN=C2
968,144,225.88208333333336,225.6270287530278,6.938893903907228e-18,2.0493055555555557,90.4486111111111,2.0,3.0,2.4722222222222228,4351472,CC(C)NC(=O)NC1=CC(=CC=C1)[N+](=O)[O-]
969,84,550.5416666666667,549.9411387157143,1.0408340855860843e-17,5.605952380952381,101.98333333333332,1.0000000000000004,6.297619047619047,10.023809523809522,6142490,CCCCOC1=C(C=C(C=C1)C2/C(=C(/C3=CC4=C(C=C3)OC(C4)C)\[O-])/C(=O)C(=O)N2CC5=C[NH+]=CC=C5)OCC
970,65,373.84153846153845,373.01893904346156,3.469446951953614e-18,5.796923076923077,45.05384615384615,2.0,1.1538461538461537,2.5076923076923077,4051281,CC1=C(C=CC(=C1)NC(=O)NC2=CC(=C(C=C2)Cl)Cl)Br
971,110,261.06500000000005,260.69892716738184,6.938893903907228e-18,3.2763636363636364,36.25636363636365,1.0,1.2181818181818191,4.8545454545454545,4592746,CC1=C(C=C(C=C1)Cl)NC(=O)N(CC=C)CC=C
972,71,484.4008450704225,483.49146520704227,3.469446951953614e-18,4.426760563380282,131.94366197183098,2.0140845070422535,6.084507042253521,3.676056338028169,1014966,CC1CCN(CC1)S(=O)(=O)C2=CC=C(C=C2)NC(=S)NC(=O)C3=CC=C(O3)Br
973,113,352.7609734513274,352.41324027159294,6.938893903907228e-18,2.423893805309734,83.47256637168141,0.9999999999999997,6.292035398230089,6.504424778761062,757234,COC1=CC=C(C=C1)CCNS(=O)(=O)C2=CC3=C(C=C2)OCCO3
974,53,227.4564150943396,227.13164419026418,6.938893903907228e-18,2.1773584905660384,23.447169811320748,0.0,1.6603773584905666,3.4339622641509435,90780,C1C(O1)COC2=CC=CC=C2Br
975,168,331.4555952380952,330.8034226334762,1.0408340855860843e-17,3.8672619047619046,50.583333333333336,2.0,1.9345238095238106,4.404761904761905,970731,CCOC1=CC=C(C=C1)NC(=O)NC2=C(C=C(C=C2)Cl)Cl
976,69,293.5031884057971,292.93288094272464,3.469446951953614e-18,2.534782608695652,80.10434782608695,0.9999999999999998,2.971014492753623,1.434782608695651,571777,CC1=C(C=CC(=C1)[N+](=O)[O-])NC(=O)N(C)C2=CC=CC=C2
977,136,374.07823529411763,373.4512499920588,6.938893903907228e-18,3.911029411764706,116.43382352941177,1.0,5.9338235294117645,3.5441176470588234,3102536,C1CCC2=C(C1)C3=C(O2)C=CC(=C3)NS(=O)(=O)C4=CC=CC(=C4)[N+](=O)[O-]
978,44,318.5056818181818,318.1443861275,0.0,-0.3659090909090916,147.72727272727272,1.3863636363636362,7.818181818181818,2.977272727272727,97613,C1C(CS(=O)(=O)CS1(=O)=O)NC(=O)N(CCF)N=O
979,199,387.1707035175879,386.73667493909545,1.3877787807814457e-17,3.3668341708542715,111.60050251256283,2.0,5.819095477386934,6.115577889447236,1075700,COC1=CC=CC=C1NC(=O)NC2=NN=C(S2)COC3=CC=C(C=C3)Cl
980,43,442.3113953488372,441.91594707860463,0.0,2.3720930232558137,200.7906976744186,1.930232558139535,10.186046511627907,5.325581395348837,1724694,C1=CC=C(C(=C1)[N+](=O)[O-])S(=O)(=O)NC2=CC=C(C=C2)S(=O)(=O)NC3=NC=CS3
981,215,262.0800465116279,261.72180174745586,1.3877787807814457e-17,2.2069767441860466,63.05395348837209,2.0,3.1348837209302327,2.362790697674418,3306223,C1=CC(=CC=C1C#N)NC(=O)NC2=CC=C(C=C2)F
982,158,354.63708860759493,353.9628155636519,6.938893903907228e-18,3.008227848101266,60.889240506329116,2.0,2.3354430379746844,2.962025316455697,1444562,C1CCC(CC1)(C(=O)N2CCCC2)NC(=O)NC3=CC=CC=C3Cl
983,71,513.2408450704226,512.5625868287324,3.469446951953614e-18,3.838028169014084,150.54929577464787,2.0140845070422535,7.619718309859154,6.352112676056338,4622015,C=CCN1C2=C(C=C(C=C2)S(=O)(=O)N3CCOCC3)C(=C1O)N=NC(=S)NC4=CC=CC=C4F
984,35,304.7194285714286,304.10968416465715,3.469446951953614e-18,6.328571428571429,3.6685714285714397,0.02857142857142847,0.1999999999999993,1.7714285714285718,6283190,CC1=CC=CN2C1=CC(=C2)/C=C/C3=CC=CC4=CC=CC=C43
985,72,217.2233333333334,216.99563376055556,6.938893903907228e-18,0.9194444444444443,122.31944444444446,2.0,4.0,1.916666666666667,9570153,CC1=NSC=C1/C(=N/NC(=S)N)/C
986,5,926.4,925.753553454,0.0,5.48,278.0,5.600000000000001,16.2,12.4,479702,CCOC(=O)C1=CC(=CC=C1)N=NC2=C(C=C3C=C(C=CC3=C2O)NC(=O)NC4=CC5=CC(=C(C(=C5C=C4)O)N=NC6=CC=CC(=C6)C(=O)OCC)S(=O)(=O)O)S(=O)(=O)O
987,16,708.1875,707.5494937593751,0.0,6.34375,147.8125,1.875,9.250000000000002,14.6875,504082,CCOC(=O)C1(CC1C=C)NC(=O)C2C[C@H](CN2C(=O)C(C(C)(C)C)NC(=O)OC(C)(C)C)OC3=CC(=NC4=C3C=CC(=C4)OC)C5=CC=CC=C5
988,160,400.98812499999997,400.41449681825,6.938893903907228e-18,4.8725,71.206875,0.9999999999999998,4.83125,6.075,6622689,CCN(CC)S(=O)(=O)C1=CC=C(C=C1)NC2=C3CCCCC3=NC4=CC=CC=C42
989,4,689.95,689.5067454975,0.0,-7.025,395.0,14.25,17.249999999999996,10.25,5351493,CC1C(C(C(O1)OC2C(C(C(C(C2O)O)N=C(N)N)O)N=C(N)N)OC3C(C(C(C(O3)CO)O)O)NC)(/C=N/NC(=S)N)O
990,160,219.1780625,218.72672356165623,3.469446951953614e-18,2.1068749999999996,74.86625,2.0,1.7750000000000004,1.4374999999999996,1226603,CC1=C(C(=CC=C1)NC(=S)NC(=O)C)C
991,53,390.7211320754717,390.430241475283,3.469446951953614e-18,3.137735849056604,88.04528301886792,2.0,9.415094339622643,4.09433962264151,2810025,C1=CC(=CC=C1C2=NOC(=N2)CNC(=O)NC3=C(C=C(C=C3)F)F)C(F)(F)F
992,113,313.89106194690265,313.472516918938,6.938893903907228e-18,3.0008849557522126,128.60176991150442,2.0,4.946902654867257,2.265486725663717,886298,CC1=CN=C(C=C1)NC(=S)NC(=O)C2=CC=C(C=C2)[N+](=O)[O-]
993,36,431.2972222222222,430.8419206375,3.469446951953614e-18,5.0777777777777775,73.54444444444444,0.0,5.222222222222222,10.63888888888889,1378201,CCOC(=O)C1=CC=C(C=C1)N=CC2=CC=C(C=C2)C=NC3=CC=C(C=C3)C(=O)OCC
994,133,341.8095488721804,341.4875447292481,6.938893903907228e-18,2.9714285714285715,100.42255639097745,2.0,4.6992481203007515,6.43609022556391,5889112,COC1=CC(=C(C=C1/C=N\NC(=S)NC2=CC=CC=C2)OC)OC
995,163,282.6613496932515,282.4356956758896,1.0408340855860843e-17,2.73680981595092,56.66625766871165,2.0,3.2453987730061353,4.226993865030675,6465485,C1OC2=C(O1)C=C(C=C2)NC(=O)NCCC3=CC=CC=C3
996,154,308.7007142857143,308.3766966719481,6.938893903907228e-18,1.5714285714285714,100.75064935064935,0.9999999999999998,6.0,4.266233766233766,6459927,C1COC2=C(O1)C=CC(=C2)S(=O)(=O)NCC3=CC=CS3
997,57,239.73473684210526,239.45154538789473,6.938893903907228e-18,-0.3929824561403503,108.11052631578947,0.982456140350877,5.526315789473684,2.0526315789473686,120313,CS(=O)(=O)C1=CC=C(C=C1)S(=O)(=O)N
998,1,1017.3,1016.6575304399998,0.0,9.5,157.0,4.0,12.0,33.0,4439848,CCN(CC)CCOC1=CC2=C(C=C1)C3=C(C2=NNC(=O)NCCCCCCNC(=O)NN=C4C5=C(C=CC(=C5)OCCN(CC)CC)C6=C4C=C(C=C6)OCCN(CC)CC)C=C(C=C3)OCCN(CC)CC
999,77,345.2748051948052,344.89062616,3.469446951953614e-18,1.1701298701298697,79.55714285714285,-2.220446049250313e-16,5.675324675324676,5.675324675324675,6477470,CC(=O)N1C=C(C2=CC=CC=C21)/C=C(/C(=O)OC)\P(=O)(OC)OC
