cluster,n_points,medoid_CID,centroid_MolecularWeight,centroid_Charge,medoid_formal_charge,heavy_atoms,lane,defer_reason,medoid_SMILES
0,107,5079070,371.8336448598131,1.3877787807814457e-17,0,26,v1_included,,CC1=CC(=C(C(=C1)C)NC(=S)N(CCC(C)C)C(C)C2=CC=NC=C2)C
1,236,893290,269.9225847457627,1.3877787807814457e-17,0,20,v1_included,,CC1=NC2=C(O1)C=CC(=C2)NC(=O)NCC3=CC=CO3
2,33,3060838,483.58787878787876,0.0,0,34,v1_included,,CC1=CC(=NC(=N1)N(CCC2=NNN=N2)S(=O)(=O)C3=CC=C(C=C3)N=CC4=CC=C(C=C4)O)C
3,24,4918375,272.9375,1.0,1,21,deferred_charged,charge=+1,CC1=C([N+](=CC=C1)C)CC2C(=CNC3=NC=NN23)[N+](=O)[O-]
4,127,6152099,464.4204724409449,1.0408340855860843e-17,0,33,v1_included,,CC(C)OC1=CC=C(C=C1)C2/C(=C(/C3=CC=C(C=C3)Cl)\[O-])/C(=O)C(=O)N2CC4=C[NH+]=CC=C4
5,1,4660108,2060.1,0.0,0,140,deferred_heavy&bigmw,heavy=140;mw>1000,CC(O)OCC1C2C(C(C(O1)OC3C(OC(C(C3OC(C)O)OC(C)O)OC4C(OC(C(C4OC(C)O)OC(C)O)OC5C(OC(C(C5OC(C)O)OC(C)O)OC6C(OC(C(C6OC(C)O)OC(C)O)OC7C(OC(C(C7OC(C)O)OC(C)O)OC8C(OC(O2)C(C8OC(C)O)OC(C)O)COC(C)O)COC(C)O)COC(C)O)COC(C)O)COC(C)O)COC(C)O)OC(C)O)OC(C)O
6,86,1242073,347.11,0.0,0,21,v1_included,,C1=CC(=C(C=C1NC(=O)NC2=NN=C(S2)C(F)(F)F)Cl)F
7,82,5298283,424.07768292682925,3.469446951953614e-18,0,28,v1_included,,CC(=O)C1=CC2=C(C=C1NS(=O)(=O)C3=CC=C(C=C3)C4CC(=O)NC4)OCO2
8,38,500732,674.2342105263157,1.3877787807814457e-17,0,50,v1_included,,CC(C)(C)[C@@H](C(=O)N1C[C@@H](C[C@H]1C(=O)NC2(C[C@@H]2C=C)C(=O)O)OC3=CC(=NC4=C3C=CC(=C4)OC)C5=CC=CC=N5)NC(=O)OC(C)(C)C
9,178,66457,261.4338764044944,1.0408340855860843e-17,0,18,v1_included,,CC1=CC=C(C=C1)S(=O)(=O)NC2=CC=CC=C2C
10,162,5935563,400.7737654320988,1.0408340855860843e-17,0,30,v1_included,,CC1=CC=C(C=C1)C2/C(=C(/C3=CC=C(C=C3)OC)\O)/C(=O)C(=O)N2C4=CC=CC=N4
11,22,10010259,719.590909090909,0.0,0,54,v1_included,,CN1[C@H](C(=O)N[C@H](C(=O)N[C@H](C(=O)NCC(=O)N[C@@H](C1=O)CC2=CC=C(C=C2)O)CC3=CC4=CC=CC=C4C=C3)CCCN=C(N)N)CCCN=C(N)N
12,98,3099809,277.250306122449,6.938893903907228e-18,0,19,v1_included,,CC1=NN=C(S1)NC(=O)NC2=CC=C(C=C2)[N+](=O)[O-]
13,79,9660370,372.91962025316457,3.469446951953614e-18,0,27,v1_included,,CN(C)C1=CC=C(C=C1)/C=N/NC(=O)C2=CC=C(C=C2)NC(=O)NCC=C
14,127,1139057,477.2535433070866,1.0408340855860843e-17,0,34,v1_included,,CC1=CC=CC=C1C2=NC3=C(O2)C=CC(=C3)NC(=S)NC(=O)C4=CC(=C(C(=C4)OC)OC)OC
15,2,5148286,2993.0,0.0,0,210,deferred_heavy&bigmw,heavy=210;mw>1000,CCCCCCCCOCC1C2C(C(C(O1)OC3C(OC(C(C3OCCCCCCCC)OCCCCCCCC)OC4C(OC(C(C4OCCCCCCCC)OCCCCCCCC)OC5C(OC(C(C5OCCCCCCCC)OCCCCCCCC)OC6C(OC(C(C6OCCCCCCCC)OCCCCCCCC)OC7C(OC(O2)C(C7OCCCCCCCC)OCCCCCCCC)COCCCCCCCC)COCCCCCCCC)COCCCCCCCC)COCCCCCCCC)COCCCCCCCC)OCCCCCCCC)OCCCCCCCC
16,210,303230,306.28019047619046,1.3877787807814457e-17,0,21,v1_included,,COC1=CC(=C(C=C1)NC(=O)NC2=CC(=CC=C2)Cl)OC
17,19,3914155,446.1,0.0,0,31,v1_included,,CCCCCCCCCCCCCCCCCCNC(=S)NN=CC1=CC=C(C=C1)F
18,123,7524165,398.9373170731707,1.734723475976807e-17,0,28,v1_included,,CC1=NN=C2N1N=C(C=C2)C3=CC=C(C=C3)NS(=O)(=O)C4=C(C=CC(=C4)F)F
19,23,105238,626.064347826087,3.469446951953614e-18,0,38,v1_included,,CN(CCOC(=O)C=C)S(=O)(=O)CC(C(C(C(C(C(C(C(F)(F)F)(F)F)(F)F)(F)F)(F)F)(F)F)(F)F)(F)F
20,5,179689,1301.9199999999998,0.0,0,88,deferred_heavy&bigmw,heavy=88;mw>1000,C([C@@H]1[C@H]([C@@H]([C@H](C(O1)OC[C@@H]2[C@@H]3[C@@H]([C@H]([C@H](O2)O[C@@H]4[C@H](O[C@@H]([C@@H]([C@H]4O)O)O[C@@H]5[C@H](O[C@@H]([C@@H]([C@H]5O)O)O[C@@H]6[C@H](O[C@@H]([C@@H]([C@H]6O)O)O[C@@H]7[C@H](O[C@@H]([C@@H]([C@H]7O)O)O[C@@H]8[C@H](O[C@@H]([C@@H]([C@H]8O)O)O[C@@H]9[C@H](O[C@H](O3)[C@@H]([C@H]9O)O)CO)CO)CO)CO)CO)CO)O)O)O)O)O)O
21,143,1211459,236.30881118881115,6.938893903907228e-18,0,17,v1_included,,CC(C)NC(=O)NC1=NC=CC2=CC=CC=C21
22,2,364214,2816.0,0.0,0,161,deferred_heavy&bigmw,heavy=161;mw>1000,C(C1C2C(C(C(O1)OC3C(OC(C(C3OS(=O)(=O)O)OS(=O)(=O)O)OC4C(OC(C(C4OS(=O)(=O)O)OS(=O)(=O)O)OC5C(OC(C(C5OS(=O)(=O)O)OS(=O)(=O)O)OC6C(OC(C(C6OS(=O)(=O)O)OS(=O)(=O)O)OC7C(OC(C(C7OS(=O)(=O)O)OS(=O)(=O)O)OC8C(OC(O2)C(C8OS(=O)(=O)O)OS(=O)(=O)O)COS(=O)(=O)O)COS(=O)(=O)O)COS(=O)(=O)O)COS(=O)(=O)O)COS(=O)(=O)O)COS(=O)(=O)O)OS(=O)(=O)O)OS(=O)(=O)O)OS(=O)(=O)O
23,67,2847951,317.5820895522388,1.0,1,23,deferred_charged,charge=+1,CC1=CC=[N+](C=C1)C(C)C(=O)C2=CC=C(C=C2)C3=CC=CC=C3
24,96,586624,179.10375000000002,1.0408340855860843e-17,0,13,v1_included,,CC(=O)OC(=C)C=C1CCCCC1
25,156,2158020,461.70769230769235,1.0408340855860843e-17,0,31,v1_included,,CC1=C(C2=C(N1)C=CC(=C2)Cl)CCN(CC3=CC(=C(C(=C3)OC)OC)OC)C(=S)NC
26,85,2782769,289.25811764705884,0.0,0,16,v1_included,,C1=CC(=C(C=C1S(=O)(=O)N)Cl)OC(F)(F)F
27,11,640103,784.6181818181818,0.0,0,57,v1_included,,CCCCCCC(CCCCCC)CN(CC(CCCCCC)CCCCCC)C1=CC=C(C=C1)/C=C/C2=CC=C(C=C2)/C=C/C3=CC=C(C=C3)C=C(C#N)C#N
28,66,9579488,388.1106060606061,3.469446951953614e-18,0,25,v1_included,,CC1=C(C=CC(=C1)Cl)NC(=S)NNC(=S)N/N=C(\C)/C2=CC=CC=N2
29,20,4110770,364.7,2.0,2,21,deferred_charged,charge=+2,C[N+]1=CC=CC=C1SCCCCCSC2=CC=CC=[N+]2C
30,37,6476076,414.18,3.469446951953614e-18,0,31,v1_included,,C1OC[C@@H]([C@H]1OC(=O)/C=C/C2=CC(=C(C=C2)O)O)OC(=O)/C=C/C3=CC(=C(C=C3)O)O
31,119,5836009,431.2554621848739,6.938893903907228e-18,0,32,v1_included,,CC1=C(C=CC(=C1)OCC(C)C)/C(=C\2/C(N(C(=O)C2=O)CCCOC)C3=CC=[NH+]C=C3)/[O-]
32,55,1064678,531.4636363636364,3.469446951953614e-18,0,40,v1_included,,CCC1=CC=CC=C1NC(=O)NC2=CC(=C(C=C2)N3CCN(CC3)C4=CC=CC=C4OC)C(=O)N5CCCCC5
33,171,3803837,314.64391812865495,1.0408340855860843e-17,0,22,v1_included,,CCN1C(=NC2=C1C=CC(=C2)S(=O)(=O)NC3=CC=CC=C3)C
34,162,931512,345.85716049382717,1.3877787807814457e-17,0,24,v1_included,,CC1=CC=C(C=C1)NC(=O)NC2=NN=C(S2)CCC3=CC=CC=C3
35,35,5758967,570.0685714285714,3.469446951953614e-18,0,39,v1_included,,COC1=C(C=C(C=C1)/C=C(/C(=O)NC2=CC=C(C=C2)S(=O)(=O)NC3=NC=CS3)\NC(=O)C4=CC=CC=C4)OC
36,22,99678,219.75318181818182,0.0,0,16,v1_included,,C([C@@H]1[C@H]([C@H]([C@@H](O1)NC(=O)N=C(N)N)O)O)O
37,51,5925643,370.3529411764706,0.0,0,27,v1_included,,C1=CC=C(C=C1)OCCCCN2C3=CC=CC=C3N=C2/C=C/C4=CC=CO4
38,39,5277241,896.0743589743588,1.734723475976807e-17,0,64,v1_included,,CC(C)(C)[C@@H](C(=O)N1C[C@@H](C[C@H]1C(=O)N[C@]2(C[C@@H]2C=C)C(=O)NS(=O)(=O)C3(CC3)CC4=CC=C(C=C4)F)OC5=CC(=NC6=C5C=CC(=C6)OC)C7=CC=CC=C7)NC(=O)OC(C)(C)C
39,167,2955813,428.96904191616767,1.3877787807814457e-17,0,28,v1_included,,C1=CC(=C(C(=C1)Cl)CN2C=C(C(=N2)NC(=O)NC3=CC=C(C=C3)[N+](=O)[O-])Cl)F
40,191,844453,262.80314136125656,1.0408340855860843e-17,0,19,v1_included,,CN(C)C1=CC=C(C=C1)NC(=O)NC2CCCCC2
41,29,5437822,381.2310344827586,1.0000000000000002,1,27,deferred_charged,charge=+1,CCN1C2=C(C=CC(=C2)C(=O)OCC)[N+](=C1/C=C/NC3=CC=CC=C3)CC
42,89,3492624,186.34022471910114,1.0408340855860843e-17,0,12,v1_included,,C1CC2(CC1CC2=O)S(=O)(=O)N
43,117,2955967,439.5811965811966,6.938893903907228e-18,0,31,v1_included,,CCCC(=O)N1CCN(CC1)C2=CC=C(C=C2)NC(=S)NC(=O)C3=CC(=CC(=C3)C)C
44,164,4559464,378.49451219512196,6.938893903907228e-18,0,27,v1_included,,CC1=CC(=C(C(=C1)C)NC(=S)NCC2CCN(C2)C(C)C3=CC=CC=C3)C
45,2,122143,1236.3,0.0,0,91,deferred_heavy&bigmw,heavy=91;mw>1000,COCC1C2C(C(C(O1)OC3C(OC(C(C3O)OC)OC4C(OC(C(C4O)OC)OC5C(OC(C(C5O)OC)OC6C(OC(C(C6O)OC)OC7C(OC(C(C7O)OC)OC8C(OC(O2)C(C8O)OC)COC)COC)COC)COC)COC)COC)OC)O
46,192,3491754,189.3117708333333,1.0408340855860843e-17,0,12,v1_included,,CC(=NNC(=S)NC(C)(C)C)C
47,13,187297,391.5015384615385,0.0,0,27,v1_included,,CC(C)(C)C1=CC(=NO1)NC(=O)N(C)CO[C@H]2[C@@H]([C@H]([C@@H]([C@H](O2)CO)O)O)O
48,74,10106063,239.31256756756756,3.469446951953614e-18,0,18,v1_included,,CN=C(NC[C@H]1CC[C@@H](O1)C2=CN=CN2)NC#N
49,51,6175266,547.5882352941176,1.0408340855860843e-17,0,38,v1_included,,CC1=CC=C(C=C1)OCCN2C3=CC=CC=C3N=C2/C=C(\C4=CC=C(C=C4)Cl)/OC(=O)C5=CC=C(C=C5)Cl
50,46,462328,525.358695652174,3.469446951953614e-18,0,40,v1_included,,C1=CC=C(C=C1)CN2[C@@H]([C@@H]([C@H]([C@H](N(C2=O)CC3=CC=CC=C3)CC4=CC=CC=C4O)O)O)CC5=CC=CC=C5O
51,48,543884,241.09416666666667,1.0408340855860843e-17,0,17,v1_included,,CCCCC(CC)CCC(CC)OC(=O)C=C
52,18,512250,402.55555555555554,1.0,1,29,deferred_charged,charge=+1,CCCCCCCCCCOC[N+]1=CC=CC(=C1)NCN2C3=CC=CC=C3N=N2
53,52,1606177,229.57980769230767,1.0000000000000002,1,17,deferred_charged,charge=+1,CC1=CC=C(C=C1)NC(=O)C[N+]2=CC=CC=C2
54,58,5881389,525.2189655172414,3.469446951953614e-18,0,37,v1_included,,CC1=CC=CC=C1OCCOC2=C(C=C(C=C2)/C=C(\C#N)/C3=NN=C(S3)NC(=O)C4=CC=CC=C4)OC
55,138,726229,315.9731884057971,1.0408340855860843e-17,0,21,v1_included,,C1CC2=C(C1)SC(=C2C#N)NC(=O)NC3=CC=C(C=C3)Cl
56,127,1505741,316.7434645669291,1.0408340855860843e-17,0,23,v1_included,,CCN(CC1=CC=CC=C1)S(=O)(=O)C2=CC3=CC=CC=C3C=C2
57,45,6200404,388.76955555555554,-3.469446951953614e-18,0,29,v1_included,,CC1CN(CC(O1)C)C2=C(N=C(O2)/C=C/C3=CC(=C(C(=C3)OC)OC)OC)C#N
58,8,25188,91.84875000000005,-1.0,-1,5,deferred_charged,charge=-1,C=CC(=O)[O-]
59,149,28794,296.34187919463085,1.0408340855860843e-17,0,18,v1_included,,C1CCC(CC1)N=C(N)NC2=CC(=C(C=C2)Cl)Cl
60,127,5386830,287.05078740157484,6.938893903907228e-18,0,22,v1_included,,C1=CC=NC(=C1)/C=C/C2=CC=C(C=C2)/C=C/C3=CC=CC=N3
61,129,6625647,294.32806201550386,3.469446951953614e-18,0,20,v1_included,,CCCCN(C)S(=O)(=O)C1=CC2=C(C=C1)NC(=O)C=C2
62,2,343437,871.85,0.0,0,53,v1_included,,C1=CC(=CC=C1NC(=O)NC2=NN=C3N2NC(=O)C(=N3)C(C4=NC5=NN=C(N5NC4=O)NC(=O)NC6=CC=C(C=C6)Cl)C(=O)C7=C(C=C(C=C7)O)O)Cl
63,130,9574925,307.9492307692308,3.469446951953614e-18,0,22,v1_included,,CC(=O)NC1=CC=C(C=C1)OCC(=O)N/N=C/C2=CC=CO2
64,146,1420677,376.6067808219178,1.0408340855860843e-17,0,24,v1_included,,C1=CC=C(C=C1)SCC2=NN=C(S2)NC(=O)NC3=CC=C(C=C3)Cl
65,1,452566,2414.0,0.0,0,138,deferred_heavy&bigmw,heavy=138;mw>1000,C(C1C2C(C(C(O1)OC3C(OC(C(C3OS(=O)(=O)O)OS(=O)(=O)O)OC4C(OC(C(C4OS(=O)(=O)O)OS(=O)(=O)O)OC5C(OC(C(C5OS(=O)(=O)O)OS(=O)(=O)O)OC6C(OC(C(C6OS(=O)(=O)O)OS(=O)(=O)O)OC7C(OC(O2)C(C7OS(=O)(=O)O)OS(=O)(=O)O)COS(=O)(=O)O)COS(=O)(=O)O)COS(=O)(=O)O)COS(=O)(=O)O)COS(=O)(=O)O)OS(=O)(=O)O)OS(=O)(=O)O)OS(=O)(=O)O
66,90,1476301,469.45444444444445,6.938893903907228e-18,0,33,v1_included,,CC1=CC=C(C=C1)CN2C=NC3=C2C=C(C(=C3NS(=O)(=O)C4=CC=CC(=C4)C(F)(F)F)C)C
67,103,8056839,400.4116504854369,1.3877787807814457e-17,0,26,v1_included,,C1COC2=C(O1)C=CC(=C2)S(=O)(=O)NCCC3=CSC(=N3)C4=CC=CS4
68,12,1677428,517.8333333333333,3.469446951953614e-18,0,32,v1_included,,C1=CC2=C(C=C1S(=O)(=O)NCCO)C(=NNC(=O)N)C3=C2C=CC(=C3)S(=O)(=O)NCCO
69,3,418027,1078.4,3.469446951953614e-18,0,75,deferred_bigmw,mw>1000,CCCCC1C(C(CCC(CCCC(CCCC(C(=CC(C(CC(CC(CC(CC(CCCCC(=CC(C(OC1=O)C(C)C(CCCN=C(N)N)O)C)C)O)O)O)O)O)OC2C(C(C(O2)CO)O)O)C)O)O)O)C)O
70,73,654607,223.04849315068495,3.469446951953614e-18,0,15,v1_included,,CN(C)S(=O)(=O)N1C=NC2=CC=CC=C21
71,1,5286318,440.4,-1.9999999999999998,-2,29,deferred_charged,charge=-2,CC(=O)NC1=CC(=C(C=C1)/C=C/C2=C(C=C(C=C2)[N+](=O)[O-])S(=O)(=O)[O-])S(=O)(=O)[O-]
72,55,5062811,343.60963636363635,3.469446951953614e-18,0,23,v1_included,,C1=CC(=CC(=C1)NS(=O)(=O)C2=CC=CC3=NON=C32)C(F)(F)F
73,1,177973,2270.0,0.0,0,154,deferred_heavy&bigmw,heavy=154;mw>1000,C([C@@H]1[C@@H]2[C@@H]([C@H]([C@H](O1)O[C@@H]3[C@H](O[C@@H]([C@@H]([C@H]3O)O)O[C@@H]4[C@H](O[C@@H]([C@@H]([C@H]4O)O)O[C@@H]5[C@H](O[C@@H]([C@@H]([C@H]5O)O)O[C@@H]6[C@H](O[C@@H]([C@@H]([C@H]6O)O)O[C@@H]7[C@H](O[C@@H]([C@@H]([C@H]7O)O)O[C@@H]8[C@H](O[C@@H]([C@@H]([C@H]8O)O)O[C@@H]9[C@H](O[C@@H]([C@@H]([C@H]9O)O)O[C@@H]1[C@H](O[C@@H]([C@@H]([C@H]1O)O)O[C@@H]1[C@H](O[C@@H]([C@@H]([C@H]1O)O)O[C@@H]1[C@H](O[C@@H]([C@@H]([C@H]1O)O)O[C@@H]1[C@H](O[C@@H]([C@@H]([C@H]1O)O)O[C@@H]1[C@H](O[C@@H]([C@@H]([C@H]1O)O)O[C@@H]1[C@H](O[C@H](O2)[C@@H]([C@H]1O)O)CO)CO)CO)CO)CO)CO)CO)CO)CO)CO)CO)CO)CO)O)O)O
74,57,6518917,474.4280701754386,1.0408340855860843e-17,0,35,v1_included,,CC1=CC=C(C=C1)/C(=C/C2=NC3=CC=CC=C3N2CC4=CC=CC=C4)/OC(=O)C5=CC=C(C=C5)C
75,166,2800181,338.1660843373494,6.938893903907228e-18,0,24,v1_included,,CC1=CC=C(C=C1)S(=O)(=O)NC2=CN=C(C=C2)OC3=CN=CC=C3
76,98,543097,123.14479591836735,1.734723475976807e-17,0,9,v1_included,,CC1CN(C(=O)O1)C=C
77,108,4320653,430.30462962962963,3.469446951953614e-18,0,27,v1_included,,CCOP(=O)(C(C1=CC=CC=C1)NC(=O)NC2=CC(=C(C=C2)Cl)Cl)OCC
78,9,162890,969.8555555555555,3.469446951953614e-18,0,57,v1_included,,CC(=C)C(=O)OCCC(C(C(C(C(C(C(C(C(C(C(C(C(C(C(C(F)(F)F)(F)F)(F)F)(F)F)(F)F)(F)F)(F)F)(F)F)(F)F)(F)F)(F)F)(F)F)(F)F)(F)F)(F)F)(F)F
79,48,4772093,518.9854166666667,3.469446951953614e-18,0,27,v1_included,,C1=CC(=C(C(=C1)Cl)CN2C=C(C(=N2)NC(=S)NC3=C(C=CC(=C3)Cl)Cl)Br)F
80,36,454297,592.6694444444445,6.938893903907228e-18,0,42,v1_included,,CC(C)CN(C[C@H]([C@H](CC1=CC=CC=C1)NC(=O)[C@H](CC(=O)N)NC(=O)OCC2=CC=CC=C2)O)C(=O)NC(C)(C)C
81,236,710599,300.39398305084745,1.0408340855860843e-17,0,21,v1_included,,CC1=CC(=C(C(=C1)C)S(=O)(=O)NC2=CC=CC=C2OC)C
82,108,5806241,377.7157407407407,1.0408340855860843e-17,0,27,v1_included,,CCCCN(CC)C1=CC=C(C=C1)/C=N\NC(=S)NC2=C(C=CC=C2C)C
83,1,445301,650.4,1.0,1,43,deferred_charged,charge=+1,C1=CC(=C[N+](=C1)[C@H]2[C@@H]([C@@H]([C@H](O2)COP(=O)(O)OP(=O)(O)OC[C@@H]3[C@H]([C@H]([C@@H](O3)N4C=NC5=C(N=CN=C54)N)O)O)O)O)CN
84,168,3450010,352.0957738095238,1.0408340855860843e-17,0,25,v1_included,,CC1=CC(=NC2=C1C=C(C=C2)NC(=S)NC3CC3)N4CCN(CC4)C
85,149,9579513,252.59100671140942,6.938893903907228e-18,0,17,v1_included,,CC1=NN=C(C=C1)/C(=N/NC(=S)NCC=C)/C
86,79,9666503,509.62911392405067,3.469446951953614e-18,0,33,v1_included,,C1=CC=C(C=C1)N(CC(=O)N/N=C/C2=C(C=C(C=C2)Cl)Cl)S(=O)(=O)C3=CC=CC=C3[N+](=O)[O-]
87,11,5297,583.5,0.0,0,40,v1_included,,CC1C(C(C(O1)OC2C(C(C(C(C2O)O)N=C(N)N)O)N=C(N)N)OC3C(C(C(C(O3)CO)O)O)NC)(C=O)O
88,258,2957112,387.42147286821705,1.3877787807814457e-17,0,28,v1_included,,CC(=O)C1=CC(=CC=C1)NC(=S)NC2=C(C=C3C4=CC=CC=C4OC3=C2)OC
89,129,5279170,384.3720930232558,6.938893903907228e-18,0,29,v1_included,,CC1=CC=C(C=C1)NC(=O)NC2C(=O)NC3=CC=CC=C3C(=N2)C4=CC=CC=C4
90,121,7694992,249.0070247933884,6.938893903907228e-18,0,17,v1_included,,COC1=CC=C(C=C1)/C=N/NC(=S)NCC=C
91,2,3082695,704.75,2.0,2,48,deferred_charged,charge=+2,CC1=C(C=C[N+](=C1CSSCC2=[N+](C=CC(=C2C)OCC(F)(F)F)C3=NC4=CC=CC=C4N3)C5=NC6=CC=CC=C6N5)OCC(F)(F)F
92,137,3461358,377.62386861313865,1.0408340855860843e-17,0,25,v1_included,,CCN1C=C(C(=N1)C)S(=O)(=O)NC2=NN(C=C2)CC3=CC=C(C=C3)Cl
93,30,508636,572.9766666666667,0.0,0,41,v1_included,,CC1=CC=C(C=C1)S(=O)(=O)N(CC(C)C)[C@@H](CCCCNC(=O)CN(CC2=CC=CC=C2)C3=CC=CC=C3)C(=O)O
94,37,458923,210.4635135135135,3.469446951953614e-18,0,14,v1_included,,C1=CC(=CC=C1NC(=O)N)NC(=O)N
95,48,3740629,414.12708333333336,3.469446951953614e-18,0,29,v1_included,,CCCCCCCCCCOC1=CC=C(C=C1)NC(=O)NC2=CC=CC=C2CC
96,63,5742332,339.8711111111111,1.0408340855860843e-17,0,25,v1_included,,CC1CN(CC(O1)C)C2=C(N=C(O2)/C=C/C3=CC(=CC=C3)OC)C#N
97,95,8900452,260.5669473684211,0.0,0,17,v1_included,,CC(=C)CSC1=NC=C(C=C1)S(=O)(=O)N(C)C
98,17,9576850,534.2470588235294,0.0,0,35,v1_included,,CO/N=C(\C1=CSC(=N1)N)/C(=O)N[C@H]2[C@@H]3N(C2=O)C(=C(CS3)C[N+]4=CN5C=CC=CC5=C4)C(=O)[O-]
99,78,2716739,452.7025641025641,3.469446951953614e-18,0,30,v1_included,,COC1=CC(=CC(=C1OC)OC)C(=O)NNC(=S)NC2=CC(=C(C=C2OC)Cl)OC
100,168,974154,315.3654761904762,6.938893903907228e-18,0,22,v1_included,,CC1=CC(=C(C=C1)C)NS(=O)(=O)C2=CC3=C(C=C2)NC(=O)O3
101,119,883327,220.0736134453782,1.0408340855860843e-17,0,15,v1_included,,CN(C)CCNC(=S)NC1=CC=CC=C1
102,177,3682663,369.90734463276834,1.3877787807814457e-17,0,26,v1_included,,CC1=CC(=C(C(=C1)C)NC(=S)N(CCN(C)C)C(C)C2=CN=CC=C2)C
103,67,197701,202.44925373134328,6.938893903907228e-18,0,14,v1_included,,CN=C(NCC1CCOC1)N[N+](=O)[O-]
104,66,5042090,438.05454545454546,0.0,0,31,v1_included,,CC1=CC(=CC(=C1)NS(=O)(=O)C2=CC=C(C=C2)OCC(=O)NCCC3=CC=CC=C3)C
105,53,2013005,407.4916981132075,3.469446951953614e-18,0,29,v1_included,,C1=CC=C(C=C1)CNC(=O)NC2=CC=C(C=C2)OC3=C(C(=C(C(=C3F)F)F)F)F
106,115,730631,276.0562608695652,0.0,0,21,v1_included,,C1=CC=C(C=C1)CCC(=O)NNC(=O)NC2=CC=CC=C2
107,158,989034,356.20006329113926,1.0408340855860843e-17,0,21,v1_included,,C1=CC(=CC=C1NC(=S)NC(=O)C2=C(C=C(C=C2)Cl)Cl)Cl
108,199,5134374,337.05427135678394,1.0408340855860843e-17,0,23,v1_included,,CC1=CC(=CC=C1)S(=O)(=O)NC2=C3C(=C(C=C2)C)CC(O3)(C)C
109,40,6476766,448.935,0.0,0,29,v1_included,,CCCCCCCC(=O)O[C@H]1[C@@H]([C@H](O[C@H]1N2C=C(C(=O)NC2=O)/C=C/Br)CO)O
110,20,2332171,553.5300000000001,0.0,0,38,v1_included,,CC(C)(C)C1=CC=C(C=C1)S(=O)(=O)N=C2C=CC(=NS(=O)(=O)C3=CC=C(C=C3)C(C)(C)C)C4=CC=CC=C24
111,14,1486727,384.12285714285713,3.469446951953614e-18,0,23,v1_included,,C1=CC(=CC(=C1)S(=O)(=O)NC2=NN=C(S2)C(F)(F)F)C(F)(F)F
112,133,650341,403.2857894736842,6.938893903907228e-18,0,28,v1_included,,CC1=CC=C(C=C1)NC(=O)NC2CCN(CC2)S(=O)(=O)C3=CC=C(C=C3)OC
113,85,2825776,295.80552941176467,3.469446951953614e-18,0,19,v1_included,,CC1=CC=C(C=C1)S(=O)(=O)NNC(=S)NC(C)(C)C
114,52,3011199,490.6730769230769,0.0,0,32,v1_included,,CC(C)CNC1=CC(=CC2=C(NN=C12)Cl)NS(=O)(=O)C3=CC=CC(=C3)C4=CC=C(C=C4)Cl
115,60,28579,180.913,1.734723475976807e-17,0,12,v1_included,,CCCCCC(=O)OCC1CO1
116,78,1978876,331.07615384615383,3.469446951953614e-18,0,22,v1_included,,C1=CC(=CN=C1)C(=O)NC(=S)NC2=CC=C(C=C2)S(=O)(=O)N
117,85,677665,250.06752941176472,6.938893903907228e-18,0,17,v1_included,,CN(C1=CC=CC=C1)C(=S)NC2=CC=CC=C2
118,85,6433852,417.8525882352941,0.0,0,31,v1_included,,CC1=C(C(=O)N(N1C)C2=CC=CC=C2)/C=C/C(=O)C3=CC=C(C=C3)SC4=CC=CC=C4
119,23,159193,534.3973913043478,3.469446951953614e-18,0,33,v1_included,,CCN(CC)S(=O)(=O)C(C(C(C(C(C(C(C(F)(F)F)(F)F)(F)F)(F)F)(F)F)(F)F)(F)F)(F)F
120,9,9987268,726.8,3.469446951953614e-18,0,50,v1_included,,CC(C1=CC=CC2=CC=CC=C21)NC(=O)CN3C=C(N=C3/C=C/C4=CC=C(C=C4)C5=CC=C(C=C5)OCCCC(=O)O)C6=C(C=C(C=C6)Cl)Cl
121,90,9613543,541.8188888888889,6.938893903907228e-18,0,36,v1_included,,CC1=CC=C(N1C2=CC=C(C=C2)C(=O)N/N=C/C3=C(C=CC(=C3)Br)OC(=O)/C=C/C4=CC=CC=C4)C
122,73,9827782,519.6178082191781,3.469446951953614e-18,0,36,v1_included,,CCOC(=O)N1CCC(CC1)N2CCC(CC2)C(=C)C3=CC=C(C=C3)S(=O)(=O)C4=CC=C(C=C4)OC
123,54,6087689,412.81666666666666,1.0408340855860843e-17,0,30,v1_included,,C1CN(CCN1/C=C/C2=NN=NN2C3=CC4=CC=CC=C4C=C3)C5=CC(=CC=C5)Cl
124,114,1244590,464.92824561403506,1.0408340855860843e-17,0,33,v1_included,,CCN1C2=C3C(=C(C=C2)S(=O)(=O)NC4=C(N(N(C4=O)C5=CC=CC=C5)C)C)C=CC=C3C1=O
125,105,3723311,325.68923809523807,3.469446951953614e-18,0,23,v1_included,,C1C(ON=C1C2=CC=CS2)C(=O)NNC(=O)NC3=CC=CC=C3
126,6,5468752,958.2166666666667,3.469446951953614e-18,0,64,v1_included,,C1=CC=C2C(=C1)C(=CC(=C2O)C(=O)NC3=CC(=C(C=C3)/C=C/C4=C(C=C(C=C4)NC(=O)C5=C(C6=CC=CC=C6C(=C5)CSCCC(=O)O)O)S(=O)(=O)O)S(=O)(=O)O)CSCCC(=O)O
127,10,9603767,701.0,0.0,0,45,v1_included,,COC1=C(C=C(C=C1)S(=O)(=O)/N=C(/N)\N/N=C\2/CC(CC3=C2C(=O)C4=C(N3O)C=CC(=C4)Cl)C5=CC=C(C=C5)C(F)(F)F)OC
128,64,6539041,430.40453125,0.0,0,31,v1_included,,CN(CCOC)S(=O)(=O)C1=CC=C(C=C1)NC2=NC=CC(=N2)C3=CN=C4N3N=CC=C4
129,1,6518169,1633.8,0.0,0,112,deferred_heavy&bigmw,heavy=112;mw>1000,COC[C@@H]1[C@@H]2[C@@H]([C@H]([C@@H](O1)O[C@@H]3[C@H](O[C@H]([C@@H]([C@H]3OC)OC)O[C@@H]4[C@H](O[C@H]([C@@H]([C@H]4OC)OC)O[C@@H]5[C@H](O[C@H]([C@@H]([C@H]5OC)OC)O[C@@H]6[C@H](O[C@H]([C@@H]([C@H]6OC)OC)O[C@@H]7[C@H](O[C@H]([C@@H]([C@H]7OC)OC)O[C@@H]8[C@H](O[C@H]([C@@H]([C@H]8OC)OC)O[C@@H]9[C@H](O[C@@H](O2)[C@@H]([C@H]9OC)OC)COC)COC)COC)COC)COC)COC)COC)OC)OC
130,56,5723850,510.6678571428571,6.938893903907228e-18,0,38,v1_included,,CC1CCN(CC1)C2=CC(=C(C=C2/C=C(\C#N)/C3=NN(C(=C3C#N)N)CCO)[N+](=O)[O-])N4CCC(CC4)C
131,186,1294340,382.6343010752688,6.938893903907228e-18,0,21,v1_included,,CC1=CC=C(C=C1)S(=O)(=O)NC2=NC3=C(S2)C=C(C=C3)Br
132,174,6878704,293.33494252873567,1.0408340855860843e-17,0,21,v1_included,,C1=CC=C2C(=C1)C=CC3=C2OC=C(C3=O)/C=N/NC(=S)N
133,85,1384433,440.0094117647059,1.0408340855860843e-17,0,31,v1_included,,CC1=CC=C(C=C1)C2=CSC(=N2)/C(=C/NC3=C(C=CC(=C3)C(=O)OC)C(=O)OC)/C#N
134,116,4200057,338.9306896551724,1.0408340855860843e-17,0,22,v1_included,,CCSC1=NN=C(S1)NC(=O)NC23CC4CC(C2)CC(C4)C3
135,156,2588655,291.6394230769231,3.469446951953614e-18,0,22,v1_included,,COC1=C(C=CC(=C1)C=NNC(=O)N)OCC2=CC=CC=C2
136,40,6445659,349.919,3.469446951953614e-18,0,26,v1_included,,C/C=C/CNCC(COC1=CC=C(C=C1)NC(=O)NC2CCCCC2)O
137,148,9590794,391.64486486486487,3.469446951953614e-18,0,30,v1_included,,COC1=CC=C(C=C1)/C=C/C(=O)OC2=CC=C(C=C2)/C=N/NC(=O)C3=CC=NC=C3
138,123,7384610,341.87048780487805,6.938893903907228e-18,0,23,v1_included,,CCCCN(C)S(=O)(=O)C1=CC2=C3C(=C1)CCC(=O)N3CCC2
139,2,320760,972.8,0.0,0,66,v1_included,,C(C1C2C(C(C(O1)OC3C(OC(C(C3O)O)OC4C(OC(C(C4O)O)OC5C(OC(C(C5O)O)OC6C(OC(C(C6O)O)OC7C(OC(O2)C(C7O)O)CO)CO)CO)CO)CO)O)O)O
140,101,2836737,278.9964356435644,3.469446951953614e-18,0,18,v1_included,,CCCCNS(=O)(=O)C1=CC(=C(C=C1)C)[N+](=O)[O-]
141,126,3484995,514.6396825396826,1.3877787807814457e-17,0,33,v1_included,,CC1=CC(=C(C=C1)C)CN2C3=C(C=C(C=C3)Br)C(=C2O)N=NC(=S)NC4=CC=CC=C4OC
142,74,56051,226.81054054054053,3.469446951953614e-18,0,15,v1_included,,CC1=NC=C(N1)C2=CSC(=N2)N=C(N)N
143,86,181426,185.18848837209302,1.0408340855860843e-17,0,12,v1_included,,C1=CC(=CC=C1N=C(N)NO)Cl
144,66,6464996,344.64560606060604,3.469446951953614e-18,0,23,v1_included,,CCN1C=C(C=N1)S(=O)(=O)NC(C)C2=C(C=CC(=C2)OC)OC
145,51,6172220,496.59411764705885,3.469446951953614e-18,0,34,v1_included,,CC1=CC=CC=C1NC(=S)N/N=C(/C)\C2=NC(=CC=C2)/C(=N\NC(=S)NC3=CC=CC=C3C)/C
146,77,2980949,422.16883116883116,6.938893903907228e-18,0,27,v1_included,,C1=CC=C(C=C1)N2N=C3C=C(C(=CC3=N2)Cl)NC(=S)NC(=O)C4=CC=CS4
147,74,3900439,98.33608108108115,1.3877787807814457e-17,0,7,v1_included,,C1CC1N=C(N)N
148,71,972114,286.18746478873237,3.469446951953614e-18,0,21,v1_included,,CCOC1=CC=C(C=C1)NC(=O)N(CC(C)C)CC(C)C
149,82,4440134,481.6707317073171,1.3877787807814457e-17,0,34,v1_included,,COC1=CC=CC(=C1)NC(=S)N(CC2=CC=CC=C2)CC3=CC=CN3CC4=C(C=C(C=C4)F)Cl
150,10,4604438,527.39,0.0,0,34,v1_included,,CCCCCCCCCCCCCCCCCCSCCNS(=O)(=O)CCCCCCCCC
151,103,584957,150.73252427184457,2.0816681711721685e-17,0,11,v1_included,,CC1=C(C(CCC1)(C)C)C=C
152,23,3878364,340.58260869565214,3.469446951953614e-18,0,26,v1_included,,C1=CC=C(C=C1)C=CC2=CC=C(C=C2)C=CC3=CC4=CC=CC=C4C=C3
153,193,6509466,353.0261139896373,1.0408340855860843e-17,0,27,v1_included,,CC1=CC=C(C=C1)C(=O)N/C(=C\C2=CN=CC=C2)/C3=NC4=CC=CC=C4N3
154,2,2733545,1564.4999999999998,0.0,0,108,deferred_heavy&bigmw,heavy=108;mw>1000,CC(COCC1[C@@H]2[C@@H](C([C@H](O1)O[C@H]3[C@@H](C([C@@H](O[C@H]4[C@@H](C([C@@H](O[C@H]5[C@@H](C([C@@H](O[C@H]6[C@@H](C([C@@H](O[C@H]7[C@@H](C([C@@H](O[C@H]8[C@@H](C([C@@H](O[C@H]9[C@@H](C([C@@H](O2)OC9CO)O)O)OC8CO)O)O)OC7COCC(C)O)O)O)OC6COCC(C)O)O)O)OC5CO)O)O)OC4COCC(C)O)O)O)OC3COCC(C)O)O)O)O)O)O
155,91,8317967,257.5742857142857,-3.469446951953614e-18,0,13,v1_included,,COC1=C(C=C(C=C1)Br)S(=O)(=O)N
156,30,500749,781.3466666666666,0.0,0,54,v1_included,,CC(C)(C)[C@@H](C(=O)N1C[C@@H](C[C@H]1C(=O)NC2(C[C@@H]2C=C)C(=O)O)OC3=CC(=NC4=C3C=CC(=C4)OC)C5=CSC(=N5)NC(C)(C)C)NC(=O)OC(C)(C)C
157,1,194938,559.8,1.0,1,40,deferred_charged,charge=+1,CCCCCCCCCCCCCCCCCCNC(=O)OCC(=C)COC(=O)CCCCC[N+]1=CC=CC=C1
158,123,2308650,310.65674796747965,3.469446951953614e-18,0,23,v1_included,,C1CCC(=NCC1)N(C2=CC=CC=C2)C(=O)NC3=CC=CC=C3
159,48,470957,450.03166666666664,3.469446951953614e-18,0,29,v1_included,,C1=CC=C2C(=C1)C(=O)C(=C(C2=O)Cl)NC3=CC=C(C=C3)S(=O)(=O)NC4=NN=CS4
160,86,95244,265.90488372093023,-3.469446951953614e-18,0,20,v1_included,,C1=CC=C(C=C1)CCNC(=O)NCCC2=CC=CC=C2
161,153,2157824,445.0228758169935,1.3877787807814457e-17,0,32,v1_included,,CC1=CC2=C(C=C1)NC(=C2CCN(CC3=CN=CC=C3)C(=S)NC4=CC=CC=C4OC)C
162,203,801914,340.0053694581281,6.938893903907228e-18,0,24,v1_included,,COC1=CC=CC(=C1)NS(=O)(=O)C2=CC=C(C=C2)C3=CC=CC=C3
163,195,2809351,414.87179487179486,1.734723475976807e-17,0,28,v1_included,,CC1=C(C(=NO1)C2=CC=CC=C2Cl)C(=O)NC(=S)NC3=CC=C(C=C3)C(C)C
164,29,5329823,578.4468965517242,3.469446951953614e-18,0,41,v1_included,,CN(C1=CC=C(C=C1)NC(=O)NC2=C(C=CC(=C2)C(F)(F)F)F)C3=NC(=NC=C3)NC4=CC=CC(=C4)CS(=O)(=O)C
165,145,1335357,396.7310344827586,1.3877787807814457e-17,0,28,v1_included,,CCOC1=CC=C(C=C1)NC(=O)NC2=NN=C(S2)COC3=CC=CC(=C3C)C
166,102,311270,328.3037254901961,6.938893903907228e-18,0,21,v1_included,,C1=CC(=CC(=C1)NC(=O)NC2=C(C(=CC=C2)Cl)Cl)C(=O)O
167,5,5281784,802.1800000000001,0.0,0,53,v1_included,,C[C@H]1[C@@H]([C@H]([C@H]([C@@H](O1)O[C@@H]2[C@H]([C@@H](O[C@@H]([C@H]2OC(=O)/C=C/C3=CC(=C(C=C3)O)O)CO)OCCC4=CC(=C(C=C4)O)O)O)O)O[C@H]5[C@@H]([C@](CO5)(CO)O)O)O
168,1,5750420,782.8,-4.0,-4,52,deferred_charged,charge=-4,C1=CC(=CC=C1C2=NN(N=C2)C3=CC(=C(C=C3)/C=C/C4=C(C=C(C=C4)N5N=CC(=N5)C6=CC=C(C=C6)S(=O)(=O)[O-])S(=O)(=O)[O-])S(=O)(=O)[O-])S(=O)(=O)[O-]
169,41,3971042,592.6317073170733,3.469446951953614e-18,0,42,v1_included,,CC1(C(N(C(=O)N1CCC2=CC=C(C=C2)F)C3=CC=CC(=C3)C(F)(F)F)N(C(=O)NC4=CC=CC(=C4)C(F)(F)F)O)C
170,16,132768,546.05,2.0,2,44,deferred_charged,charge=+2,C[N+]1=CC=CC(=C1)NC(=O)C2=CC=C(C=C2)NC(=O)C3=CC=C(C=C3)C(=O)NC4=CC=CC(=C4)C(=O)NC5=C[N+](=CC=C5)C
171,2,6513709,544.5,1.0,1,38,deferred_charged,charge=+1,C1COC2=C(O1)C=CC(=C2)/C(=N/NC3=C(C=C(C=C3)[N+](=O)[O-])[N+](=O)[O-])/C[N+]4=CC=C(C=C4)C(=O)NCCO
172,113,6904031,247.42238938053097,6.938893903907228e-18,0,17,v1_included,,C1COCCN1C2=CC=C(S2)/C=N/NC(=O)N
173,134,1716241,378.90820895522387,1.0408340855860843e-17,0,25,v1_included,,CCCCOC1=CC=CC(=C1)C(=O)NC(=S)NC2=CC(=C(C=C2)C)Cl
174,130,5742193,331.55253846153846,1.0408340855860843e-17,0,23,v1_included,,C1=CC(=CC(=C1)Cl)/C=C/C2=NN3C(=NN=C3S2)C4=CN=CC=C4
175,139,4050108,399.5821582733813,6.938893903907228e-18,0,29,v1_included,,CC1=CC=C(C=C1)CNC(=O)NC2=CC3=C(C=C2)SC4=CC=CC=C4C(=O)N3C
176,23,6336414,397.7778260869565,3.469446951953614e-18,0,30,v1_included,,C/C(=N\N=C(N)N)/C1=CC=C(C=C1)NC(=NC2=CC=C(C=C2)/C(=N/N=C(N)N)/C)N
177,110,74864,186.2340909090909,1.3877787807814457e-17,0,12,v1_included,,C1=CC=C(C=C1)C=CS(=O)(=O)O
178,96,7196364,345.4302083333333,1.0408340855860843e-17,0,24,v1_included,,CN1C=C(C(=O)N(C1=O)C)S(=O)(=O)NCC2=CC3=C(C=C2)OCO3
179,184,7518607,395.8418478260869,1.3877787807814457e-17,0,25,v1_included,,C1=CC=C(C(=C1)F)S(=O)(=O)NCCC2=CSC(=N2)C3=CC=C(C=C3)Cl
180,100,2730888,347.37989999999996,3.469446951953614e-18,0,23,v1_included,,CCCNC(=O)NC1=CC=C(C=C1)S(=O)(=O)NC2=NOC(=C2)C
181,72,4128554,326.46875,3.469446951953614e-18,0,22,v1_included,,CC(COC)NC(=O)NC1(OC2=CC=CC=C2O1)C(F)(F)F
182,152,8523188,401.7496710526315,1.3877787807814457e-17,0,27,v1_included,,CS(=O)(=O)C1=NN=C(C=C1)C2=CC(=CC=C2)NS(=O)(=O)C3=CC=CC=C3F
183,38,76770,306.54473684210524,0.0,0,16,v1_included,,COCCOC(=C(Cl)Cl)OP(=O)(OC)OC
184,93,69539,220.12666666666664,3.469446951953614e-18,0,15,v1_included,,CCN(CC)S(=O)(=O)C1=CC=C(C=C1)C
185,73,1728207,464.46301369863016,1.0408340855860843e-17,0,33,v1_included,,CC1=CC=C(C=C1)N2N=C3C=CC(=CC3=N2)NC(=S)NC(=O)C4=CC(=C(C=C4)OC)[N+](=O)[O-]
186,151,99454,313.7488079470199,6.938893903907228e-18,0,16,v1_included,,C1CC(CCC1NC(=O)N(CCCl)N=O)Br
187,154,2290565,332.3894155844156,6.938893903907228e-18,0,24,v1_included,,C1=CC=C(C=C1)NC(=O)NC2=CC=C(C=C2)CSC3=CC=CC=C3
188,97,3500184,470.9237113402062,6.938893903907228e-18,0,29,v1_included,,CCC(C)(C)C1CCC2=C(C1)C3=C(O2)C=CC(=C3)NS(=O)(=O)C4=CC=C(C=C4)Br
189,68,2139922,430.63235294117646,0.0,0,32,v1_included,,CC1=C(C=C(C(=N1)C)NC(=O)NC2=CC=CC=C2OC)NC(=O)NC3=CC=CC=C3OC
190,45,500642,608.3111111111112,1.0408340855860843e-17,0,44,v1_included,,CC(C)(C)OC(=O)N[C@@H](C1CCCCC1)C(=O)N2C[C@@H](C[C@H]2C(=O)NC3(C[C@@H]3C=C)C(=O)O)OC4=CC=NC5=CC=CC=C54
191,152,7635659,348.0094736842105,1.0408340855860843e-17,0,23,v1_included,,CCS(=O)(=O)NC1=CC2=C(C=C1)N(CCC2)C(=O)C3=CC=CS3
192,65,6321189,776.9907692307693,1.3877787807814457e-17,0,55,v1_included,,CCS(=O)(=O)NC(=O)[C@]1(C[C@H]1C=C)NC(=O)[C@@H]2C[C@H](CN2C(=O)[C@H](C(C)(C)C)NC(=O)OC(C)(C)C)OC3=CC(=NC4=C3C=CC(=C4)OC)C5=CC=CC=C5
193,38,6478370,553.371052631579,0.0,0,41,v1_included,,CC1CC1/C=C/C2CC2C3CC3C4CC4C5CC5/C=C/C=C/C(=O)NC[C@@H]6[C@H]([C@H]([C@@H](O6)N7CCC(=O)NC7=O)O)O
194,11,439924,228.0272727272727,0.9999999999999999,1,18,deferred_charged,charge=+1,C1=CC(=C[N+](=C1)[C@H]2[C@@H]([C@@H]([C@H](O2)CO)O)O)C(=O)N
195,8,6309542,557.1125000000001,0.0,0,42,v1_included,,C1=CC=C(C(=C1)C(=O)NC2=CC(=C(C=C2)/C=C/C3=C(C=C(C=C3)NC(=O)C4=CC=CC=C4O)S(=O)(=O)O)S(=O)(=O)O)O
196,5,512241,586.0799999999999,2.0,2,41,deferred_charged,charge=+2,CCCCCCCCCCCOC[N+]1=CC=CC(=C1)NCNC2=C[N+](=CC=C2)COCCCCCCCCCCC
197,32,1296,412.105,3.469446951953614e-18,0,25,v1_included,,CNC1CN(S(=O)(=O)C2=C1C=C(S2)S(=O)(=O)N)C3=CC(=CC=C3)OC
198,170,1226498,382.7838823529412,1.0408340855860843e-17,0,25,v1_included,,CCN(CC)S(=O)(=O)C1=CC=C(C=C1)NC(=O)NC2=CC=C(C=C2)Cl
199,102,2055920,383.2004901960784,3.469446951953614e-18,0,25,v1_included,,CC1=NC(=CS1)C2=CC=C(C=C2)NS(=O)(=O)C3=CC=C(C=C3)[N+](=O)[O-]
200,203,5726575,288.4607881773399,6.938893903907228e-18,0,20,v1_included,,CC1=C(C=C(C=C1)N/C(=N/C2=NC(=CC(=N2)C)C)/N)Cl
201,109,233093,396.474495412844,0.0,0,28,v1_included,,C1=CC=C2C=C(C=CC2=C1)S(=O)(=O)NC3C4=CC=CC=C4OC5=CC=CC=C35
202,84,2956085,348.66511904761904,3.469446951953614e-18,0,23,v1_included,,C1=CC(=CC=C1NC(=O)NC2=C(C=C(C=C2)F)F)OC(F)(F)F
203,12,575188,373.28333333333336,3.469446951953614e-18,0,27,v1_included,,CCCCCCCCCCCCCCCCCC(C)CC(=C)C(=O)OCC
204,116,2009546,392.16120689655173,1.0408340855860843e-17,0,29,v1_included,,CCOC(=O)/C(=C/C1=C(N=C2C(=CC=CN2C1=O)C)OC3=CC=C(C=C3)C)/C#N
205,117,1579120,499.3273504273504,6.938893903907228e-18,0,32,v1_included,,CCOC1=C(C=CC(=C1)/C=C(\C#N)/C(=O)NCC2=CC=CO2)OC(=O)C3=CC=CC=C3Br
206,166,1368245,418.45,1.0408340855860843e-17,0,28,v1_included,,CC1=CC(=C(C=C1)C(C)C)OCC2=NN=C(S2)NC(=O)NC3=CC=C(C=C3)Cl
207,87,5471216,344.9562068965517,1.0408340855860843e-17,0,27,v1_included,,CC1=CC=C(C=C1)C2=CN3C4=CC=CC=C4N=C3C(=N2)/C=C/C5=CC=CO5
208,75,142706,230.31733333333332,-3.469446951953614e-18,0,17,v1_included,,C1=CC=C(C(=C1)C=CC2=CC=CC=N2)[N+](=O)[O-]
209,66,5758175,339.38272727272727,3.469446951953614e-18,0,25,v1_included,,CN(C)C1=C(C=C(C=C1)/C=C/C2=C(C(=O)NC(=O)N2)[N+](=O)[O-])[N+](=O)[O-]
210,91,2731652,282.41758241758237,3.469446951953614e-18,0,19,v1_included,,COC1=CC(=CC(=C1OC)OC)C(=O)NNC(=S)N
211,23,6400299,371.65999999999997,1.0,1,24,deferred_charged,charge=+1,CCOC1=C(C(=C(C=C1)F)CCNC(=S)N[N+]2=NC=C(C=C2)Cl)Cl
212,50,3175931,456.308,3.469446951953614e-18,0,32,v1_included,,CCN(CC)CCN(CC1=CC2=CC3=C(C=C2NC1=O)OCO3)C(=S)NCCCN(C)C
213,32,1874720,518.3218750000001,6.938893903907228e-18,0,34,v1_included,,CCOC(=O)C1=C(SC(=C1C)C(=O)OCC)N/C=C(/C#N)\C2=NC(=CS2)C3=CC(=CC=C3)OC
214,58,833444,341.0839655172414,6.938893903907228e-18,0,22,v1_included,,C1CCC(CC1)C(=O)NC(=S)NC2=CC=C(C=C2)S(=O)(=O)N
215,77,2157940,494.9974025974026,3.469446951953614e-18,0,34,v1_included,,CC1=C(C2=C(N1)C=CC(=C2)F)CCN(CC3=CC(=C(C(=C3)OC)OC)OC)C(=S)NC(C)(C)C
216,79,7192840,398.6827848101266,3.469446951953614e-18,0,28,v1_included,,CC1=CC=C(C=C1)NC(=S)NNC2=NC(=NC(=N2)N3CCCC3)N4CCCC4
217,81,184721,196.36851851851853,0.9999999999999999,1,15,deferred_charged,charge=+1,C[N+]1=CC=C(C=C1)C2=CC=C(C=C2)OC
218,113,182088,194.19814159292036,6.938893903907228e-18,0,13,v1_included,,C1=CC=C2C(=C1)N=C(S2)NC(=O)N
219,20,640075,449.59000000000003,0.0,0,32,v1_included,,CCCCCCOC1=CC(=C(C=C1/C=C/C2=CC=C(C=C2)C#N)OCCCCCC)C=O
220,1,160627,1741.7,0.0,0,103,deferred_heavy&bigmw,heavy=103;mw>1000,CCN(CCOP(OCCN(CC)S(=O)(=O)C(C(C(C(C(C(C(C(F)(F)F)(F)F)(F)F)(F)F)(F)F)(F)F)(F)F)(F)F)OCCN(CC)S(=O)(=O)C(C(C(C(C(C(C(C(F)(F)F)(F)F)(F)F)(F)F)(F)F)(F)F)(F)F)(F)F)S(=O)(=O)C(C(C(C(C(C(C(C(F)(F)F)(F)F)(F)F)(F)F)(F)F)(F)F)(F)F)(F)F
221,131,5028412,216.15709923664122,1.0408340855860843e-17,0,14,v1_included,,CC1=CC(=C(C(=C1C)S(=O)(=O)N)C)C
222,36,7635722,258.0583333333334,3.469446951953614e-18,0,17,v1_included,,C1=CSC(=N1)NS(=O)(=O)C2=CNC(=O)NC2=O
223,69,604342,175.65231884057968,0.0,0,12,v1_included,,C1=C(N=C(C(=N1)Cl)N)NC(=O)N
224,31,5824186,329.9293548387097,1.0000000000000002,1,25,deferred_charged,charge=+1,CCOC1=CC2=C(C=C1)[N+](=C(C=C2)/C=C/C3=CC(=CC=C3)[N+](=O)[O-])C
225,120,6060575,235.15133333333333,6.938893903907228e-18,0,18,v1_included,,CC1=CC=C(C=C1)/C=C/N2C3=CC=CC=C3N=N2
226,84,6069927,373.87964285714287,3.469446951953614e-18,0,28,v1_included,,CC1=CC=C(C=C1)C(=O)N/C(=C/C2=CC=C(C=C2)OC)/C(=O)NCCCOC
227,74,2947720,470.22027027027025,3.469446951953614e-18,0,30,v1_included,,CC1=CC=C(C=C1)S(=O)(=O)N(C)C2=C(C=CC(=C2)S(=O)(=O)N3CCCCCC3)OC
228,121,4776613,276.442479338843,6.938893903907228e-18,0,19,v1_included,,CC1=CC(=C(C=C1)C)NC(=S)NC2=C(NN=C2C)C
229,133,5020544,355.21932330827065,1.0408340855860843e-17,0,25,v1_included,,CCC1=CC=CC(=C1NC(=S)N(CCN(C)C)C(C)C2=CC=CO2)C
230,160,4295032,464.34625,1.0408340855860843e-17,0,34,v1_included,,COC1=C(C=C2C(=C1)CCN=C2CC3=CC=C(C=C3)NC(=O)NC4=CC=CC=C4[N+](=O)[O-])OC
231,9,5892,659.6977777777778,3.469446951953614e-18,0,44,v1_included,,C1=CC(=C[N+](=C1)[C@H]2[C@@H]([C@@H]([C@H](O2)COP(=O)([O-])OP(=O)(O)OC[C@@H]3[C@H]([C@H]([C@@H](O3)N4C=NC5=C(N=CN=C54)N)O)O)O)O)C(=O)N
232,39,9830692,609.7923076923076,3.469446951953614e-18,0,46,v1_included,,CN(C)C1=CC=C(C=C1)NC(=O)N(CC2CCC(CC2)CN(C3CCCCC3)C(=O)NC4=CC=C(C=C4)N(C)C)C5CCCCC5
233,172,4116957,438.7709302325581,1.734723475976807e-17,0,30,v1_included,,CC1=CC=C(C=C1)NC(=S)N=NC2=C(N(C3=CC=CC=C32)CC4=CC=C(C=C4)Cl)O
234,69,9826110,467.9130434782609,3.469446951953614e-18,0,31,v1_included,,CC(C)(C)C1=NN(C(=C1)NC(=O)NC2=C(C(=CC=C2)Cl)Cl)C3=NC=CC(=N3)C(F)(F)F
235,39,3538866,503.9820512820513,3.469446951953614e-18,0,34,v1_included,,CC1=CC=C(C=C1)N2C3=C(C(=O)NC2=O)C(C(=O)N3)(C(F)(F)F)NS(=O)(=O)C4=CC=C(C=C4)Cl
236,123,4097992,431.9910569105691,1.0408340855860843e-17,0,29,v1_included,,CCC1=CC=CC(=C1NC(=S)N(CCCN2CCN(CC2)C)CC3=CC=CS3)C
237,48,260628,312.5079166666667,3.469446951953614e-18,0,20,v1_included,,C1=CC(=NC(=C1)NC(=O)NCCCl)NC(=O)NCCCl
238,7,3083163,1172.6285714285714,3.469446951953614e-18,0,81,deferred_heavy&bigmw,heavy=81;mw>1000,C[C@@H](CO[C@@H]1[C@H]([C@H]2[C@H](O[C@@H]1O[C@@H]3[C@H](O[C@@H]([C@@H]([C@H]3O)O)O[C@@H]4[C@H](O[C@@H]([C@@H]([C@H]4O)O)O[C@@H]5[C@H](O[C@@H]([C@@H]([C@H]5O)O)O[C@@H]6[C@H](O[C@@H]([C@@H]([C@H]6O)O)O[C@@H]7[C@H](O[C@@H]([C@@H]([C@H]7O)O)O[C@@H]8[C@H](O[C@H](O2)[C@@H]([C@H]8O)O)CO)CO)CO)CO)CO)CO)CO)O)O
239,165,339340,417.8,1.3877787807814457e-17,0,23,v1_included,,CCN(CC)C(=NC1=CC(=C(C=C1)Cl)Cl)SC(=C(Cl)Cl)NC=O
240,65,7174161,241.53846153846155,3.469446951953614e-18,0,18,v1_included,,CCOC(=O)/C=C/C1=CC=C(O1)C2=CC=CC=C2
241,14,106085,463.1585714285714,3.469446951953614e-18,0,28,v1_included,,CC(=C)C(=O)OCCCCN(C)S(=O)(=O)C(C(C(C(F)(F)F)(F)F)(F)F)(F)F
242,132,3928090,475.6583333333333,6.938893903907228e-18,0,31,v1_included,,C1COCCN1S(=O)(=O)C2=CC=C(C=C2)S(=O)(=O)NCCC34CC5CC(C3)CC(C5)C4
243,3,4425938,697.5,0.9999999999999999,1,52,deferred_charged,charge=+1,CCCCCCCCCCCCCCCCCCN(CCCCCCCCCCCCCCCCCC)C1=CC=C(C=C1)C=CC2=CC=[N+](C=C2)C
244,45,500797,709.0977777777778,6.938893903907228e-18,0,52,v1_included,,CC(C)[C@@H](C(=O)N1C[C@@H](C[C@H]1C(=O)NC2(C[C@@H]2C=C)C(=O)O)OC3=CC(=NC4=C3C=CC(=C4)OC)C5=CC=CC=C5)NC6=CC=C(C=C6)NC(=O)C
245,60,2229137,512.3166666666666,0.0,0,32,v1_included,,CC1=CC(=C(C=C1)OC)NS(=O)(=O)C2=CC=C(C=C2)NS(=O)(=O)C3=CC(=C(C=C3)OC)Cl
246,95,832774,309.36494736842104,3.469446951953614e-18,0,23,v1_included,,C1=CC=C(C=C1)NC2=CC=C(C=C2)NC(=S)NC3=CC=CC=C3
247,235,5095146,343.7531489361702,1.0408340855860843e-17,0,24,v1_included,,CC1=C(C=CC(=C1)NS(=O)(=O)C2=CC=CC3=C2N=CC=C3)C(C)C
248,38,4607601,398.09736842105264,3.469446951953614e-18,0,27,v1_included,,CCCCCCCCCCCC1=NN=C(O1)NC(=O)NC2=CC=C(C=C2)Cl
249,88,5292286,493.175,3.469446951953614e-18,0,36,v1_included,,CC1=CC=C(C=C1)NC2=NN=C(C3=CC=CC=C32)C4=CC(=C(C=C4)C)S(=O)(=O)NCC5=CC=CC=N5
250,106,310371,348.99735849056606,6.938893903907228e-18,0,23,v1_included,,CC1=C(C=C(C=C1)NC(=O)NC2=C(C=CC(=C2)C(F)(F)F)Cl)C
251,91,4087089,428.6413186813187,0.0,0,31,v1_included,,CC1=CC(=CC=C1)NS(=O)(=O)C2=CC3=C(C=C2)NC(C4C3C=CC4)C5=CC=CC=C5F
252,21,10054419,618.290476190476,3.469446951953614e-18,0,42,v1_included,,CCCCCCCN(CCCCCSC1=NC(=C(N1)C2=CC=CC=C2)C3=CC=CC=C3)C(=S)NC4=C(C=C(C=C4)F)F
253,27,267271,488.1777777777778,3.469446951953614e-18,0,37,v1_included,,C1=CC=C2C(=C1)C=CC=C2NC(=O)NNC(=O)CCCC(=O)NNC(=O)NC3=CC=CC4=CC=CC=C43
254,17,420315,271.61529411764707,1.0,1,20,deferred_charged,charge=+1,CCCCCCCCCCCC[N+]1=CC=C(C=C1)C#N
255,200,4679325,291.8868,1.3877787807814457e-17,0,20,v1_included,,CC1=NC2=C(S1)C=C(C=C2)NC(=O)NC3CCCCC3
256,154,3069820,383.37142857142857,6.938893903907228e-18,0,27,v1_included,,CC1=CC(=C(C2=C1C(=CC(=O)O2)C)S(=O)(=O)NC(=O)NC3=CC=CC=C3)C
257,99,6287651,376.72525252525253,6.938893903907228e-18,0,29,v1_included,,CC1(C2=CC=CC=C2N3C1(NC(=O)C3)/C=C/C4=CC=C(C=C4)C5=CC=CC=C5)C
258,44,6509305,481.0454545454545,3.469446951953614e-18,0,36,v1_included,,CC1=CC=C(C=C1)C(=O)N/C(=C\C2=C3C=CC=CC3=CC4=CC=CC=C42)/C(=O)NC5=CC=C(C=C5)C
259,148,5291583,358.5330405405405,3.469446951953614e-18,0,26,v1_included,,C1CCN(C1)C2=CC=C(C=C2)/C=C(\C#N)/C3=NN(C(=C3C#N)N)CCO
260,184,3746414,319.1584782608696,1.0408340855860843e-17,0,24,v1_included,,C1=CC=C(C=C1)C2=CC=CC=C2NC(=O)NC3=CC=CC(=C3)C#N
261,40,9838757,271.30575,0.0,0,20,v1_included,,CCCCCCNC(=O)/N=N/C(=O)NCCCCCC
262,88,1004715,441.9977272727273,-3.469446951953614e-18,0,30,v1_included,,CC1=C(C(=NN1CC2=CC(=C(C=C2)Cl)Cl)C)NC(=O)NC3=CC=CC4=CC=CC=C43
263,15,3022693,550.96,0.0,0,38,v1_included,,CCCCCCCCCCCCCCCCCCCCCCCCCCCCCCCCOC(=O)C(=C)C
264,1,10033991,773.2,3.0,3,54,deferred_charged,charge=+3,CN(C1=CC=C(C=C1)Cl)C2=CC=[N+](C=C2)CC3=CC(=CC(=C3)C[N+]4=CC=C(C=C4)N(C)C5=CC=C(C=C5)Cl)C[N+]6=CC=C(C=C6)N(C)C7=CC=C(C=C7)Cl
265,1,494189,357.4,3.0,3,27,deferred_charged,charge=+3,C[N+]1=CC=C(C=C1)C2=NC(=NC(=N2)C3=CC=[N+](C=C3)C)C4=CC=[N+](C=C4)C
266,98,819542,271.6615306122449,1.0408340855860843e-17,0,19,v1_included,,C1=CC=C(C=C1)S(=O)/C=C/C2=CC=C(C=C2)[N+](=O)[O-]
267,28,4871662,468.8996428571428,3.469446951953614e-18,0,29,v1_included,,C1=CC(=CC=C1NS(=O)(=O)C2=CC3=C(C=C2)NC(=O)S3)S(=O)(=O)NC4=NC=CS4
268,1,479999,2125.9,0.0,0,134,deferred_heavy&bigmw,heavy=134;mw>1000,C1=CC=C(C=C1)CO[C@@H]2[C@H](C3[C@H](OC2OC4[C@H](OC([C@@H]([C@H]4O)OCC5=CC=CC=C5)OC6[C@H](O[C@@H]([C@@H]([C@H]6OS(=O)(=O)O)OS(=O)(=O)O)OC7[C@H](OC(C([C@H]7O)O)OC8[C@H](OC(C([C@H]8O)O)OC9[C@H](OC(C([C@H]9O)O)OC1[C@H](OC(O3)[C@@H]([C@H]1O)OCC1=CC=CC=C1)COS(=O)(=O)O)COS(=O)(=O)O)COS(=O)(=O)O)COS(=O)(=O)O)COS(=O)(=O)O)COS(=O)(=O)O)COS(=O)(=O)O)O
269,7,104103,513.4542857142857,1.0,1,30,deferred_charged,charge=+1,C[N+](C)(C)CCCNS(=O)(=O)C(C(C(C(C(C(F)(F)F)(F)F)(F)F)(F)F)(F)F)(F)F
270,43,1260216,456.3127906976744,3.469446951953614e-18,0,31,v1_included,,CC1=C(C2=C(N1)C=CC(=C2)OC(F)(F)F)CCNS(=O)(=O)C3=CC(=C(C=C3)OC)OC
271,164,681806,340.28280487804875,1.3877787807814457e-17,0,22,v1_included,,C1=CC=C(C(=C1)C(=O)NC(=S)NC2=CC(=CC=C2)[N+](=O)[O-])Cl
272,177,3000476,262.01519774011297,6.938893903907228e-18,0,18,v1_included,,C1CCC(=CC1)CCNC(=S)NC2=CC=CC=N2
273,107,5387525,393.7647663551402,3.469446951953614e-18,0,30,v1_included,,C1=CC=C2C(=C1)NC(=N2)/C(=C/C3=CC(=CC=C3)[N+](=O)[O-])/NC(=O)C4=CC=C(C=C4)N
274,142,3866110,382.9330985915493,6.938893903907228e-18,0,27,v1_included,,C1CCC(CC1)NC(=S)NNC(=O)C2=CC=C(C=C2)OCC3=CC=CC=C3
275,13,9578292,609.1692307692308,0.0,0,40,v1_included,,CC(C)(C(=O)[O-])O/N=C(\C1=CSC(=N1)N)/C(=O)N[C@@H]2[C@H]3N(C2=O)C(=C(CS3=O)CSC4=CC=[N+](C=C4)C)C(=O)O
276,1,453205,3219.0,0.0,0,184,deferred_heavy&bigmw,heavy=184;mw>1000,C(C1C2C(C(C(O1)OC3C(OC(C(C3OS(=O)(=O)O)OS(=O)(=O)O)OC4C(OC(C(C4OS(=O)(=O)O)OS(=O)(=O)O)OC5C(OC(C(C5OS(=O)(=O)O)OS(=O)(=O)O)OC6C(OC(C(C6OS(=O)(=O)O)OS(=O)(=O)O)OC7C(OC(C(C7OS(=O)(=O)O)OS(=O)(=O)O)OC8C(OC(C(C8OS(=O)(=O)O)OS(=O)(=O)O)OC9C(OC(O2)C(C9OS(=O)(=O)O)OS(=O)(=O)O)COS(=O)(=O)O)COS(=O)(=O)O)COS(=O)(=O)O)COS(=O)(=O)O)COS(=O)(=O)O)COS(=O)(=O)O)COS(=O)(=O)O)OS(=O)(=O)O)OS(=O)(=O)O)OS(=O)(=O)O
277,118,482072,225.45372881355934,6.938893903907228e-18,0,17,v1_included,,C1=CC=C(C=C1)CCNC(=O)NC2=CC=NN2
278,45,4458442,429.18733333333336,0.0,0,21,v1_included,,COC1=CC=C(C=C1)S(=O)(=O)N=C2C=C(C(=O)C(=C2)Br)Br
279,35,1840223,535.1428571428571,3.469446951953614e-18,0,33,v1_included,,C1=CC(=CC=C1N/C=C(/C#N)\C2=NC(=CS2)C3=CC(=C(C=C3)Cl)Cl)S(=O)(=O)NC4=NC=CS4
280,16,62414,277.1275,3.469446951953614e-18,0,18,v1_included,,C=CC(=O)OCCOCCOCCOC(=O)C=C
281,20,3005563,491.27,1.0000000000000002,1,32,deferred_charged,charge=+1,CCS/C(=C(\C1=CC=CC=C1)/[P+](C2=CC=CC=C2)(C3=CC=CC=C3)C4=CC=CC=C4)/SC
282,33,199768,332.20363636363635,3.469446951953614e-18,0,21,v1_included,,CCNC(=O)NC1=CC=C(C=C1)C2=NNC(=N2)S(=O)(=O)N
283,50,2782398,247.0056,3.469446951953614e-18,0,17,v1_included,,C1=CC=C(C=C1)C(=O)OC(=C(F)F)C(F)(F)F
284,50,1924732,311.1196,3.469446951953614e-18,0,20,v1_included,,CC1=CC(=NO1)NC(=O)NC(C)(C(F)(F)F)C(F)(F)F
285,1,6450113,1435.9,0.0,0,101,deferred_heavy&bigmw,heavy=101;mw>1000,CCC1C(=O)N(CC(=O)N(C(C(=O)NC(C(=O)N(C(C(=O)NC(C(=O)NC(C(=O)N(C(C(=O)N(C(C(=O)N(C(C(=O)OC(C(C(=O)N1)N(C)S(=O)(=O)C2=CC=CC3=C2C=CC=C3N(C)C)C(C)C/C=C\C)C(C)C)C)CC(C)C)C)CC(C)C)C)C)C)CC(C)C)C)C(C)C)CC(C)C)C)C
286,140,1016684,461.9442857142857,2.0816681711721685e-17,0,32,v1_included,,CC1=CC=C(C=C1)N2N=C3C=C(C(=CC3=N2)Cl)NC(=S)NC(=O)C4=CC5=CC=CC=C5O4
287,199,485139,309.6208040201005,1.3877787807814457e-17,0,23,v1_included,,CCOC1=CC=CC=C1NC(=O)NC2=NC3=C(C=C2)C=NC=C3
288,64,3949605,506.46875,3.469446951953614e-18,0,33,v1_included,,CCS(=O)(=O)NC1=CC=C(C=C1)C2=NN(C(C2)C3=CC=CS3)S(=O)(=O)C4=CC=C(C=C4)OC
289,32,6200412,468.66875,3.469446951953614e-18,0,34,v1_included,,COC1=CC(=CC(=C1OC)OC)/C=C/C2=NC(=C(O2)N3CCN(CC3)C4=CC(=CC=C4)Cl)C#N
290,74,6140656,413.4040540540541,6.938893903907228e-18,0,29,v1_included,,COC(=O)C1=CC=CC=C1C2=CC=C(O2)/C=C(\C#N)/C3=NC(=CS3)C4=CC=CO4
291,57,10007627,556.0964912280701,6.938893903907228e-18,0,35,v1_included,,CN1CC[C@H](C1)OC2=C(C=CC(=C2)NS(=O)(=O)C3=CC(=C(S3)C4=CC=CC=C4OC)Cl)C(F)(F)F
292,134,9551569,371.79671641791043,1.0408340855860843e-17,0,25,v1_included,,COC1=CC=C(C=C1)S(=O)(=O)NCCC2=CSC(=N2)C3=CN=CC=C3
293,60,4075794,293.1285,1.0000000000000002,1,20,deferred_charged,charge=+1,CC1=CC(=[N+](C(=C1)C)CC2=CC=C(C=C2)S(=O)(=O)N)C
294,38,543283,282.7181578947368,3.469446951953614e-18,0,19,v1_included,,CCCCCCCCCCCC(CC)OC(=O)C=C
295,1,454483,690.8,2.0,2,50,deferred_charged,charge=+2,CN1C=C(C=C1C(=O)NCCC(=[NH2+])N)NC(=O)C2=CC(=CN2C)NC(=O)NC3=CN(C(=C3)C(=O)NC4=CN(C(=C4)C(=O)NCCC(=[NH2+])N)C)C
296,53,472701,546.2981132075472,3.469446951953614e-18,0,38,v1_included,,CC1=CC=C(C=C1)S(=O)(=O)N(C[C@H]([C@H](CC2=CC=CC=C2)NC(=O)O[C@H]3CO[C@@H]4[C@H]3CCO4)O)CC(C)C
297,36,4860697,480.7861111111111,6.938893903907228e-18,0,36,v1_included,,CCC1=C(C(=CC=C1)CC)NC(=O)NC2=CC(=C(N=C2C)C)NC(=O)NC3=C(C=CC=C3CC)CC
298,79,5377653,264.11367088607597,6.938893903907228e-18,0,19,v1_included,,CN1C(=O)NC(=O)C(=N1)/C=C/C2=CC=C(O2)[N+](=O)[O-]
299,26,9645193,627.4846153846154,0.0,0,40,v1_included,,CC(C(=O)N/N=C/C1=C(C=CC(=C1)Br)OC(=O)/C=C/C2=CC=CC=C2)OC3=CC=C(C=C3)OCC4=CC=CC=C4
300,12,5473469,657.9166666666666,3.469446951953614e-18,0,44,v1_included,,CCOC1=CC=C(C=C1)N=NC2=CC(=C(C=C2)/C=C/C3=C(C=C(C=C3)N=NC4=CC=C(C=C4)OCC)S(=O)(=O)O)S(=O)(=O)O
301,53,3175683,394.63075471698113,3.469446951953614e-18,0,27,v1_included,,CCCCNC(=S)N(CCCO)CC1=CC2=CC3=C(C=C2NC1=O)OCO3
302,172,490084,263.76959302325577,1.0408340855860843e-17,0,20,v1_included,,CC1=C(N2C=CC=CC2=N1)NC(=O)NC3=CC=CC=C3
303,4,516725,765.35,0.0,0,57,v1_included,,C[C@H](CCCN(C)CC1=CC=CC=C1)[C@H]2CC[C@@H]3[C@@]2([C@H](C[C@H]4C3[C@@H](CC5[C@@]4(CC[C@H](C5)OCCCN=C(N)N)C)OCCCN=C(N)N)OCCCN=C(N)N)C
304,33,5863200,225.460303030303,-3.469446951953614e-18,0,16,v1_included,,CCC/C(=N\N=C(N)N)/C(=N\N=C(N)N)/C
305,86,1106555,420.4602325581395,0.0,0,28,v1_included,,CC1=CC(=NC(=N1)NS(=O)(=O)C2=CC=C(C=C2)NC(=S)NC3=CC=CC=C3)C
306,7,321589,458.64,3.469446951953614e-18,0,26,v1_included,,C1=C(SC(=C1[N+](=O)[O-])SSC2=C(C=C(S2)S(=O)(=O)N)[N+](=O)[O-])S(=O)(=O)N
307,109,2964796,513.4229357798165,6.938893903907228e-18,0,34,v1_included,,CCS(=O)(=O)NC1=CC=C(C=C1)C2=NN(C(C2)C3=CC(=CC=C3)F)S(=O)(=O)C4=CC=C(C=C4)C
308,13,224493,677.6538461538462,0.0,0,39,v1_included,,C1=CC(=C(C=C1NC(=O)NC2=C(C=CC(=C2)Cl)OC3=C(C=C(C=C3)Cl)NC(=O)NC4=CC(=C(C=C4)Cl)Cl)Cl)Cl
309,39,2739483,415.56,3.469446951953614e-18,0,27,v1_included,,C1=CC(=C(C=C1C#N)Cl)S(=O)(=O)NC2=CC(=CC(=C2)C(F)(F)F)C(F)(F)F
310,18,5281773,624.9722222222222,3.469446951953614e-18,0,44,v1_included,,C[C@H]1[C@@H]([C@H]([C@H]([C@@H](O1)OC[C@@H]2[C@H]([C@@H]([C@H]([C@@H](O2)OCCC3=CC(=C(C=C3)O)O)O)O)OC(=O)/C=C/C4=CC(=C(C=C4)O)O)O)O)O
311,79,1727699,517.8607594936709,3.469446951953614e-18,0,35,v1_included,,C1=CC=C(C=C1)CCNC(=O)/C(=C/C2=CC=C(O2)C3=C(C=C(C=C3)Cl)Cl)/NC(=O)C4=CC=CC=C4
312,48,1508268,419.84041666666667,3.469446951953614e-18,0,28,v1_included,,C1=CSC(=C1)C(=O)NC(=O)NC2=NC(=CC(=N2)C(F)(F)F)C3=CC=C(C=C3)F
313,50,413436,165.28959999999998,1.0000000000000002,1,11,deferred_charged,charge=+1,C[N+]1=CC=C(C=C1)C(=O)OC
314,147,738326,258.9291836734694,1.0408340855860843e-17,0,16,v1_included,,C1C[C@@H]2C[C@H]1C[C@H]2NS(=O)(=O)C3=CC=CS3
315,26,3023170,327.63192307692304,0.0,0,23,v1_included,,COC1=C(C=CC(=C1)S(=O)(=O)N)N=NC2C(=O)NC(=O)NC2=O
316,144,617859,374.74055555555555,1.0408340855860843e-17,0,22,v1_included,,COC1=CC=C(C=C1)OCCNC(=O)NC2=CC=C(C=C2)Br
317,1,479997,2886.8,0.0,0,182,deferred_heavy&bigmw,heavy=182;mw>1000,C1=CC=C(C=C1)CO[C@@H]2[C@H](C3[C@H](O[C@@H]2O[C@@H]4[C@H](O[C@@H](C([C@H]4OS(=O)(=O)O)OCC5=CC=CC=C5)OC6[C@H](OC([C@@H]([C@H]6OS(=O)(=O)O)OCC7=CC=CC=C7)OC8[C@H](OC([C@@H]([C@H]8OS(=O)(=O)O)OCC9=CC=CC=C9)OC1[C@H](OC([C@@H]([C@H]1OS(=O)(=O)O)OCC1=CC=CC=C1)OC1[C@H](OC([C@@H]([C@H]1OS(=O)(=O)O)OCC1=CC=CC=C1)OC1[C@H](OC(O3)[C@@H]([C@H]1OS(=O)(=O)O)OCC1=CC=CC=C1)COS(=O)(=O)O)COS(=O)(=O)O)COS(=O)(=O)O)COS(=O)(=O)O)COS(=O)(=O)O)COS(=O)(=O)O)COS(=O)(=O)O)OS(=O)(=O)O
318,46,2904,387.9126086956522,3.469446951953614e-18,0,23,v1_included,,C1CCC(C1)CC2NC3=CC(=C(C=C3S(=O)(=O)N2)S(=O)(=O)N)Cl
319,220,7635889,403.77590909090907,1.3877787807814457e-17,0,28,v1_included,,COC1=C(C=CC(=C1)NS(=O)(=O)C2=CC3=C(CCCC3)C=C2)N4CCCC4=O
320,67,2956323,486.6611940298507,3.469446951953614e-18,0,31,v1_included,,C1=CC(=CC=C1NC(=O)NC2=CC=C(C=C2)S(=O)(=O)NC3=CC(=C(C=C3)Cl)Cl)[N+](=O)[O-]
321,1,6409652,1800.3,0.0,0,88,deferred_heavy&bigmw,heavy=88;mw>1000,C(C1[C@@H]2C(C([C@H](O1)O[C@@H]3C(O[C@@H](C(C3O)O)O[C@@H]4C(O[C@@H](C(C4O)O)O[C@@H]5C(O[C@@H](C(C5O)O)O[C@@H]6C(O[C@@H](C(C6O)O)O[C@@H]7C(O[C@@H](C(C7O)O)O[C@@H]8C(O[C@@H](C(C8O)O)O[C@@H]9C(O[C@H](O2)C(C9O)O)CBr)CBr)CBr)CBr)CBr)CBr)CBr)O)O)Br
322,64,9567688,336.49015625,3.469446951953614e-18,0,22,v1_included,,CCC1=C(N(/C(=N/S(=O)(=O)C2=CC=CC(=C2)[N+](=O)[O-])/S1)C)C
323,211,8190539,318.6962085308057,1.0408340855860843e-17,0,21,v1_included,,CC1=CC(=C(C=C1)NS(=O)(=O)/C=C/C2=CC=C(C=C2)Cl)C
324,151,2815459,201.1100662251656,6.938893903907228e-18,0,13,v1_included,,C1CC1CNC(=O)NC2=CC=CS2
325,62,5738052,478.2716129032258,1.0408340855860843e-17,0,28,v1_included,,COC1=CC=CC(=C1)N2C(=NC3=C(C2=O)C=C(C=C3)I)/C=C/C4=CN=CC=C4
326,36,9549312,641.2944444444445,6.938893903907228e-18,0,39,v1_included,,C1CC(CCC1CNS(=O)(=O)C2=CC=C(S2)Br)C(=O)N3CCN(CC3)C(C4=CC=CC=C4)C5=CC=C(C=C5)Cl
327,77,3411260,448.86753246753244,1.0408340855860843e-17,0,32,v1_included,,CCCN1CCCC2=C1C=CC(=C2)CN(CCCOCC)C(=S)NC3=CC(=C(C=C3)C)C
328,258,2812760,289.52802325581393,1.3877787807814457e-17,0,22,v1_included,,CC1=CC(=CC(=C1)NC(=O)NC2=NC3=CC=CC=C3C=C2)C
329,113,1488713,185.75831858407082,1.0408340855860843e-17,0,13,v1_included,,COC1=CC=CC=C1CNC(=O)N
330,153,297877,208.24882352941177,1.0408340855860843e-17,0,14,v1_included,,CC1=CC=C(C=C1)S(=O)(=O)NCC=C
331,131,659530,289.4297709923664,6.938893903907228e-18,0,20,v1_included,,CC(C)C1=NN=C(S1)NC(=O)NC2=CC=C(C=C2)OC
332,145,307459,239.07593103448275,6.938893903907228e-18,0,18,v1_included,,CC(C)(C)NC(=O)NC1=CC2=CC=CC=C2C=C1
333,148,7483117,415.51554054054054,6.938893903907228e-18,0,26,v1_included,,C1CN(S(=O)(=O)C1)C2=C(C=CC(=C2)NS(=O)(=O)CCC3=CC=CC=C3)Cl
334,132,7728685,211.76886363636365,6.938893903907228e-18,0,14,v1_included,,CCNC(=S)N/N=C/C1=CC=CC=N1
335,70,550408,148.25414285714282,1.3877787807814457e-17,0,11,v1_included,,CC(=CC1CC(CO1)C=C)C
336,104,1487922,296.1043269230769,3.469446951953614e-18,0,20,v1_included,,COC(=O)C1=CC=C(C=C1)N/C=C(\C#N)/C2=CSC=C2
337,3,3105277,596.6666666666667,3.469446951953614e-18,0,44,v1_included,,CCOC(=O)C(=CC1=CC=C(C=C1)OCCCCCCOC2=CC=C(C=C2)C=C(C(=O)OCC)C(=O)OCC)C(=O)OCC
338,102,2955994,344.11696078431373,3.469446951953614e-18,0,24,v1_included,,COC1=C(C=CC(=C1)[N+](=O)[O-])NC(=O)NC2=NC3=C(S2)CCCC3
339,92,2133646,299.0983695652174,6.938893903907228e-18,0,19,v1_included,,CCN1C(=O)CSC1=NS(=O)(=O)C2=CC=C(C=C2)C
340,139,2928196,326.37791366906475,1.0408340855860843e-17,0,24,v1_included,,CC1=CC=C(C=C1)NC(=O)NC23CC4(CC(C2)(CC(C4)(C3)C)C)C
341,55,3037631,283.1227272727273,3.469446951953614e-18,0,18,v1_included,,CCN(CC)C(=O)/C(=C(\C)/OP(=O)(OC)OC)/O
342,16,5054561,538.2312499999999,3.469446951953614e-18,0,35,v1_included,,CCCCCCCCCCCCCCCCCCNS(=O)(=O)C1=CC=CC2=C1C=CC=C2N(C)C
343,5,109281,735.1800000000001,0.0,0,48,v1_included,,CCN(CCOC(=O)NC1=CC(=C(C=C1)C)NC(=O)OC(C)COC(=O)C(=C)C)S(=O)(=O)C(C(C(C(C(F)(F)F)(F)F)(F)F)(F)F)(F)F
344,2,5750262,823.8499999999999,-1.9999999999999998,-2,62,deferred_charged,charge=-2,C1COCCN1C2=NC(=NC(=N2)NC3=CC(=C(C=C3)/C=C/C4=C(C=C(C=C4)NC5=NC(=NC(=N5)NC6=CC=CC=C6)N7CCOCC7)S(=O)(=O)[O-])S(=O)(=O)[O-])NC8=CC=CC=C8
345,2,60794,781.25,0.0,0,58,v1_included,,CC1=CNC2=C(C=C3C(=C12)[C@@H](CN3C(=O)C4=CC5=C(N4)C=CC(=C5)NC(=O)NC6=CC7=C(C=C6)NC(=C7)C(=O)N8C[C@H](C9=C1C(=CNC1=C(C=C98)O)C)CCl)CCl)O
346,15,3010217,649.3466666666666,0.0,0,45,v1_included,,CC1=NC2=CC=CC=C2C(=O)N1C3=CC=C(C=C3)NC(=S)N[C@H]4[C@@H]([C@H]([C@@H]([C@H](O4)COC(=O)C)OC(=O)C)OC(=O)C)OC(=O)C
347,16,3091095,422.884375,0.0,0,27,v1_included,,CC1=C2C(=CC=C1)N(C(=C2N=NC(=S)N)O)C3C(C(C(C(O3)CO)O)O)O
348,51,2779629,505.1066666666667,3.469446951953614e-18,0,31,v1_included,,COC1=C(C(=C(C=C1[N+](=O)[O-])Br)OC)C(=O)NC(=O)NC2=C(C(=C(C(=C2F)F)F)F)F
349,134,52532,193.6924626865672,1.0408340855860843e-17,0,13,v1_included,,CN(C)C(=NC1=CC=C(C=C1)Cl)N
350,148,296616,264.2739864864865,6.938893903907228e-18,0,16,v1_included,,CCNS(=O)(=O)C1=CC(=C(C=C1)Cl)[N+](=O)[O-]
351,148,4396339,276.21533783783786,6.938893903907228e-18,0,17,v1_included,,CC(C)N(C(C)C)S(=O)(=O)C1=CC=C(C=C1)Cl
352,28,351479,351.2057142857143,3.469446951953614e-18,0,24,v1_included,,CCOC(=O)C(CC(C)C)NC(=O)NC(CC(C)C)C(=O)OCC
353,16,4318260,229.81562499999995,2.0,2,18,deferred_charged,charge=+2,CN(C)C1=CC=[N+](C=C1)CC(=C)[N+]2=CC=CC=C2
354,156,404202,281.1230128205128,6.938893903907228e-18,0,19,v1_included,,C1=CC(=CC=C1C=NC2=CC=C(C=C2)S(=O)(=O)N)O
355,3,482108,674.7,3.469446951953614e-18,0,47,v1_included,,C1[C@@H]([C@H]([C@@H]([C@H]([C@@H]1N=C(N)N)O[C@@H]2[C@H]([C@@H]([C@H]([C@@H](O2)CO)O)N=C(N)N)O)O)O[C@@H]3[C@@H](C[C@@H]([C@H](O3)CN=C(N)N)O)N=C(N)N)N=C(N)N
356,1,4581822,2354.6,0.0,0,161,deferred_heavy&bigmw,heavy=161;mw>1000,CC(COCC1C2C(C(C(O1)OC3C(OC(C(C3OCC(C)O)OCC(C)O)OC4C(OC(C(C4OCC(C)O)OCC(C)O)OC5C(OC(C(C5OCC(C)O)OCC(C)O)OC6C(OC(C(C6OCC(C)O)OCC(C)O)OC7C(OC(C(C7OCC(C)O)OCC(C)O)OC8C(OC(O2)C(C8OCC(C)O)OCC(C)O)COCC(C)O)COCC(C)O)COCC(C)O)COCC(C)O)COCC(C)O)COCC(C)O)OCC(C)O)OCC(C)O)O
357,7,516541,744.3,3.469446951953614e-18,0,53,v1_included,,C1=CC=C(C=C1)C[C@H]2C(=O)N[C@H](C(=O)N[C@H](C(=O)N[C@H](C(=O)N[C@H](C(=O)N2)CCCN=C(N)N)CCCN=C(N)N)CCCCN)CCCN=C(N)N
358,107,1105993,428.48130841121497,6.938893903907228e-18,0,31,v1_included,,CC1=C(C2=C(O1)C3=CC=CC=C3C(=C2)NS(=O)(=O)C4=CC5=CC=CC=C5C=C4)C(=O)C
359,79,2757335,127.16821518987334,1.0408340855860843e-17,0,8,v1_included,,CC(C)(C)S(=O)(=O)N
360,24,3024759,436.71666666666664,3.469446951953614e-18,0,29,v1_included,,CCCCCCCCCCCCCCCCOC1=C(C=C(C=C1)S(=O)(=O)NC)N
361,36,2772125,386.31388888888887,3.469446951953614e-18,0,29,v1_included,,CCC(=C(C1=CC=C(C=C1)OC)C2=CC=C(C=C2)OC)C3=CNC4=CC=CC=C43
362,62,24150,101.83564516129036,1.734723475976807e-17,0,8,v1_included,,C=CC1CCC(=O)N1
363,107,4616056,253.73514018691588,3.469446951953614e-18,0,15,v1_included,,CC1=CC(=C(C=C1Cl)OC)NC(=S)NN
364,146,1297175,381.1945205479452,1.3877787807814457e-17,0,28,v1_included,,CC1=CC(=O)OC2=C1C=CC(=C2)NC(=S)NC3=CC=CC=C3C4=CC=CC=C4
365,91,8033628,334.4185714285714,0.0,0,23,v1_included,,CC1=CC(=CC2=C1NC(=O)C=C2C)S(=O)(=O)NCC3=CC=CO3
366,4,5916249,984.0,0.0,0,64,v1_included,,C1=CC2=C(C=C(C(=C2N=C1)O)CSCC(=O)NC3=CC(=C(C=C3)/C=C/C4=C(C=C(C=C4)NC(=O)CSCC5=CC(=C6C=CC=NC6=C5O)S(=O)(=O)O)S(=O)(=O)O)S(=O)(=O)O)S(=O)(=O)O
367,86,5429583,464.6104651162791,1.0408340855860843e-17,0,33,v1_included,,CCOC1=CC=C(C=C1)S(=O)(=O)/N=C\2/C=C(C(=O)C3=CC=CC=C32)NC4=C(C=C(C=C4)C)C
368,88,1292287,399.8127272727273,0.0,0,25,v1_included,,CCS(=O)(=O)NC1=CC=C(C=C1)OC2=CC=C(C=C2)NS(=O)(=O)CC
369,77,1508269,435.3485714285714,6.938893903907228e-18,0,31,v1_included,,C1=CC=C(C=C1)C(=O)NC(=O)NC2=CC=C(C=C2)N3C(=CC(=N3)C(F)(F)F)C(F)(F)F
370,4,479698,896.775,0.0,0,62,v1_included,,C1=CC2=C(C(=C(C=C2C=C1NC(=O)NC3=CC4=CC(=C(C(=C4C=C3)O)N=NC5=CC(=C(C(=C5F)C(=O)O)F)F)S(=O)(=O)O)S(=O)(=O)O)N=NC6=CC(=C(C(=C6F)C(=O)O)F)F)O
371,197,3838507,345.8934517766497,1.3877787807814457e-17,0,21,v1_included,,CSC1=CC=CC(=C1)NC(=O)NCC2=CC(=C(C=C2)Cl)Cl
372,206,4299916,264.2288834951456,1.3877787807814457e-17,0,19,v1_included,,C1CCC(CC1)NC(=O)NC2=CC=C(C=C2)[N+](=O)[O-]
373,99,5813290,487.80444444444447,6.938893903907228e-18,0,31,v1_included,,COC1=CC=CC(=C1)/C(=C\2/C(N(C(=O)C2=O)CC3=C[NH+]=CC=C3)C4=CC=C(C=C4)Br)/[O-]
374,11,85957,783.6981818181819,0.0,0,49,v1_included,,C=CC(=O)OCC(CC(C(C(C(C(C(C(C(C(C(C(C(F)(F)F)(C(F)(F)F)F)(F)F)(F)F)(F)F)(F)F)(F)F)(F)F)(F)F)(F)F)(F)F)(F)F)O
375,142,1385152,375.2106338028169,3.469446951953614e-18,0,27,v1_included,,COC1=C(C=C(C=C1)C2=NN=C(S2)NC(=O)NC3=CC=CC=C3OC)OC
376,44,26500,141.69522727272727,6.938893903907228e-18,0,9,v1_included,,CN(C)CCN=C(N)N
377,66,4776773,171.9118181818182,6.938893903907228e-18,0,13,v1_included,,CCN1C=C(C=N1)C=C(C#N)C#N
378,89,5681769,408.9696629213483,3.469446951953614e-18,0,28,v1_included,,CC1=CC=CC=C1NC2=C/C(=N/S(=O)(=O)C3=CC=CS3)/C4=CC=CC=C4C2=O
379,9,253374,332.08666666666664,3.469446951953614e-18,0,27,v1_included,,C1=C(C(=O)NC(=O)N1)NC(=O)NCCCNC(=O)NC2=CNC(=O)NC2=O
380,104,3558272,479.4317307692308,1.3877787807814457e-17,0,35,v1_included,,CC1=CC(=C(C=C1)CN2C=CC=C2CN(CC3=CC=CC=C3)C(=S)NC4=C(C=C(C=C4C)C)C)C
381,92,7937970,304.9705434782609,0.0,0,18,v1_included,,CC(C)NS(=O)(=O)C1=C(C=C(C=C1)Cl)C(F)(F)F
382,104,5712103,396.7605769230769,6.938893903907228e-18,0,29,v1_included,,COC1=CC=CC=C1C2CCN(CC2)C3=C(C=C(C=C3)/C=C/C(=O)OC)[N+](=O)[O-]
383,23,9985928,454.16956521739127,1.0,1,34,deferred_charged,charge=+1,CCCCCCCCCCCCCCOC1=CC=CC=C1CN(CC2=CC=CC=[N+]2C)C(=O)C
384,108,3005266,413.5444444444444,3.469446951953614e-18,0,30,v1_included,,CC1=CC(=CC=C1)NC(=S)NNC(=O)C2=CC(=NC3=CC=CC=C32)C4=CC=CC=C4
385,4,3034707,717.4750000000001,0.0,0,48,v1_included,,CCCCCCCCCCCCCCCCCC1=NCC[N+]1(CCNC(=O)CCCCCCCCCCCCCCCCC)CC(=O)[O-]
386,170,7526494,422.9478235294118,1.0408340855860843e-17,0,30,v1_included,,C1CC(=O)N2CCC3=CC(=CC1=C32)S(=O)(=O)NC(C4=CC=CC=C4)C5=CC=CC=C5
387,189,1118418,364.040582010582,1.3877787807814457e-17,0,25,v1_included,,C1COCCN1C2=CC=C(C=C2)NS(=O)(=O)C3=CC=CC=C3[N+](=O)[O-]
388,247,307284,274.0475708502024,1.3877787807814457e-17,0,19,v1_included,,CC(C1=CC=CC=C1)NC(=O)NC2=CC=CC=C2Cl
389,161,971659,342.32459627329195,6.938893903907228e-18,0,23,v1_included,,CCCN1CCC(CC1)NC(=S)NC2=CC(=C(C=C2)OC)OC
390,5,176719,370.582,0.0,0,27,v1_included,,CC(CCNCCCCCCCCN=C(N)N)C(=O)CCCCN=C(N)N
391,50,4217553,293.7138,1.0000000000000002,1,23,deferred_charged,charge=+1,COC1=CC=C(C=C1)C(=O)C[N+]2=CC=C(C=C2)C3=CC=NC=C3
392,129,2211807,419.315503875969,6.938893903907228e-18,0,25,v1_included,,C1=CC(=CC=C1CNC(=S)NC2=CN(N=C2)CC3=CC=C(C=C3)Br)F
393,11,3082949,449.9581818181818,0.0,0,29,v1_included,,CC(=O)N[C@@H]1[C@H]([C@@H]([C@H](O[C@H]1NC(=O)N)CO)O[C@H]2[C@H]([C@H]([C@@H]([C@H](O2)CO)O)O)O)O
394,174,1139259,376.2591954022989,1.3877787807814457e-17,0,24,v1_included,,COC1=C(C=C(C=C1)C(=O)NC(=S)NC2=NC3=CC=CC=C3S2)Cl
395,100,585841,306.86249999999995,3.469446951953614e-18,0,23,v1_included,,CC1(C2CCC1(C(C2OC(=O)C=C)OCC3=CC=CC=C3)C)C
396,92,3154694,248.70934782608697,3.469446951953614e-18,0,17,v1_included,,CC1=NC2=C(S1)C=C(C=C2)NC(=O)NCCO
397,149,1492670,454.2422818791946,1.3877787807814457e-17,0,29,v1_included,,C1=CC2=C(N=C1)N=C(O2)C3=CC(=C(C=C3)Cl)NC(=S)NC(=O)C4=CC=C(C=C4)Cl
398,91,692630,330.84725274725275,6.938893903907228e-18,0,24,v1_included,,CC1=CC(=O)OC2=C1C=CC(=C2)OC(=O)/C=C/C3=CC=CC=C3Cl
399,61,5277245,845.777049180328,1.734723475976807e-17,0,60,v1_included,,CC(=CC1(CC1)S(=O)(=O)NC(=O)[C@@]2(C[C@@H]2C=C)NC(=O)[C@@H]3C[C@H](CN3C(=O)[C@H](C(C)(C)C)NC(=O)OC(C)(C)C)OC4=CC(=NC5=C4C=CC(=C5)OC)C6=CC=CC=C6)C
400,139,3529256,362.0230215827338,1.3877787807814457e-17,0,24,v1_included,,CC1=CC(=C(C(=C1)C)NC(=S)N(CCOC)C(C)C2=CC=CS2)C
401,49,3873319,232.33897959183673,6.938893903907228e-18,0,14,v1_included,,C1CS(=O)(=O)CC1NC(=S)NCCO
402,148,793248,254.20114864864865,6.938893903907228e-18,0,15,v1_included,,CC(C)(C)NS(=O)(=O)C1=CC=CC=C1Cl
403,22,6443429,430.50136363636364,0.0,0,31,v1_included,,C1[C@@H]([C@H](O[C@H]1N2C=C(C(=O)NC2=O)/C=C/C3=CC(=CC=C3)N=[N+]=[N-])COP(=O)(O)O)O
404,67,1112660,409.14776119402984,3.469446951953614e-18,0,30,v1_included,,CCOC(=O)/C(=C/C1=CC(=C(C=C1)OCC(=O)NC2=CC=C(C=C2)OC)OC)/C#N
405,39,330449,517.2538461538461,3.469446951953614e-18,0,37,v1_included,,CC1=C(C=C(C=C1)NC(=O)NC2=NC3=C(S2)C=C(C=C3)OC)NC(=O)NC4=NC5=C(S4)C=C(C=C5)OC
406,34,3067424,519.114705882353,3.469446951953614e-18,0,34,v1_included,,CCCNC(=O)NS(=O)(=O)C1=CC=C(C=C1)CCNS(=O)(=O)C2=C(C=C(C(=C2)Cl)[N+](=O)[O-])OC
407,187,2318424,229.7062032085562,6.938893903907228e-18,0,15,v1_included,,CCN(CC)S(=O)(=O)C1=CC=C(C=C1)O
408,41,1483133,304.59073170731705,3.469446951953614e-18,0,23,v1_included,,CC1=NC(=NC=C1)N/C=C(\C(=O)NN)/NC(=O)C2=CC=CC=C2
409,150,4162567,343.8358,1.0408340855860843e-17,0,24,v1_included,,CC1=C(C(=NN1)NC(=S)NC(=O)C2=CC=CC=C2)C3=CC=CC=C3
410,45,5743763,388.92622222222224,0.0,0,25,v1_included,,CS(=O)(=O)NS(=O)(=O)C1=CC(=C(C=C1)NC2=CC=C(C=C2)N)[N+](=O)[O-]
411,114,2815198,300.82438596491227,3.469446951953614e-18,0,21,v1_included,,CC1=CC2=C(C=CC=C2NS(=O)(=O)C3=CN(C=N3)C)N=N1
412,62,5742350,341.0764516129032,2.0816681711721685e-17,0,26,v1_included,,CC(C1=CC=CC=C1)NC2=C(N=C(O2)/C=C/C3=CC(=CC=C3)OC)C#N
413,56,212825,265.7108928571429,3.469446951953614e-18,0,18,v1_included,,COC1=CC(=CC(=C1OC)OC)CCNC(=O)N
414,60,162097,192.99216666666663,1.3877787807814457e-17,0,14,v1_included,,CC(C)(C)CCCCCC(=O)OC=C
415,109,2813512,399.97733944954126,6.938893903907228e-18,0,27,v1_included,,C1COCCN1C2=CC=CC=C2NC(=S)NC3=CC=C(C=C3)OC(F)(F)F
416,36,4267015,434.09166666666664,3.469446951953614e-18,0,32,v1_included,,C1=CC(=CC(=C1)NC(=O)NC2=CC=C(C=C2)[N+](=O)[O-])NC(=O)NC3=CC=C(C=C3)[N+](=O)[O-]
417,1,3086253,627.7,-1.0,-1,45,deferred_charged,charge=-1,CC1(C=C(C(N1[O-])(C)C)NC(=O)NNC(=O)[C@@H]2[C@@H](C3=CC4=C(C=C3[C@@H](C2CO)O)OCO4)C5=CC(=C(C(=C5)OC)OC)OC)C
418,93,5296049,308.79602150537636,6.938893903907228e-18,0,22,v1_included,,C1=CC=C2C(=C1)C3=C(N2)C(=NC=C3)/C=C\C4=CC=C(C=C4)Cl
419,145,1138884,461.5172413793103,1.3877787807814457e-17,0,33,v1_included,,CC1=CC=C(C=C1)N2N=C3C=C(C(=CC3=N2)NC(=S)NC(=O)C4=CC(=C(C=C4)OC)OC)C
420,136,8236,168.84139705882362,1.0408340855860843e-17,0,11,v1_included,,C1=CC=C(C(=C1)NC(=O)N)Cl
421,63,500675,704.8015873015872,2.0816681711721685e-17,0,51,v1_included,,CC(C)(C)[C@@H](C(=O)N1C[C@@H](C[C@H]1C(=O)NC2(CCC2C=C)C(=O)O)OC3=CC(=NC4=C3C=CC(=C4)OC)C5=CC=CC=C5)NC(=O)OC(C)(C)C
422,1,183342,1724.1,0.0,0,119,deferred_heavy&bigmw,heavy=119;mw>1000,CCOC[C@@H]1[C@@H]2[C@@H]([C@H]([C@H](O1)O[C@@H]3[C@H](O[C@@H]([C@@H]([C@H]3OCC)OCC)O[C@@H]4[C@H](O[C@@H]([C@@H]([C@H]4OCC)OCC)O[C@@H]5[C@H](O[C@@H]([C@@H]([C@H]5OCC)OCC)O[C@@H]6[C@H](O[C@@H]([C@@H]([C@H]6OCC)OCC)O[C@@H]7[C@H](O[C@@H]([C@@H]([C@H]7OCC)OCC)O[C@@H]8[C@H](O[C@H](O2)[C@@H]([C@H]8OCC)OCC)COCC)COCC)COCC)COCC)COCC)COCC)OCC)OCC
423,9,5354568,336.6333333333333,3.469446951953614e-18,0,24,v1_included,,CCCCCCCC/C=C\CCCCCCCC(=O)OCC1CO1
424,1,195616,1406.9,0.0,0,98,deferred_heavy&bigmw,heavy=98;mw>1000,CC1CCCCC(C(C(CCCCCC(=O)OC(C(C(CC(CC(C(C(C(C(C=C(CCC(=C(C(CC=C(CC(C(C(C(CC(=C(C(CC(C1O)C)C)O)C)O[C@@H]2[C@H]([C@H]([C@@H]([C@H](O2)CO)O)O)O)O)C)O)O)C)O)C)O)O)C)O)C)O)O)O)C)C(C)CCCCCCN=C(N)N)O)C)O
425,142,2554270,290.7061267605634,6.938893903907228e-18,0,21,v1_included,,C1OC2=C(O1)C=C(C=C2)NC(=O)NC3=C(C=C(C=C3)F)F
426,162,3003675,357.14493827160493,6.938893903907228e-18,0,23,v1_included,,C1=CC(=C(C(=C1)F)C(=O)CCNC(=S)NC2=NC=C(C=C2)Cl)F
427,82,3073787,308.9531707317073,3.469446951953614e-18,0,21,v1_included,,CC1=CC2=NC=NN2N=C1OCC(C)(C)CCS(=O)(=O)N
428,33,5277175,899.9636363636365,6.938893903907228e-18,0,62,v1_included,,CC(C)(C)[C@@H](C(=O)N1C[C@@H](C[C@H]1C(=O)NC2(CC2C=C)C(=O)NS(=O)(=O)C3=CC=C(C=C3)[N+](=O)[O-])OC4=CC(=NC5=C4C=CC(=C5)OC)C6=CC=CC=C6)NC(=O)OC(C)(C)C
429,8,9983962,377.5,2.0,2,26,deferred_charged,charge=+2,CC1=C[N+](=CC=C1)CCCCCCCCCCCC[N+]2=CC=CC(=C2)C
430,194,111725,338.89917525773194,1.0408340855860843e-17,0,22,v1_included,,CC1=CC(=C(C=C1)NS(=O)(=O)C2=C(C=CC(=C2)[N+](=O)[O-])Cl)C
431,221,1791385,323.50027149321267,1.3877787807814457e-17,0,23,v1_included,,CC1=C(C(=CC=C1)NC(=S)NC(=O)CC2=CC=C(C=C2)OC)C
432,213,4557737,258.91765258215963,1.0408340855860843e-17,0,18,v1_included,,C1=CC=C(C=C1)CCNC(=S)NC2=NC=CC=N2
433,51,3052285,295.1521568627451,0.0,0,20,v1_included,,CC1=C(C(=CC=C1)C)NC(=O)NC(=NCC(F)(F)F)N
434,193,4070113,364.3031088082902,2.0816681711721685e-17,0,26,v1_included,,CC1=CC=C(C=C1)CN(CC2=CN=CC=C2)C(=S)NC3=CC=C(C=C3)C
435,3,13811,568.9666666666667,0.9999999999999999,1,37,deferred_charged,charge=+1,C1=C(C=[N+](C(=C1CCC(C(=O)O)N)CCCC(C(=O)O)N)CCCCC(C(=O)O)N)CCC(C(=O)O)N
436,168,295060,274.45255952380955,1.0408340855860843e-17,0,19,v1_included,,CC1=C(C(=CC=C1)C)NC(=O)NC2=CC(=CC=C2)Cl
437,60,513406,501.06166666666667,3.469446951953614e-18,0,35,v1_included,,CC1=CC=C(C=C1)S(=O)(=O)N(CC(C)C)[C@@H](CCCCNC(=O)C2CC2C3=CC=CC=C3)C(=O)O
438,61,3319862,323.0949180327869,3.469446951953614e-18,0,22,v1_included,,CCN(CC1=CC=NC=C1)S(=O)(=O)C2=CC=C(C=C2)[N+](=O)[O-]
439,73,3623935,502.94520547945206,6.938893903907228e-18,0,33,v1_included,,C1=CC=C(C=C1)C2C=C(NC3=NC(=NN23)NS(=O)(=O)C4=CC=C(C=C4)Cl)C5=CC=C(C=C5)Cl
440,211,2228164,356.4796208530806,1.0408340855860843e-17,0,25,v1_included,,COC1=NC=C(C=C1)NS(=O)(=O)C2=CC3=C(C=C2)C4=CC=CC=C4C3
441,26,3005923,628.0153846153846,0.0,0,39,v1_included,,CC1=CN(C(=O)N(C1=O)CCCCN2CCN(CC2)CCNC(=S)NC3=NC=C(C=C3)Br)[C@H]4C=C[C@H](O4)CO
442,12,411566,824.15,3.469446951953614e-18,0,56,v1_included,,C1=CC(=C(C=C1N=NC2=C3C=C(C=CC3=C(C=C2)N)S(=O)(=O)O)S(=O)(=O)O)C=CC4=C(C=C(C=C4)N=NC5=C6C=C(C=CC6=C(C=C5)N)S(=O)(=O)O)S(=O)(=O)O
443,77,996384,506.29038961038964,3.469446951953614e-18,0,26,v1_included,,CC1=C(C=CC(=C1)I)NC(=S)NC(=O)C2=CC=C(O2)CN3C=C(C=N3)Cl
444,42,5926123,358.44142857142856,1.0,1,26,deferred_charged,charge=+1,CC[N+]1=C(C=CC2=CC=CC=C21)/C=C/C3=CC(=C(C=C3)OC(=O)C)OC
445,100,3146131,338.1649,-3.469446951953614e-18,0,22,v1_included,,CC1=CC=C(C=C1)S(=O)(=O)NC(C)(C)CSC2=NC=CC=N2
446,7,5275636,618.5999999999999,0.9999999999999999,1,46,deferred_charged,charge=+1,CC1=CC(=CC(=C1OC(=O)CNC)C)C[N+]2=CN(C=C2)C[C@](C3=C(C=C(C=C3)F)F)([C@@H](C)C4=NC(=CS4)C5=CC=C(C=C5)C#N)O
447,1,5222467,1321.3,0.0,0,90,deferred_heavy&bigmw,heavy=90;mw>1000,CC(COCC1C2C(C(C(O1)OC3C(OC(C(C3O)O)OC4C(OC(C(C4O)O)OC5C(OC(C(C5O)O)OC6C(OC(C(C6O)O)OC7C(OC(O2)C(C7O)O)COCC(C)O)COCC(C)O)COCC(C)O)COCC(C)O)COCC(C)O)O)O)O
448,105,2278756,457.6257142857143,3.469446951953614e-18,0,30,v1_included,,CC1=CC=C(C=C1)S(=O)(=O)N(CC(=O)N2CCCCCC2)C3=CC(=C(C=C3)OC)Cl
449,20,5273503,376.76,0.0,0,26,v1_included,,CCNC(=O)N(C1=NC=NC2=C1N=CN2[C@H]3[C@]([C@@H]([C@H](O3)CO)O)(C)O)O
450,6,2611,437.8333333333333,0.9999999999999999,1,28,deferred_charged,charge=+1,C1C(=C(N2C(S1)C(C2=O)NC(=O)CC3=CC=CS3)C(=O)O)C[N+]4=CC=CC=C4
451,45,1284961,480.7088888888889,0.0,0,34,v1_included,,C1=CC=C2C=C(C=CC2=C1)S(=O)(=O)N(C3=CC(=CC=C3)F)S(=O)(=O)C4=CC5=CC=CC=C5C=C4
452,15,5756028,473.08000000000004,0.0,0,36,v1_included,,C1=CC(=CC=C1/C=C(\C#N)/C2=NN(C(=C2C#N)N)CCO)/C=C(/C#N)\C3=NN(C(=C3C#N)N)CCO
453,25,3059183,405.6,-3.469446951953614e-18,0,28,v1_included,,COC1=C(C=C(C=C1)CCNCC(COC2=CC=C(C=C2)NC(=O)N)O)OC
454,33,3942814,521.8939393939394,0.0,0,36,v1_included,,CC1=C(C=CC(=C1)C2=CC(=C(C=C2)NC(=O)NC3=CC=C(C=C3)Cl)C)NC(=O)NC4=CC=C(C=C4)Cl
455,113,1385140,438.2858407079646,6.938893903907228e-18,0,30,v1_included,,CCOC1=CC=C(C=C1)NC(=O)NC2=NN=C(S2)COC3=C(C=CC(=C3)C)C(C)C
456,60,225917,274.7871666666667,3.469446951953614e-18,0,19,v1_included,,C1=CC=C(C(=C1)C=CC2=CC=NC3=CC=CC=C23)Cl
457,4,4476316,353.49,1.0,1,24,deferred_charged,charge=+1,CC1=NC=C(C(=C1O)C=[NH+]C(CC(=O)O)C(=O)O)COP(=O)(O)O
458,1,489956,1262.2,0.0,0,86,deferred_heavy&bigmw,heavy=86;mw>1000,CC(C)CCCC(C)[C@H]1CCC2[C@@]1(CCC3C2CC[C@@H]4[C@@]3(CC[C@@H](C4)N(CCCCC=C(C5=CC(=C(C(=C5)Cl)OC)C(=O)O)C6=CC(=C(C(=C6)Cl)OC)C(=O)O)C(=O)C=C(C7=CC(=C(C(=C7)Cl)OC)C(=O)O)C8=CC(=C(C(=C8)Cl)OC)C(=O)O)C)C
459,62,998418,367.7588709677419,3.469446951953614e-18,0,25,v1_included,,CC1=CC(=NN1CC(=O)NNC(=S)NC2=CC=C(C=C2)F)C(F)(F)F
460,25,481286,594.1800000000001,-3.469446951953614e-18,0,39,v1_included,,CC(C)CN(C[C@H](CCN(CC1CCCC1)S(=O)(=O)C2CCC(OC2)OC)O)S(=O)(=O)C3=CC=C(C=C3)OC
461,283,7161392,356.226925795053,1.3877787807814457e-17,0,25,v1_included,,CC1=CC=C(C=C1)NS(=O)(=O)C2=CC3=C4C(=C2)CCC(=O)N4CCC3
462,5,117087,651.04,0.0,0,47,v1_included,,CCCCCCCCCCCCCNC(=O)NC1=CC=C(C=C1)CC2=CC=C(C=C2)NC(=O)NCCCCCCCCCCCCC
463,1,196163,996.8,0.0,0,72,v1_included,,C1N2C3C4N(C2=O)CN5C6C7N(C5=O)CN8C9C2N(C8=O)CN5C8C%10N(C5=O)CN5C%11C%12N(C5=O)CN5C%13C(N1C5=O)N1CN3C(=O)N4CN6C(=O)N7CN9C(=O)N2CN8C(=O)N%10CN%11C(=O)N%12CN%13C1=O
464,58,5330574,375.0520689655172,3.469446951953614e-18,0,28,v1_included,,CC(C)(C)NCC1=CC(=NN1)NC(=O)NC2=CC=CC3=C2C4CCCN4C3=O
465,41,614694,372.9626829268293,3.469446951953614e-18,0,27,v1_included,,CC(C)NC(=O)NC1=CC=C(C=C1)OC2=CC=C(C=C2)NC(=O)NC(C)C
466,215,4159364,436.7846511627907,1.3877787807814457e-17,0,31,v1_included,,CC1=CC(=C(C=C1)NC(=S)N(CCC2=C(NC3=C2C=C(C=C3)F)C)CC4=CC=CO4)C
467,128,3368165,362.278203125,3.469446951953614e-18,0,23,v1_included,,C1=CC=C2C(=C1)N=C(C(=N2)Cl)NS(=O)(=O)C3=C(C=CC(=C3)F)F
468,2,479998,2689.7,0.0,0,162,deferred_heavy&bigmw,heavy=162;mw>1000,C1=CC=C(C=C1)CO[C@@H]2[C@H](C3[C@H](OC2OC4[C@H](O[C@@H]([C@@H]([C@H]4O)O)OC5[C@H](OC(C([C@H]5OS(=O)(=O)O)OS(=O)(=O)O)OC6[C@H](OC(C([C@H]6OS(=O)(=O)O)OS(=O)(=O)O)OC7[C@H](OC(C([C@H]7OS(=O)(=O)O)OS(=O)(=O)O)OC8[C@H](OC([C@@H]([C@H]8OS(=O)(=O)O)OCC9=CC=CC=C9)OC1[C@H](OC(O3)[C@@H]([C@H]1OS(=O)(=O)O)OCC1=CC=CC=C1)COS(=O)(=O)O)COS(=O)(=O)O)COS(=O)(=O)O)COS(=O)(=O)O)COS(=O)(=O)O)COS(=O)(=O)O)COS(=O)(=O)O)OS(=O)(=O)O
469,197,971996,315.594923857868,1.0408340855860843e-17,0,21,v1_included,,CC1=CC(=NC(=C1)NC(=S)NC2=C(C=CC(=C2)Cl)OC)C
470,12,2742760,649.5749999999999,3.469446951953614e-18,0,39,v1_included,,C1=CSC(=C1)C2=NN(C(=C2)NS(=O)(=O)C3=C(C=CC(=C3)OCC(F)(F)F)OCC(F)(F)F)C4=CC=C(C=C4)F
471,119,186417,354.69747899159665,3.469446951953614e-18,0,25,v1_included,,CC(C)C1=CC=C(C=C1)S(=O)(=O)N(CC2CO2)C(C)C3=CC=CC=C3
472,94,4772561,259.86468085106384,3.469446951953614e-18,0,17,v1_included,,COCCCNC(=S)NCC1=CC=CC=C1F
473,130,730079,351.5373846153846,3.469446951953614e-18,0,24,v1_included,,COC1=CC=CC=C1OCC(=O)NNC(=O)NC2=CC=C(C=C2)Cl
474,34,1646689,460.6058823529412,0.0,0,34,v1_included,,C1=CC=C(C=C1)OC2=CC=CC(=C2)COC(=O)/C=C/C3=CC=C(C=C3)OCC4=CC=CC=C4Cl
475,4,5182244,751.525,0.0,0,59,v1_included,,CCC(=C(C1=CC=C(C=C1)OC)C2=CC=C(C=C2)OC)C3=CN(C4=CC=CC=C43)CN5C=C(C6=CC=CC=C65)C(=C(C7=CC=C(C=C7)OC)C8=CC=C(C=C8)OC)CC
476,112,4216639,261.6767857142857,6.938893903907228e-18,0,19,v1_included,,CC1=CC(=CC(=C1)NC(=O)N(C)C2CCCCC2)C
477,201,3652330,239.19651741293532,1.0408340855860843e-17,0,14,v1_included,,C1=CC(=C(C=C1Cl)Cl)CONC(=O)N
478,143,5440487,388.8464335664336,6.938893903907228e-18,0,29,v1_included,,C1COCCN1C(=O)/C(=C\C2=CC=CC3=CC=CC=C32)/NC(=O)C4=CC=CC=C4
479,228,6465164,324.471798245614,1.0408340855860843e-17,0,22,v1_included,,CCOC1=CC=C(C=C1)S(=O)(=O)NC2=C(C=C(C=C2)OC)C
480,95,7253851,343.5090526315789,6.938893903907228e-18,0,20,v1_included,,C1=CC(=C(C=C1NS(=O)(=O)C2=CNC(=O)NC2=O)Cl)Cl
481,120,1073724,368.74558333333334,3.469446951953614e-18,0,26,v1_included,,CCN1C2=C3C(=C(C=C2)S(=O)(=O)N(C)C4=CC=CC=C4)C=CC=C3C1=O
482,32,9682481,193.8759375,1.0000000000000002,1,15,deferred_charged,charge=+1,CN(C)C(=O)C[N+]1=CC=CC(=C1)/C=N/O
483,51,1249571,369.39372549019606,3.469446951953614e-18,0,22,v1_included,,C1=CC(=C(C=C1CCNC(=S)NC2=C(C=C(C=C2)Cl)Cl)O)O
484,112,9567735,454.0464285714286,3.469446951953614e-18,0,27,v1_included,,CC1=C(S/C(=N\S(=O)(=O)C2=C(C=CC(=C2)Cl)NS(=O)(=O)C)/N1C)C(C)(C)C
485,22,327693,471.58,0.0,0,33,v1_included,,CC1=NN(C(=O)C1N=NC2=CC=C(C=C2)S(=O)(=O)NC3=NC=CC=N3)C(=O)C4=CC=NC=C4
486,22,307324,394.2590909090909,0.0,0,30,v1_included,,CC1=CC=C(C=C1)CNC(=O)NCCCCCCNC(=O)NCC2=CC=C(C=C2)C
487,7,1622096,292.7814285714286,2.0,2,22,deferred_charged,charge=+2,C[N+]1=CC=C(C=C1)C(=O)NCCNC(=O)C2=CC=[N+](C=C2)C
488,60,411245,235.92000000000002,1.0000000000000002,1,18,deferred_charged,charge=+1,C1=CC(=C[N+](=C1)CC(=O)C2=CC=C(C=C2)F)C#N
489,136,1315138,400.83676470588233,6.938893903907228e-18,0,27,v1_included,,CC1=C(C(=NO1)C2=CC=CC=C2Cl)C(=O)NC(=S)NCCC3=CC=CC=C3
490,155,2895365,382.8933548387097,1.0408340855860843e-17,0,27,v1_included,,COC1=CC=C(C=C1)NC(=O)NC2=NN=C(S2)C34CC5CC(C3)CC(C5)C4
491,28,10030425,564.3785714285714,3.469446951953614e-18,0,39,v1_included,,CCCCCCCN(CCSC1=NC(=C(N1)C2=CC=CC=C2)C3=CC=CC=C3)C(=O)NC4=C(C=C(C=C4)F)F
492,65,3145858,289.09999999999997,0.0,0,18,v1_included,,CC1=C(C=C(C=C1)NCC(=O)NNC(=S)NC)Cl
493,65,5113424,295.9613846153846,0.0,0,19,v1_included,,C1=CC(=CC=C1NC(=O)NCC(F)(F)F)S(=O)(=O)N
494,60,4200262,496.9583333333333,0.0,0,34,v1_included,,CC1=CC=C(C=C1)S(=O)(=O)N(C)CC(CN(C2=CC=CC=C2OC)S(=O)(=O)C3=CC=CC=C3)O
495,57,3757060,232.739298245614,3.469446951953614e-18,0,18,v1_included,,C1=CC(=CC=C1C2=NOC(=N2)N=C(N)N)[N+](=O)[O-]
496,5,5748832,636.0600000000002,0.9999999999999999,1,40,deferred_charged,charge=+1,CC(C)(C(=O)O)O/N=C(/C1=CSC(=N1)N)\C(=O)N[C@H]2[C@@H]3N(C2=O)C(=C(CS3=O)CSC4=CC=[N+](C=C4)C)C(=O)O
497,101,3408901,284.6957425742574,3.469446951953614e-18,0,18,v1_included,,C1C(C=CS1(=O)=O)NC(=O)NC2=CC=C(C=C2)Cl
498,107,1264412,371.2733644859813,1.0408340855860843e-17,0,25,v1_included,,CC1=CC=C(C=C1)S(=O)(=O)N(CC2=CC=C(C=C2)Cl)C3=CC=CC=C3
499,56,1841662,466.9125,6.938893903907228e-18,0,31,v1_included,,CC1=C(SC(=C1C(=O)OC)N/C=C(/C#N)\C2=NC(=CS2)C3=CC=C(C=C3)OC)C(=O)C
500,2,5361,1283.25,0.0,0,86,deferred_heavy&bigmw,heavy=86;mw>1000,CC1=C(C=C(C=C1)C(=O)NC2=C3C(=CC(=CC3=C(C=C2)S(=O)(=O)O)S(=O)(=O)O)S(=O)(=O)O)NC(=O)C4=CC(=CC=C4)NC(=O)NC5=CC=CC(=C5)C(=O)NC6=C(C=CC(=C6)C(=O)NC7=C8C(=CC(=CC8=C(C=C7)S(=O)(=O)O)S(=O)(=O)O)S(=O)(=O)O)C
501,124,3018074,146.50935483870975,1.0408340855860843e-17,0,11,v1_included,,C=CC1CC(C(=O)N1)C(=O)N
502,105,6141736,381.23371428571426,3.469446951953614e-18,0,26,v1_included,,CC1=CC=C(C=C1)S(=O)(=O)NCC(=O)N/N=C/C2=CC=C(C=C2)N(C)C
503,13,3009311,703.1692307692308,0.0,0,54,v1_included,,C1=CC=C(C=C1)C[C@@H]2[C@@H]([C@H]([C@H](N(C(=O)N2CCCCCNC(=O)C3=CC(=CC=C3)F)CCCCCNC(=O)C4=CC(=CC=C4)F)CC5=CC=CC=C5)O)O
504,175,7161316,383.9858857142857,1.3877787807814457e-17,0,27,v1_included,,COC1=CC(=C(C=C1)OC)NS(=O)(=O)C2=CC3=C4C(=C2)CCN4C(=O)CC3
505,99,17151,171.65969696969694,1.0408340855860843e-17,0,12,v1_included,,CC(=C)C(=O)OCC1CCCO1
506,113,970621,293.58017699115044,3.469446951953614e-18,0,21,v1_included,,COC1=C(C=C(C=C1)NC(=O)NCC2=CN=CC=C2)OC
507,2,480001,2255.8999999999996,0.0,0,133,deferred_heavy&bigmw,heavy=133;mw>1000,C([C@@H]1[C@@H]2[C@@H]([C@H]([C@H](O1)OC3[C@H](OC([C@@H]([C@H]3OS(=O)(=O)O)O)OC4[C@H](OC([C@@H]([C@H]4OS(=O)(=O)O)O)OC5[C@H](OC([C@@H]([C@H]5OS(=O)(=O)O)O)OC6[C@H](OC([C@@H]([C@H]6OS(=O)(=O)O)O)OC7[C@H](OC([C@@H]([C@H]7OS(=O)(=O)O)O)OC8[C@H](O[C@H](O2)[C@@H]([C@H]8OS(=O)(=O)O)O)COS(=O)(=O)O)COS(=O)(=O)O)COS(=O)(=O)O)COS(=O)(=O)O)COS(=O)(=O)O)COS(=O)(=O)O)O)OS(=O)(=O)O)OS(=O)(=O)O
508,1,6918585,2002.2,0.0,0,128,deferred_heavy&bigmw,heavy=128;mw>1000,C(CSC[C@@H]1[C@@H]2[C@@H]([C@H]([C@H](O1)O[C@@H]3[C@H](O[C@@H]([C@@H]([C@H]3O)O)O[C@@H]4[C@H](O[C@@H]([C@@H]([C@H]4O)O)O[C@@H]5[C@H](O[C@@H]([C@@H]([C@H]5O)O)O[C@@H]6[C@H](O[C@@H]([C@@H]([C@H]6O)O)O[C@@H]7[C@H](O[C@@H]([C@@H]([C@H]7O)O)O[C@@H]8[C@H](O[C@@H]([C@@H]([C@H]8O)O)O[C@@H]9[C@H](O[C@H](O2)[C@@H]([C@H]9O)O)CSCCC(=O)O)CSCCC(=O)O)CSCCC(=O)O)CSCCC(=O)O)CSCCC(=O)O)CSCCC(=O)O)CSCCC(=O)O)O)O)C(=O)O
509,179,1037898,379.6017877094972,6.938893903907228e-18,0,27,v1_included,,CC1=CC=C(C=C1)C(=O)N/C(=C/C2=CC=CS2)/C(=O)NC3=CC(=CC=C3)F
510,15,448945,320.418,0.0,0,25,v1_included,,COC1=CC(=C(C=C1)OCCN=C(N)N)CNCCCCN=C(N)N
511,59,2760516,148.15237288135603,1.0408340855860843e-17,0,10,v1_included,,C1=CN=C(N=C1)NC(=S)N
512,81,5267590,301.0582716049383,6.938893903907228e-18,0,21,v1_included,,CN(C)S(=O)(=O)C1=CN=C(C=C1)N2CCC3=CC=CC=C32
513,94,775818,332.85478723404253,0.0,0,23,v1_included,,CCOC1=CC(=C(C=C1)OCC)S(=O)(=O)NCC2=CC=CC=C2
514,60,1764468,532.685,3.469446951953614e-18,0,37,v1_included,,CC1=C(C=C(C=C1)[N+](=O)[O-])NC(=S)NC(=O)C2=CC(=NC3=CC=CC=C32)C4=CC(=CC=C4)OCC(C)C
515,167,5409978,288.05658682634726,1.0408340855860843e-17,0,21,v1_included,,CC1=CC(=C(C=C1)SC2=CC=CC=C2)/C(=N\NC(=O)N)/C
516,147,891603,245.30802721088435,6.938893903907228e-18,0,16,v1_included,,CN1CCN(CC1)NC(=S)NC2CCCC2
517,63,3744207,453.7687301587302,0.0,0,32,v1_included,,CC(=O)N1CCN(CC1)C2=CC=C(C=C2)NC(=S)NC(=O)C3=CC(=C(C=C3)OC)[N+](=O)[O-]
518,143,4052261,280.71999999999997,6.938893903907228e-18,0,20,v1_included,,COC1=CC=C(C=C1)NC(=O)NC2=C(C=CC(=C2)F)F
519,63,3002892,425.32222222222225,0.0,0,29,v1_included,,C1=CC=C(C=C1)NC(=S)NC2=CC=C(C=C2)C3=NN=C(S3)NC4=CC=C(C=C4)F
520,140,1937464,338.0462857142857,6.938893903907228e-18,0,24,v1_included,,CC1=CC=C(C=C1)C(=O)N/C(=C/C2=CC=CO2)/C(=O)NCCOC
521,255,6465055,286.4287843137255,2.0816681711721685e-17,0,21,v1_included,,CC1=CC=CC=C1NC(=O)NC(C)C2=CC=C(C=C2)OC
522,9,5320686,589.3777777777777,3.469446951953614e-18,0,43,v1_included,,C1=CC(=CC=C1/C=C/C(=O)OC[C@@H]2[C@H]([C@@H]([C@H]([C@@H](O2)OC3=C(OC4=CC(=CC(=C4C3=O)O)O)C5=CC=C(C=C5)O)O)O)O)O
523,93,2192174,304.32720430107526,3.469446951953614e-18,0,19,v1_included,,COC1=CC(=C(C=C1NC(=S)NCCCO)OC)Cl
524,69,773389,317.1260869565217,3.469446951953614e-18,0,24,v1_included,,CC(=C)C1=CC(=CC=C1)C(C)(C)NC(=O)NCCC2=CC=CC=C2
525,92,9817136,280.52315217391305,3.469446951953614e-18,0,21,v1_included,,CCC(C1=CC=CC=C1)N=C(NC#N)NC2=CN=CC=C2
526,14,3002049,521.7571428571429,3.469446951953614e-18,0,34,v1_included,,CCCCCCCCOC1=CC=C(C=C1)NC(=S)NC2=CC=C(C=C2)OCCCCCCCC
527,19,3016468,423.4684210526316,3.469446951953614e-18,0,26,v1_included,,CC(=C)C(=O)OCC(C(C(C(C(C(F)(F)F)(F)F)(F)F)(F)F)(F)F)(F)F
528,41,6617064,527.5365853658536,3.469446951953614e-18,0,36,v1_included,,CCN(C1=CC=CC(=C1)C)S(=O)(=O)C2=CC3=C(C=C2)NC=C(C3=O)C(=O)N4CCC5(CC4)OCCO5
529,43,6269632,443.2746511627907,1.0408340855860843e-17,0,33,v1_included,,C1CN(CCN1/C=C/C2=NN=NN2C3=CC4=CC=CC=C4C=C3)C5=CC=CC(=C5)C(F)(F)F
530,7,5277181,948.0857142857143,3.469446951953614e-18,0,68,v1_included,,CC(C)C1=CC(=C(C(=C1)C(C)C)S(=O)(=O)NC(=O)[C@]2(C[C@H]2C=C)NC(=O)[C@@H]3C[C@H](CN3C(=O)[C@H](C(C)(C)C)NC(=O)OC(C)(C)C)OC4=CC(=NC5=C4C=CC(=C5)OC)C6=CC=CC=C6)C(C)C
531,88,1287299,386.5352272727273,3.469446951953614e-18,0,25,v1_included,,C1=CC=C(C=C1)NC2=CC=C(C=C2)NC(=S)NCC3=CC=C(C=C3)Cl
532,1,3071420,334.24,2.0,2,20,deferred_charged,charge=+2,C(NC(=O)NC[P+](CO)(CO)CO)[P+](CO)(CO)CO
533,103,2376159,371.3956310679612,1.0408340855860843e-17,0,25,v1_included,,CC(C)C1=CC=C(C=C1)S(=O)(=O)N=C2C=C(C(=O)C3=CC=CC=C32)Cl
534,157,5224985,336.8380891719745,3.469446951953614e-18,0,22,v1_included,,CC(C1=CC=CC=C1)NS(=O)(=O)C2=CC3=C(C=C2)NC(=O)S3
535,51,9868459,460.98823529411766,0.0,0,33,v1_included,,CC[C@@H]([C@H]1C[C@H](CCN1CCCNC(=O)NC2=CC=CC(=C2)C(=O)C)CC3=CC=CC=C3)O
536,33,110002,555.1209090909091,1.0408340855860843e-17,0,32,v1_included,,CN(CCCCO)S(=O)(=O)C(C(C(C(C(C(C(F)(F)F)(F)F)(F)F)(F)F)(F)F)(F)F)(F)F
537,97,3052713,231.8832989690722,3.469446951953614e-18,0,16,v1_included,,COC1=CC=CC(=C1OC)CCNC(=O)N
538,37,204,153.64243243243243,3.469446951953614e-18,0,11,v1_included,,C1(C(=O)NC(=O)N1)NC(=O)N
539,52,9556860,247.90365384615382,1.0000000000000002,1,18,deferred_charged,charge=+1,CC[N+]1=CC=C(C=C1)C(=O)N/N=C/C2=CC=CO2
540,9,463518,678.7222222222222,3.469446951953614e-18,0,47,v1_included,,C[C@@]12CC[C@]3(CC[C@H]([C@@H]3[C@H]1CC[C@H]4[C@]2(CC[C@@H]5[C@@]4(CC[C@@H](C5(C)C)O)C)C)C(=C)CN)C(=O)NCCCCCCCCCCC(=O)O
541,1,448944,354.47,3.0,3,25,deferred_charged,charge=+3,COC1=CC(=C(C=C1)OCC[NH+]=C(N)N)C[NH2+]CCCC[NH+]=C(N)N
542,83,2208610,486.71204819277114,3.469446951953614e-18,0,30,v1_included,,CCOC1=CC=CC(=C1)NC(=O)/C(=C\C2=CC(=C(C=C2Br)OCC(=O)O)OC)/C#N
543,19,9910543,460.9157894736842,0.0,0,30,v1_included,,C1OC2=C(O1)C=C(C=C2)C(CC(=O)O)NC(=O)C3=CC=C(S3)/C=C/C(=O)N=C(N)N
544,85,6539996,408.06470588235294,6.938893903907228e-18,0,28,v1_included,,CC1=C(C2=C(N=CN=C2S1)N)C3=CC=C(C=C3)NC(=O)NC4=CC=CC=C4Cl
545,113,5726662,338.13309734513274,1.0408340855860843e-17,0,26,v1_included,,CC1=CC=C(C=C1)N2C(=NC3=CC=CC=C3C2=O)/C=C/C4=CN=CC=C4
546,37,3486988,575.2432432432432,3.469446951953614e-18,0,43,v1_included,,CC1=C(C=C(C=C1)NC(=O)NC2=CC=C(C=C2)C(=O)C3=CC=CC=C3)NC(=O)NC4=CC=C(C=C4)C(=O)C5=CC=CC=C5
547,186,456656,299.54806451612905,1.0408340855860843e-17,0,21,v1_included,,C1=CC=C2C=C(C=CC2=C1)NS(=O)(=O)C3=CC=C(C=C3)N
548,205,1851524,298.7720487804878,1.0408340855860843e-17,0,19,v1_included,,COC1=C(C=C(C=C1)Cl)NC(=S)NCC2=CC=CO2
549,202,1335595,423.3831683168317,1.734723475976807e-17,0,26,v1_included,,CC1=CC=C(C=C1)SCC2=NN=C(S2)NC(=O)NC3=C(C=C(C=C3)Cl)Cl
550,197,700863,321.2343654822335,1.0408340855860843e-17,0,22,v1_included,,CC1=CC(=C(C=C1)NS(=O)(=O)C2=CC3=C(C=C2)OCCO3)C
551,11,6238604,576.7636363636364,0.0,0,32,v1_included,,CC1=C(C2=CC=CC=C2N1)/C=C/C3=NC4=C(C=C(C=C4)I)C(=O)N3C5=C(C=C(C=C5)Cl)Cl
552,119,2916063,359.0455462184874,3.469446951953614e-18,0,22,v1_included,,CC(CCC1=CC=CC=C1)NS(=O)(=O)C2=C(C=CC(=C2)Cl)Cl
553,57,3033999,105.9388596491228,1.0408340855860843e-17,0,6,v1_included,,C(NC(=S)N)O
554,138,266473,313.1613768115942,1.0408340855860843e-17,0,21,v1_included,,C1=CC(=CC(=C1)Cl)NC(=O)NC2=CC=C(C=C2)C(F)(F)F
555,5,1595686,483.82000000000005,0.9999999999999999,1,33,deferred_charged,charge=+1,CC1=CC(=CC(=C1SCCC2=CC=CC=[N+]2CC(=O)C3=CC=C(C=C3)[N+](=O)[O-])C)C(C)(C)C
556,98,5267750,235.25989795918366,6.938893903907228e-18,0,15,v1_included,,CCN(CC)S(=O)(=O)C1=CN=C(C=C1)N
557,126,1459398,434.0270634920635,6.938893903907228e-18,0,33,v1_included,,CC1=CC2=C(C=C1)N3C(=NN=N3)C(=C2)CN(CC4=CN=CC=C4)C(=O)NCC5=CC=CC=C5
558,45,5328158,569.808888888889,0.0,0,39,v1_included,,CN1CCN(CC1)CCCNC2=NC3=NC(=C(C=C3C=N2)C4=C(C=CC=C4Cl)Cl)NC(=O)NC5CCCCC5
559,24,5480978,596.6999999999999,3.469446951953614e-18,0,44,v1_included,,CCC1=C(C2=CC3=C(C(=C(N3)C=C4C(=C(C(=N4)C(=C5C(=C(C(=N5)C=C1N2)C)C(=O)O)CC(=O)O)CCC(=O)O)C)C)C=C)C
560,84,2831179,242.25190476190477,6.938893903907228e-18,0,15,v1_included,,CC(C)NC(=O)NC1(CCS(=O)(=O)C1)C
561,109,51245,362.3348623853211,6.938893903907228e-18,0,26,v1_included,,CCCC1=NC2=CC=CC=C2C(=C1)NC(=NC(C)(C)C)NC3=NC=CS3
562,2,639993,1010.5,0.0,0,77,deferred_bigmw,mw>1000,CCCCCCCCOC1=CC(=C(C=C1/C=C/C2=CC=CC=C2)OCCCCCCC)/C=C(\C#N)/C3=CC=C(C=C3)/C(=C/C4=C(C=C(C(=C4)OCCCCCCCC)/C=C/C5=CC=CC=C5)OCCCCCCCC)/C#N
563,21,6442034,421.9047619047619,0.0,0,32,v1_included,,CC1=CC(=C(C=C1)C)/C=C/C2=CC=C(C=C2)C3=CC=C(C=C3)/C=C/C4=C(C=CC(=C4)C)C
564,123,1791505,427.03634146341466,3.469446951953614e-18,0,29,v1_included,,CC1=CC(=CC=C1)C(=O)NC(=S)NC2=CC=C(C=C2)S(=O)(=O)N3CCN(CC3)C
565,255,1770702,391.6150980392157,1.3877787807814457e-17,0,24,v1_included,,C1CCN(CC1)C(=O)/C(=C/C2=CC=CO2)/NC(=O)C3=CC=C(O3)Br
566,58,6200439,345.3503448275862,1.3877787807814457e-17,0,25,v1_included,,COC1=CC(=CC(=C1OC)OC)/C=C/C2=NC(=C(O2)NCC=C)C#N
567,145,4114766,249.07758620689657,1.3877787807814457e-17,0,15,v1_included,,C=CCNC(=O)NC1=C(C(=CC=C1)Cl)Cl
568,156,3486451,250.96403846153845,6.938893903907228e-18,0,18,v1_included,,CCC1=CC=C(C=C1)NC(=O)NCC2CCCO2
569,11,106792,503.28181818181815,0.0,0,36,v1_included,,CCCCCC(=CC1=CC=CC=C1)C(OC(C)(CCC=C(C)C)C=C)OC(C)(CCC=C(C)C)C=C
570,51,2043559,478.3058823529412,1.0408340855860843e-17,0,30,v1_included,,CCOC(=O)C1=C(SC(=C1C)C)N/C=C(/C#N)\C2=NC(=CS2)C3=C(C=C(C=C3)Cl)Cl
571,15,5327237,598.24,0.0,0,44,v1_included,,COC(=O)NCCCCCN1[C@@H]([C@@H]([C@H]([C@H](N(C1=O)CCCCCNC(=O)OC)CC2=CC=CC=C2)O)O)CC3=CC=CC=C3
572,48,4917738,442.2089583333333,3.469446951953614e-18,0,29,v1_included,,COC1=CC(=CC(=C1OC)OC)C(=O)NC(=S)NC2=C(C(=CC(=C2)[N+](=O)[O-])Cl)O
573,98,7647341,410.13367346938776,6.938893903907228e-18,0,28,v1_included,,CC1=CC2=C(C=C1)NC=C2CCNC(=S)NC3=CC(=C(C(=C3)OC)OC)OC
574,148,561401,362.74405405405406,6.938893903907228e-18,0,24,v1_included,,CC1=CC=C(C=C1)S(=O)(=O)NC(=O)NC2=C(C=C(C=C2)[N+](=O)[O-])Cl
575,103,5792228,520.1009708737863,1.3877787807814457e-17,0,34,v1_included,,CC1=C(C=CC(=C1)/C(=C\2/C(N(C(=O)C2=O)CC3=C[NH+]=CC=C3)C4=CC(=CC=C4)Br)/[O-])OC(C)C
576,107,4244020,511.88317757009344,1.3877787807814457e-17,0,31,v1_included,,CC1=CC(=CC=C1)NC(=S)N=NC2=C(N(C3=C2C=C(C=C3)Br)CC4=CC=CC=C4Cl)O
577,39,1405633,475.3179487179487,3.469446951953614e-18,0,32,v1_included,,COC1=C(C=C(C=C1)CCNC2=NC3=CC=CC=C3N=C2NS(=O)(=O)C4=CC=CS4)OC
578,132,729273,206.99416666666664,1.0408340855860843e-17,0,15,v1_included,,C1C2CC3CC1CC(C2)(C3)CNC(=O)N
579,56,5806239,375.8878571428572,3.469446951953614e-18,0,27,v1_included,,CCCCN(CC)C1=CC=C(C=C1)/C=N\NC(=S)NC2=CC(=CC=C2)OC
580,122,6256686,308.1522950819672,6.938893903907228e-18,0,23,v1_included,,CC(=O)OC1=CC=CC=C1/C=C/C2=NC(=O)C3=CC=CC=C3O2
581,3,9543026,797.3000000000001,3.469446951953614e-18,0,52,v1_included,,CC(C)(COP(=O)(O)OP(=O)(O)OC[C@@H]1[C@H]([C@H]([C@@H](O1)N2C=NC3=C(N=CN=C32)N)O)OP(=O)(O)O)[C@H](C(=O)NCCC(=O)NCCSC(=O)C=C)O
582,128,5714157,260.45484375,6.938893903907228e-18,0,17,v1_included,,C/C(=N/NC(=S)NC)/C1=CC(=CC=C1)[N+](=O)[O-]
583,42,6277143,530.8904761904762,3.469446951953614e-18,0,37,v1_included,,CC1=CC=C(C=C1)S(=O)(=O)/N=C(/CN2CCOCC2)\N3CCN(C3C(C)C)S(=O)(=O)C4=CC=C(C=C4)C
584,136,4614058,370.3441176470588,6.938893903907228e-18,0,24,v1_included,,COC1=C(C=C(C=C1)C(F)(F)F)NC(=S)NC2=CC(=C(C=C2)F)Cl
585,59,3509408,249.03813559322035,3.469446951953614e-18,0,17,v1_included,,C=CCNC(=S)NNC(=O)C1=CC(=CC=C1)O
586,19,105437,459.5842105263158,0.0,0,26,v1_included,,C=CCNS(=O)(=O)C(C(C(C(C(C(F)(F)F)(F)F)(F)F)(F)F)(F)F)(F)F
587,94,2442127,237.6981914893617,6.938893903907228e-18,0,16,v1_included,,CCCCNS(=O)(=O)/C=C/C1=CC=CC=C1
588,16,2776421,612.018125,3.469446951953614e-18,0,37,v1_included,,CC(=C)C(=O)OCC(C(C(C(C(C(C(C(C(C(F)F)(F)F)(F)F)(F)F)(F)F)(F)F)(F)F)(F)F)(F)F)(F)F
589,63,5739676,387.89761904761906,3.469446951953614e-18,0,28,v1_included,,C1=CC(=CC(=C1)C(F)(F)F)C2=CC=C(O2)/C=C\C3=C(C(=O)NC(=O)N3)[N+](=O)[O-]
590,115,3090258,407.0408695652174,1.0408340855860843e-17,0,27,v1_included,,C1=CC=C(C=C1)C(=O)NC(=C(Cl)Cl)P(=O)(C2=CC=CC=C2)C3=CC=CC=C3
591,60,5193826,150.30400000000006,1.0408340855860843e-17,0,11,v1_included,,C1=CC=C(C(=C1)N)NC(=O)N
592,43,4346656,164.71232558139536,6.938893903907228e-18,0,11,v1_included,,CCC(COC(=O)C(=C)C)O
593,79,1122984,457.2088607594937,3.469446951953614e-18,0,35,v1_included,,CCOC(=O)/C(=C/C1=CC(=C(C=C1)OCC(=O)NC2=CC=C(C=C2)OC3=CC=CC=C3)OC)/C#N
594,100,6266447,345.32759999999996,6.938893903907228e-18,0,26,v1_included,,COC1=CC=C(C=C1)/C=C/C2=NC3=CC=CC=C3N2CC4=CC=CC=C4
595,29,3035524,227.73241379310343,3.469446951953614e-18,0,16,v1_included,,C1=CC=C(C=C1)NC(=S)NCCCCCN
596,74,1251679,429.77702702702703,-3.469446951953614e-18,0,29,v1_included,,COC1=C(C=C(C=C1)S(=O)(=O)N(CC2=CC=CC=C2)CC(=O)N3CCOCC3)Cl
597,2,5747935,1234.6,0.0,0,86,deferred_heavy&bigmw,heavy=86;mw>1000,C[C@H]1CCC=C(C(=O)O[C@@H](CC=C[C@H](C[C@@H](C[C@H]([C@@H]([C@@H]([C@H]([C@H](C[C@H](C[C@@H](C[C@H]([C@@H](C=C([C@@H]([C@H](C=C[C@@H]([C@H](C=CCC[C@@H]([C@@H]([C@@H]1O)C)O)C)O)C)O)C)O[C@@H]2[C@H]([C@H]([C@@H]([C@H](O2)CO)O)O)O)O)C)O)O)C)O)O)O)O)O)[C@H](C)[C@@H](CCCN=C(N)N)O)C
598,1,177974,1621.4,0.0,0,110,deferred_heavy&bigmw,heavy=110;mw>1000,C([C@@H]1[C@@H]2[C@@H]([C@H]([C@H](O1)O[C@@H]3[C@H](O[C@@H]([C@@H]([C@H]3O)O)O[C@@H]4[C@H](O[C@@H]([C@@H]([C@H]4O)O)O[C@@H]5[C@H](O[C@@H]([C@@H]([C@H]5O)O)O[C@@H]6[C@H](O[C@@H]([C@@H]([C@H]6O)O)O[C@@H]7[C@H](O[C@@H]([C@@H]([C@H]7O)O)O[C@@H]8[C@H](O[C@@H]([C@@H]([C@H]8O)O)O[C@@H]9[C@H](O[C@@H]([C@@H]([C@H]9O)O)O[C@@H]1[C@H](O[C@@H]([C@@H]([C@H]1O)O)O[C@@H]1[C@H](O[C@H](O2)[C@@H]([C@H]1O)O)CO)CO)CO)CO)CO)CO)CO)CO)CO)O)O)O
599,69,5341821,259.25260869565216,6.938893903907228e-18,0,20,v1_included,,C1=COC(=C1)/C=C(\C#N)/C2=NN(C(=C2C#N)N)CCO
600,199,3641991,301.09934673366837,1.3877787807814457e-17,0,20,v1_included,,CC1CCC(CC1)NS(=O)(=O)C2=CC=C(C=C2)[N+](=O)[O-]
601,106,5009901,336.0188679245283,3.469446951953614e-18,0,25,v1_included,,CC(C)C1=C(C(=CC=C1)C(C)C)NC(=O)NC2CC3=CC=CC=C3C2
602,159,822462,331.0369182389937,6.938893903907228e-18,0,20,v1_included,,C1=CC=C2C(=C1)N=C(S2)NS(=O)(=O)C3=CN=C(C=C3)Cl
603,94,5923648,416.5390425531915,1.3877787807814457e-17,0,30,v1_included,,CN1C=C(C2=CC=CC=C21)/C=C/C3=NC4=CC=CC=C4C(=O)N3C5=CC=C(C=C5)Cl
604,216,935031,312.1421759259259,1.3877787807814457e-17,0,19,v1_included,,C1CCC(C1)C(=O)NC(=S)NC2=C(C=C(C=C2)Cl)Cl
605,27,3104431,393.6222222222222,1.0,1,31,deferred_charged,charge=+1,C1C2=CC=CC=C2C3=C1C=C(C=C3)C(=O)C[N+]4=CC=CC(=C4)NC(=O)C5=CC=CC=C5
606,67,3034782,165.92552238805968,1.0408340855860843e-17,0,12,v1_included,,CC1=CC(=[N+](C=C1)CC(=O)[O-])C
607,48,6090322,499.93125,3.469446951953614e-18,0,32,v1_included,,CCN\1C(=O)/C(=C\C=C/2\C(C3=CC=CC=C3N2C)(C)C)/S/C1=N/S(=O)(=O)C4=CC=C(S4)Cl
608,41,1430973,483.52682926829266,3.469446951953614e-18,0,32,v1_included,,CCN(CC)S(=O)(=O)C1=CC=C(C=C1)S(=O)(=O)N2CCC(CC2)C3=NC4=CC=CC=C4S3
609,205,7482696,388.686487804878,1.3877787807814457e-17,0,24,v1_included,,C1CN(S(=O)(=O)C1)C2=CC=C(C=C2)NS(=O)(=O)C3=CC=C(C=C3)Cl
610,9,10101783,769.5111111111112,3.469446951953614e-18,0,58,v1_included,,CCCCC1=NC2=C(N1CCCCNC(=O)NC3=CC(=CC=C3)NC(=O)NCCCCN4C(=NC5=C4C6=CC=CC=C6N=C5N)CCCC)C7=CC=CC=C7N=C2N
611,162,295192,297.27024691358025,6.938893903907228e-18,0,19,v1_included,,CC1=CC(=C(C=C1)C)NS(=O)(=O)C2=CC=C(C=C2)Cl
612,20,9589109,548.59,0.0,0,35,v1_included,,CN[N+]1=CC=C(C=C1)SCC2=C(N3[C@H]([C@H](C3=O)NC(=O)/C(=N/OC)/C4=CSC(=N4)N)SC2)C(=O)[O-]
613,109,5327232,443.96238532110095,6.938893903907228e-18,0,33,v1_included,,CCCCN1[C@@H]([C@@H]([C@H]([C@H](N(C1=O)CC=C(C)C)CC2=CC=CC=C2)O)O)CC3=CC=CC=C3
614,93,1336020,386.64301075268816,6.938893903907228e-18,0,26,v1_included,,C1=CC=C(C=C1)C(CCNC(=S)NC2=CC(=CC=C2)Cl)C3=CC=CC=C3
615,92,15458,129.1373913043478,2.0816681711721685e-17,0,9,v1_included,,CC(C)(C)OC(=O)C=C
616,33,6240989,579.3939393939395,0.0,0,40,v1_included,,CCCOC1=CC=C(C=C1)C2/C(=C(/C3=CC=C(C=C3)S(=O)(=O)N(C)C)\O)/C(=O)C(=O)N2CCCN4CCOCC4
617,46,9829055,561.6434782608696,3.469446951953614e-18,0,37,v1_included,,CC(C)C(CN1CCC(CC1)C(=O)C2=CC(=C(C=C2)Cl)Cl)NC(=O)NC3=CC(=C(C(=C3)OC)OC)OC
618,14,480700,746.1857142857142,3.469446951953614e-18,0,52,v1_included,,CCCN=C(NCCCC(C)(C)CN(C[C@H]([C@H](CC1=CC=CC=C1)NC(=O)O[C@H]2CO[C@@H]3[C@H]2CCO3)O)S(=O)(=O)C4=CC5=C(C=C4)OCO5)NC#N
619,115,3036061,354.673652173913,-3.469446951953614e-18,0,26,v1_included,,CCC(C)(C)NC(=N[C@@H]1[C@H](C(OC2=C1C=C(C=C2)C#N)(C)C)O)NC#N
620,224,808847,315.8466964285714,1.3877787807814457e-17,0,22,v1_included,,CC1=CC=CC=C1C2=NN=C(S2)NC(=O)NC3=CC=CC=C3
621,2,3991451,815.3499999999999,0.0,0,59,v1_included,,CCCCCCCCCCCCCCCCCCNC(=S)NC1=CC=C(C=C1)S(=O)(=O)C2=CC=C(C=C2)NC(=S)NCCCCCCCCCCCCCCCCCC
622,9,3009188,545.6333333333333,1.0,1,38,deferred_charged,charge=+1,CC1=CC(=CC(=[N+]1C2=CC(=CC=C2)S(=O)(=O)NC3=CC4=C(C=C3)OC5=CC=CC=C5S4)C)C6=CC=CC=C6
623,145,6319891,439.01862068965517,1.0408340855860843e-17,0,29,v1_included,,CC1=CC(=CC(=C1NC2=NC(=NC=C2)NC3=CC=C(C=C3)C#N)Br)C=C(C)C#N
624,45,976855,358.3828888888889,0.0,0,22,v1_included,,CC1=CC=C(C=C1)S(=O)(=O)N2CCN(CC2)S(=O)(=O)N(C)C
625,2,3086291,773.05,0.0,0,53,v1_included,,CCCCCCCCCCCCOC1=CC=C(C=C1)S(=O)(=O)NC2=CC(=C(C=C2)O)NS(=O)(=O)C3=CC=C(C=C3)OCCCCCCCCCCCC
626,23,5845767,367.19565217391306,0.0,0,27,v1_included,,CCCCCCCCN1C2=CC=CC=C2N=C1/C=C/C3=CC=C(C=C3)OC
627,36,513779,592.2416666666667,1.0408340855860843e-17,0,41,v1_included,,CC(C)CN([C@@H](CCCCNC(=O)N(CC1=CC=CC=C1)CC2=CC=C(C=C2)F)CO)S(=O)(=O)C3=CC=C(C=C3)N
628,27,202890,346.23333333333335,3.469446951953614e-18,0,20,v1_included,,C1=CC(=CC=C1S(=O)(=O)NC2=NN=C(S2)S(=O)(=O)N)Cl
629,201,1582813,365.53308457711444,1.3877787807814457e-17,0,24,v1_included,,C1=CC=C(C(=C1)OC2=CC=C(C=C2)S(=O)(=O)NCC3=CC=CO3)Cl
630,1,163860,1527.7,0.0,0,105,deferred_heavy&bigmw,heavy=105;mw>1000,CCOC[C@@H]1[C@@H]2[C@@H]([C@H]([C@H](O1)O[C@@H]3[C@H](O[C@@H]([C@@H]([C@H]3O)OCC)O[C@@H]4[C@H](O[C@@H]([C@@H]([C@H]4O)OCC)O[C@@H]5[C@H](O[C@@H]([C@@H]([C@H]5O)OCC)O[C@@H]6[C@H](O[C@@H]([C@@H]([C@H]6O)OCC)O[C@@H]7[C@H](O[C@@H]([C@@H]([C@H]7O)OCC)O[C@@H]8[C@H](O[C@H](O2)[C@@H]([C@H]8O)OCC)COCC)COCC)COCC)COCC)COCC)COCC)OCC)O
631,183,7971452,352.0166120218579,1.0408340855860843e-17,0,22,v1_included,,C1=CC=C2C(=C1)C(=CC(=N2)/C=C/C3=CC=C(C=C3)Br)C(=O)O
632,110,1476372,407.3823636363636,6.938893903907228e-18,0,28,v1_included,,CCCN1C=NC2=C1C=C(C(=C2NS(=O)(=O)C3=CC=CC(=C3)C(F)(F)F)C)C
633,50,2763877,189.22640000000004,3.469446951953614e-18,0,13,v1_included,,CCOC(=O)/C(=C/N(C)C)/C(=O)C
634,10,250,574.76,0.0,0,43,v1_included,,CC1=C(NC(=C1CCC(=O)O)CC2=C(C(=C(N2)C=C3C(=C(C(=O)N3)C)C=C)C)CCC(=O)O)C=C4C(=C(C(=O)N4)C=C)C
635,42,5493622,431.552380952381,3.469446951953614e-18,0,31,v1_included,,C1=CC=C(C=C1)NC(=O)NC2=NC3=C(C(=C2C#N)C4=CC=C(C=C4)Cl)C(=O)NC(=O)N3
636,5,640106,738.32,0.0,0,53,v1_included,,CCCCCCOC1=CC(=CC(=C1OCCCCCC)OCCCCCC)/C=C/C2=CC=C(C=C2)/C=C/C3=CC=C(C=C3)/C=C/C4=CC=C(C=C4)C=O
637,117,4644959,284.5670085470085,0.0,0,20,v1_included,,CCOC(=O)C1=C(NC(=C(C1C=C)C(=O)OCC)C)C
638,52,3068375,580.05,6.938893903907228e-18,0,42,v1_included,,C1=CC=C(C=C1)C=NC2=CC=C(C=C2)C3=NC4=CC=CC=C4C(=O)N3C5=C(C=C(C=C5)NC(=S)NC6=CC=CC=C6)Cl
639,86,5767542,418.67325581395346,0.0,0,30,v1_included,,CSC1=CC=C(C=C1)/C=C(/C(=O)NCCN2CCOCC2)\NC(=O)C3=CC=CC=C3
640,247,881128,346.9556275303644,1.3877787807814457e-17,0,23,v1_included,,CC1=CC=C(C=C1)NC(=O)NC2=NN=C(S2)C3=CC=C(C=C3)Cl
641,38,3297170,550.6342105263158,3.469446951953614e-18,0,37,v1_included,,C1=CC(=CC(=C1)[N+](=O)[O-])C2=CSC(=NC3=CC=CC(=C3)C(F)(F)F)N2CCC4=CC=C(C=C4)S(=O)(=O)N
642,39,181751,120.83948717948718,1.0000000000000002,1,9,deferred_charged,charge=+1,C[N+]1=CC=C(C=C1)OC
643,147,730604,350.81843537414966,3.469446951953614e-18,0,24,v1_included,,C1CCN(C1)S(=O)(=O)C2=CC=C(C=C2)NC(=O)NC3=CC=CC=C3
644,50,559345,154.00820000000002,1.0408340855860843e-17,0,12,v1_included,,C(CC#CCCN)CN=C(N)N
645,135,4457137,342.77496296296295,3.469446951953614e-18,0,23,v1_included,,CC1=CC2=C(N1)C=CC(=C2)CNC(=S)NC3=C(C(=CC=C3)Cl)C
646,160,2217553,418.0628125,1.3877787807814457e-17,0,26,v1_included,,CN(C)C1=CC=C(C=C1)NC(=S)NC(=O)C2=CC=CC3=C2C=CC=C3Br
647,1,453176,1379.3,1.0,1,94,deferred_charged&heavy&bigmw,charge=+1;heavy=94;mw>1000,CC1=CC(=C(C(=C1)C)S(=O)(=O)OCC2C3C(C(C(O2)OC4C(OC(C(C4O)O)OC5C(OC(C(C5O)O)OC6C(OC(C(C6O)O)OC7C(OC(C(C7O)O)OC8C(OC(C(C8O)O)OC9C(OC(O3)C(C9O)O)C[N+]1=CC=CC=C1)CO)CO)CO)CO)CO)O)O)C
648,64,4098172,474.1315625,3.469446951953614e-18,0,34,v1_included,,CC1=CC2=C(N1C3=CC=C(C=C3)NC(=O)NC4=CC=C(C=C4)OC(F)(F)F)CC(CC2=O)(C)C
649,91,5405455,323.78395604395604,3.469446951953614e-18,0,19,v1_included,,C1=CC(=CC=C1S(=O)(=O)/N=C\2/C=CC(=O)C(=C2)Cl)Cl
650,119,9929470,374.7898319327731,3.469446951953614e-18,0,28,v1_included,,CN1C=C2C(=N1)N=C(N3C2=NC(=N3)C4=CC=CO4)NC(=O)NC5=CC=CC=C5
651,136,1482078,356.31838235294117,6.938893903907228e-18,0,24,v1_included,,C1=CC=C2C(=C1)C(=NO2)CC(=O)NNC(=S)NC3=CC=C(C=C3)Cl
652,36,73281,416.4841666666667,3.469446951953614e-18,0,28,v1_included,,CN(C)C(=O)C1=C(N=CC=C1)S(=O)(=O)NC(=O)NC2=NC(=CC(=N2)OC)OC
653,59,1039648,440.3613559322034,3.469446951953614e-18,0,34,v1_included,,CC1=CC=CC=C1NC(=O)NC2=CC=C(C=C2)C3=CC=C(C=C3)NC(=O)NC4=CC=CC=C4C
654,91,6019202,254.67285714285714,3.469446951953614e-18,0,18,v1_included,,CCOC(=O)/C(=C/C1=CC=C(C=C1)OC)/C(=O)C
655,125,2543314,294.90256,6.938893903907228e-18,0,21,v1_included,,COC1=CC=C(C=C1)/C=C/C(=O)OC2=CC=CC=C2C=O
656,1,446150,781.0,2.0,2,57,deferred_charged,charge=+2,CC(C)[C@@H](C(=O)N[C@@H](CC1=CC=CC=C1)C[C@@H]([C@H](CC2=CC=CC=C2)NC(=O)[C@H](C(C)C)NC(=O)N(C)CC3=CC=CC=[NH+]3)O)NC(=O)N(C)CC4=CC=CC=[NH+]4
657,54,2735162,138.67296296296297,1.0408340855860843e-17,0,10,v1_included,,C=CC1=CC=C(C=C1)CO
658,19,3110901,677.9315789473684,3.469446951953614e-18,0,44,v1_included,,CCC(C(=O)N1CCOCCN(CCOCC1)C(=O)C(CC)NS(=O)(=O)C2=CC=C(C=C2)C)NS(=O)(=O)C3=CC=C(C=C3)C
659,7,9497081,641.6142857142856,3.469446951953614e-18,0,36,v1_included,,C1=CC(=CC=C1NC(=S)NC(=C(C(F)(F)F)C(F)(F)F)C(C(F)(F)F)(F)F)S(=O)(=O)NC2=NC=CS2
660,111,7202333,410.93783783783783,1.0408340855860843e-17,0,27,v1_included,,CC1=C(SC(=N1)C2=CC=CC=C2)CCNS(=O)(=O)C3=CC(=C(C=C3)OC)F
661,9,111389,376.65555555555557,3.469446951953614e-18,0,24,v1_included,,CC(=C)C(=O)OCC(COCCOCC(COC(=O)C(=C)C)O)O
662,34,2486227,580.9676470588236,0.0,0,40,v1_included,,CC(C)(C)C1=CC=C(C=C1)S(=O)(=O)NC2=CC=C(C=C2)C3=CC=C(C=C3)NS(=O)(=O)C4=CC=C(C=C4)C(C)(C)C
663,95,4074534,380.87305263157896,3.469446951953614e-18,0,27,v1_included,,CCN(CC)CCNC(=S)NC1=CC2=C(C=C1)N=C3CCCCCN3C2=O
664,46,3240067,453.41804347826087,3.469446951953614e-18,0,32,v1_included,,C1CN(CCN1C2=CC=CC=C2)C(CNS(=O)(=O)C3=C(C=CC(=C3)F)F)C4=CN=CC=C4
665,1,3003714,448.5,2.0,2,32,deferred_charged,charge=+2,C1N(CC[N+]2(C1)CC[N+]3(CC2)CCN(CC3)/C(=C(\[N+](=O)[O-])/C#N)/N)/C(=C(\[N+](=O)[O-])/C#N)/N
666,115,2979204,481.6756521739131,6.938893903907228e-18,0,34,v1_included,,CC1=C(C=CC(=C1)S(=O)(=O)NC2CCCCC2)OCC(=O)N3CCC(CC3)CC4=CC=CC=C4
667,146,3770602,315.921301369863,6.938893903907228e-18,0,22,v1_included,,C1=CC2=C(C(=C1)S(=O)(=O)NCCCN3C=CN=C3)N=CC=C2
668,65,5902605,528.442,2.0816681711721685e-17,0,32,v1_included,,CC1=CC=CC=C1N2C(=NC3=C(C2=O)C=C(C=C3)I)/C=C/C4=C(N(C5=CC=CC=C54)C)C
669,195,6464508,280.53271794871796,6.938893903907228e-18,0,16,v1_included,,CCCCS(=O)(=O)NC1=CC(=CC(=C1)Cl)Cl
670,73,9868763,473.6917808219178,3.469446951953614e-18,0,34,v1_included,,CC(=CCN1C=C2C(=N1)N=C(N3C2=NC(=N3)C4=CC=CO4)NC(=O)NC5=CC=C(C=C5)OC)C
671,121,516572,319.71206611570244,6.938893903907228e-18,0,21,v1_included,,CCN(CC)S(=O)(=O)C1=C(C2=C(C=C1)N=C(N=C2N)N)Cl
672,14,5279244,463.4142857142857,3.469446951953614e-18,0,35,v1_included,,C1=CC(=CC=C1/C=C/C2=C3[C@H]([C@@H](OC3=CC(=C2)O)C4=CC(=C(C=C4)O)O)C5=CC(=CC(=C5)O)O)O
673,80,4497766,256.98924999999997,1.0000000000000002,1,17,deferred_charged,charge=+1,C1=CC=[N+](C=C1)CC(=O)C2=CC(=C(C=C2)Cl)Cl
674,96,970134,265.1269791666667,3.469446951953614e-18,0,19,v1_included,,COC1=C(C=C(C=C1)NC(=O)NN2C=NN=C2)OC
675,163,3626527,391.7858895705522,1.0408340855860843e-17,0,28,v1_included,,CC1=C(C=C(C=C1)NC(=S)N(CCCN2CCCCCC2)CC3=CC=CO3)C
676,62,6625883,438.1274193548387,3.469446951953614e-18,0,31,v1_included,,CC(C)CN(CC(C)C)S(=O)(=O)C1=CC=C(C=C1)CCN2C(=O)C3=C(C2=O)N=CC=C3
677,1,4201097,586.7,2.0,2,36,deferred_charged,charge=+2,C1=C[N+](=CC=C1CCS(=O)(=O)O)CCS(=O)(=O)CCS(=O)(=O)CC[N+]2=CC=C(C=C2)CCS(=O)(=O)O
678,1,88930,404.6,0.0,0,28,v1_included,,C(CNCCNCCNCCNC(=O)NCCNCCNCCNCCN)N
679,33,3925607,302.79121212121214,1.0000000000000002,1,20,deferred_charged,charge=+1,C1=CSC(=C1)C(=O)C[N+]2=CC=C(C=C2)C(=O)NCCO
680,74,1505243,463.62364864864867,-3.469446951953614e-18,0,31,v1_included,,COC1=CC(=CC(=C1OC)OC)NC(=S)NC2=CC=C(C=C2)S(=O)(=O)N3CCOCC3
681,164,3414268,392.26603658536584,2.0816681711721685e-17,0,26,v1_included,,CC(C1=CC=NC=C1)N(CCN(C)C)C(=S)NC2=C(C=C(C=C2)Cl)OC
682,72,683966,236.6326388888889,3.469446951953614e-18,0,15,v1_included,,CC1=CC=C(C=C1)S(=O)(=O)N(C)[N+](=O)[O-]
683,65,15013,132.63046153846147,1.3877787807814457e-17,0,9,v1_included,,CC(=O)OCCN(C)C
684,4,122409,606.825,0.0,0,41,v1_included,,C=CC(=O)OCC(COCC(COC(=O)C=C)(COC(=O)C=C)COC(=O)C=C)(COC(=O)C=C)COC(=O)C=C
685,79,6088721,414.58354430379745,1.3877787807814457e-17,0,28,v1_included,,CCOC(=O)C1=C(O/C(=C\C2=CC(=CC=C2)Cl)/C1=O)/C=C/C3=CC(=CC=C3)Cl
686,137,2157931,439.74963503649633,1.0408340855860843e-17,0,31,v1_included,,CC1=C(C2=C(N1)C=CC(=C2)F)CCN(CC3=CN=CC=C3)C(=S)NC4=CC(=CC=C4)F
687,32,4671749,565.2049999999999,3.469446951953614e-18,0,40,v1_included,,CCC1=CC=C(C=C1)OCC2C3=CC(=C(C=C3CCN2C(=O)C4=CC=C(C=C4)S(=O)(=O)N(CC)CC)OC)OC
688,8,3016576,447.275,0.0,0,32,v1_included,,CCCCCCCCCCCCCCC(CCCCCCCCCCCC)OC(=O)C=C
689,88,2200929,366.21102272727273,0.0,0,23,v1_included,,CC1=CC(=C(C=C1)C)S(=O)(=O)NC2=CC(=C(C=C2)Cl)C(F)(F)F
690,9,9987603,629.9222222222222,1.0,1,44,deferred_charged,charge=+1,CCCCCCCCCCCCCCCCCCNC(=O)OC[C@H]1C[C@@H](O1)COC(=O)N(CC2=CC=CC=[N+]2CC)C(=O)C
691,2,196357,886.4,0.0,0,62,v1_included,,CC1C(C(C(O1)OC2C(C(C(C(C2O)O)N=C(N)N)O)N=C(N)N)OC3C(C(C(C(O3)CO)OC4C(C(C(C(O4)COC5C(C(C(C(O5)CO)O)O)O)O)O)O)O)NC)(C=O)O
692,1,6602332,690.8,1.0,1,50,deferred_charged,charge=+1,CC[N+]1=C2C=C(C=CC2=C3C=CC(=CC3=C1C4=CC=CC=C4)NC(=O)N[C@H]5C[C@H]([C@@H]([C@H]([C@@H]5O)O)O)N)NC(=O)N[C@@H]6C[C@@H]([C@H]([C@@H]([C@H]6O)O)O)N
693,100,3232094,416.1906,1.0408340855860843e-17,0,27,v1_included,,CC(C)N1C(=NN=C1SC)CCNC(=O)NC2=CC(=C(C=C2)Cl)C(F)(F)F
694,106,1139135,392.44764150943394,1.0408340855860843e-17,0,27,v1_included,,COC1=CC(=CC(=C1OC)OC)C(=O)NC(=S)NC2=CC(=CC=C2)[N+](=O)[O-]
695,8,6437877,655.325,0.0,0,41,v1_included,,CC1=C(SC=N1)/C=C\C2=C(N3[C@@H]([C@@H](C3=O)NC(=O)/C(=N\OC)/C4=CSC(=N4)N)SC2)C(=O)OCOC(=O)C(C)(C)C
696,108,6624770,301.6159259259259,3.469446951953614e-18,0,19,v1_included,,CC1=CC=C(C=C1)S(=O)(=O)N(CC=C)C2=NC=CS2
697,55,1984784,388.54181818181814,3.469446951953614e-18,0,26,v1_included,,CC1=CC=C(C=C1)S(=O)(=O)NC(=O)NC2=NC3=C(S2)C=C(C=C3)[N+](=O)[O-]
698,34,570198,263.4614705882353,0.0,0,22,v1_included,,C=COC(C1=CC=CC=C1)(C2=CC=CC=C2)C3=CC=CC=C3
699,65,5740369,427.67292307692304,6.938893903907228e-18,0,30,v1_included,,CC1=C(C=C(C=C1)N2C(=NC3=CC=CC=C3C2=O)/C=C/C4=CC=C(C=C4)[N+](=O)[O-])Cl
700,124,572632,245.5551612903226,6.938893903907228e-18,0,17,v1_included,,C1CCC(CC1)NC(=O)NC2=CC=C(C=C2)N
701,62,3075671,339.7082258064516,3.469446951953614e-18,0,22,v1_included,,CC1=CC(=CC=C1)NC2=C(C=CC(=C2)Cl)C(=O)NNC(=S)N
702,78,3456551,281.2132051282051,3.469446951953614e-18,0,19,v1_included,,CC1=NNC(=S)N1NC(=S)NC2=CC=C(C=C2)OC
703,201,7161164,341.26412935323384,1.3877787807814457e-17,0,24,v1_included,,CN1C=C(C(=O)N(C1=O)C)S(=O)(=O)NC2=CC=CC3=CC=CC=C32
704,47,564469,264.70744680851067,6.938893903907228e-18,0,18,v1_included,,CC(=CCCC(C)(C=C)OC(=O)CC(=O)OC)C
705,35,4361127,392.9128571428571,3.469446951953614e-18,0,26,v1_included,,C1=CC(=CC=C1N=CC2=C(NC(=S)NC2=O)O)S(=O)(=O)NC3=NC=CS3
706,171,1335330,362.4263742690058,1.734723475976807e-17,0,25,v1_included,,CC1=CC=CC=C1NC(=O)NC2=NN=C(S2)COC3=CC=C(C=C3)F
707,68,5924149,540.7617647058823,0.0,0,32,v1_included,,C1=CC(=CC(=C1)[N+](=O)[O-])C(=O)OC2=CC=C(C=C2)/C=C(\C#N)/C(=O)NC3=CC(=CC=C3)I
708,153,1247521,332.8381699346405,3.469446951953614e-18,0,22,v1_included,,C1CCN(CC1)CCNC(=S)NC2=CC=CC=C2C(F)(F)F
709,67,1402291,486.2686567164179,1.0408340855860843e-17,0,32,v1_included,,CC1=C(C=C(C=C1)NC2=NC3=CC=CC=C3N=C2NS(=O)(=O)C4=CC=CC5=NSN=C54)Cl
710,213,3797502,272.18774647887324,1.0408340855860843e-17,0,20,v1_included,,CC1=CC(=C(C=C1)OC)NC(=O)NCC2=CN=CC=C2
711,105,1297933,405.31838095238095,3.469446951953614e-18,0,20,v1_included,,COC1=C(C=C(C=C1)Cl)NC(=S)NC2=CC=C(C=C2)I
712,12,5858742,704.1833333333333,3.469446951953614e-18,0,48,v1_included,,CC1=C(C=CC(=C1)C2(OC(=O)C3=CC=CC=C23)C4=CC(=C(C=C4)OC(=O)/C=C/C5=CC=C(C=C5)Cl)C)OC(=O)/C=C/C6=CC=C(C=C6)Cl
713,123,302981,225.78658536585365,6.938893903907228e-18,0,15,v1_included,,CCN(CC)C(=O)NC1=CC=C(C=C1)Cl
714,65,5258119,422.8169230769231,0.0,0,29,v1_included,,C1=CC(=CC(=C1)C(F)(F)F)CN2C=C(C=N2)NS(=O)(=O)C3=CC=CC(=C3)[N+](=O)[O-]
715,129,5305037,402.5232558139535,1.0408340855860843e-17,0,28,v1_included,,C1C2CC3CC1CC(C2)(C3)CNS(=O)(=O)C4=CC5=C(C=C4)OC6=CC=CC=C65
716,229,2142464,387.7813100436681,1.3877787807814457e-17,0,24,v1_included,,CC1=CC=C(C=C1)C(=O)NC(=C(Cl)Cl)S(=O)(=O)C2=CC=C(C=C2)F
717,123,939488,339.2018699186992,3.469446951953614e-18,0,24,v1_included,,C1=CC=C(C=C1)NC2=CC=C(C=C2)NC(=S)NCC3=CN=CC=C3
718,105,706988,206.15057142857142,3.469446951953614e-18,0,12,v1_included,,C1=CC(=CC=C1NC(=S)NN)Cl
719,175,7483066,416.2552,1.3877787807814457e-17,0,28,v1_included,,CC1=C(C=C(C=C1)N2CCCS2(=O)=O)NS(=O)(=O)C3=CC4=C(CCCC4)C=C3
720,138,4342800,446.0474637681159,1.0408340855860843e-17,0,22,v1_included,,CCN1C(=C(C=N1)Cl)C(=O)NC(=S)NC2=C(C=C(C=C2)I)C
721,39,1990605,507.7794871794872,6.938893903907228e-18,0,35,v1_included,,CCOC(=O)C1=C(SC(=C1C)C(=O)OC(C)(C)C)N/C=C(/C#N)\C2=NC(=CS2)C3=CC=C(C=C3)C
722,106,1831976,359.93830188679243,3.469446951953614e-18,0,27,v1_included,,CC1CCN(CC1)C2=C(C(=O)N3C=CC=C(C3=N2)C)/C=C(\C#N)/C(=O)OC
723,4,5926075,567.325,0.0,0,40,v1_included,,C1=CC(=C(C=C1CC(C(=O)NCC(=O)N/C=C/C2=CNC3=C2C=CC(=C3)Br)NC(=O)C(CC4=CN=CN4)N)O)O
724,68,3732602,297.37573529411765,0.0,0,20,v1_included,,CCCOCCCNC(=S)NC1=C(C=CC(=C1)C)OC
725,9,639852,648.5666666666666,3.469446951953614e-18,0,44,v1_included,,CCCCCCC(CCCCCC)CN(CC(CCCCCC)CCCCCC)C1=CC=C(C=C1)/C=C/C2=CC=C(C=C2)Br
726,16,267072,308.973125,0.0,0,20,v1_included,,CONC(=O)NP(=O)(NC(=O)NOC)NC(=O)NOC
727,85,7384405,416.22470588235296,1.0408340855860843e-17,0,29,v1_included,,COC1=C(C=C(C=C1)CCNS(=O)(=O)C2=CC3=C4C(=C2)CCN4C(=O)CC3)OC
728,100,1273085,411.203,3.469446951953614e-18,0,29,v1_included,,CCOC1=CC=C(C2=CC=CC=C21)S(=O)(=O)NCCC3=C(NC4=CC=CC=C43)C
729,42,6424957,349.91547619047617,3.469446951953614e-18,0,25,v1_included,,CC(CN(C)/C(=C/C(=O)OC)/C(=O)OC)C1=C(C=C(N1)C(=O)C)C=C
730,235,6036193,363.03106382978723,1.3877787807814457e-17,0,26,v1_included,,CC1=CC=C(C=C1)CN2C=CC=C2/C=N\NC(=S)NC3=CC(=CC=C3)F
731,78,3146649,472.55256410256413,3.469446951953614e-18,0,33,v1_included,,CN(C)S(=O)(=O)C1=CC=C(C=C1)C(=C2C(N(C(=O)C2=O)CC3=CN=CC=C3)C4=CC=CS4)O
732,219,1467079,332.2461643835616,1.3877787807814457e-17,0,23,v1_included,,CC(C)CNC(=S)NC1C[C@H]2CCC[C@@H](C1)N2CC3=CC=CO3
733,163,4957902,312.32208588957053,1.0408340855860843e-17,0,23,v1_included,,C1CC(OC1)COC2=CC=C(C=C2)NC(=O)NC3=CC=CC=C3
734,141,7150832,363.61489361702127,6.938893903907228e-18,0,24,v1_included,,C1=CC=C2C=C(C=CC2=C1)S(=O)(=O)NCCC3=CN4C=CSC4=N3
735,140,2205022,353.3662142857143,6.938893903907228e-18,0,21,v1_included,,CC1=CC(=C(C=C1)NC(=O)NC2=CC(=CC=C2)[N+](=O)[O-])Br
736,131,849675,300.4154198473282,1.3877787807814457e-17,0,21,v1_included,,C1=CC=C(C=C1)C(=O)NC(=S)NC2=CC3=C(C=C2)NN=C3
737,137,3372617,233.67766423357665,6.938893903907228e-18,0,15,v1_included,,C1CCC(CC1)NC(=O)NC2=NSN=C2
738,45,5466764,476.7711111111111,0.0,0,35,v1_included,,CC1=CC=C(C=C1)S(=O)(=O)NNC(=O)/C(=C/C2=CC=C(C=C2)NC(=O)C)/NC(=O)C3=CC=CC=C3
739,43,3025519,497.906976744186,0.0,0,33,v1_included,,C1=CC(=C(C=C1NC(=O)NC(=O)C2=C(C=C(C=C2)Cl)[N+](=O)[O-])[N+](=O)[O-])OC3=NC=C(C=N3)Cl
740,52,5327283,467.6692307692308,0.0,0,34,v1_included,,CCC(CN1[C@@H]([C@@H]([C@H]([C@H](N(C1=O)CC(CC)O)CC2=CC=CC=C2)O)O)CC3=CC=CC=C3)O
741,136,724759,178.5331617647059,1.0408340855860843e-17,0,12,v1_included,,C1=CC(=CN=C1)C=NNC(=S)N
742,247,3054272,383.7287449392713,3.469446951953614e-18,0,27,v1_included,,CC1=NC2=CC=CC=C2C(=C1)NC(=NC3CCCCC3)NC4=NN=C(S4)C
743,54,1471190,483.22777777777776,3.469446951953614e-18,0,30,v1_included,,CSC1=CC=CC(=C1)NS(=O)(=O)C2=CC=C(C=C2)OC3=C(C=C(C=N3)C(F)(F)F)Cl
744,27,500762,673.885185185185,3.469446951953614e-18,0,49,v1_included,,CC(C)(C)[C@@H](C(=O)N1C[C@@H](C[C@H]1C(=O)NC2(C[C@@H]2C=C)C(=O)O)OC3=CC(=NC4=C3C=CC(=C4)OC)C5=CC=CC=C5)NC6=CC=CC=C6
745,46,6413900,258.3145652173913,0.0,0,16,v1_included,,C/C(=N/NC(=S)NC)/C(=N\NC(=S)NC)/C
746,191,1003537,406.64418848167537,1.3877787807814457e-17,0,29,v1_included,,CC1=CC(=CC=C1)C(=O)NC(=S)NC2=C(C=CC(=C2)C3=NC4=C(O3)C=CC=N4)C
747,97,5672108,391.4979381443299,1.0408340855860843e-17,0,25,v1_included,,C1=CC=C(C=C1)N\2C(=C(S/C2=N/S(=O)(=O)C3=CC=C(C=C3)F)C=O)Cl
748,80,3637070,325.73112499999996,3.469446951953614e-18,0,19,v1_included,,CCCN(CCC)C(=O)NC1=CC(=C(C=C1Cl)Cl)Cl
749,79,69436,196.31088607594933,3.469446951953614e-18,0,13,v1_included,,C1=CC=C(C(=C1)C(=O)O)S(=O)(=O)N
750,114,564225,304.8283333333333,3.469446951953614e-18,0,21,v1_included,,C1=CC(=CC=C1C=NC2=CC=C(C=C2)S(=O)(=O)N)[N+](=O)[O-]
751,5,5779705,791.98,0.0,0,50,v1_included,,C1=CC(=C(C=C1NC(=O)C2=C(C=CC(=C2)S(=O)(=O)O)O)S(=O)(=O)O)/C=C/C3=C(C=C(C=C3)NC(=O)C4=C(C=CC(=C4)S(=O)(=O)O)O)S(=O)(=O)O
752,100,9993509,279.07460000000003,6.938893903907228e-18,0,19,v1_included,,CC1=CCCC(C1/C=C/C2=NC(=NC=C2)SC)(C)C
753,199,2730137,299.2775879396985,1.3877787807814457e-17,0,21,v1_included,,CC(C)(C)C1=CC=C(C=C1)NC(=S)NCC2=CN=CC=C2
754,97,4874785,277.36381443298967,3.469446951953614e-18,0,18,v1_included,,C1=CC(=CC=C1NC(=S)NCCC2=CN=CN2)F
755,31,3143737,341.59838709677416,1.0000000000000002,1,27,deferred_charged,charge=+1,CCN(CC)C1=CC=C(C=C1)C2C(C(=O)NC(=O)C2[N+]3=CC=CC=C3)C#N
756,20,1624133,508.96000000000004,3.469446951953614e-18,0,38,v1_included,,CCOCCCN1C2=C(C=C(C1=NC(=C)C3=CC(=CC=C3)[N+](=O)[O-])C(=O)OCC)C(=O)N4C=CC=CC4=N2
757,84,3686715,431.91785714285714,1.3877787807814457e-17,0,29,v1_included,,CCCN1CCCC2=C1C=CC(=C2)CN(C(C)CC)C(=S)NC3=CC(=CC=C3)Cl
758,166,3595690,303.9026506024096,6.938893903907228e-18,0,21,v1_included,,CC(=O)N1CCC2=C1C=CC(=C2)S(=O)(=O)NC3CCCC3
759,10,8785627,390.93,1.0000000000000002,1,25,deferred_charged,charge=+1,C[C@@H]1C[NH+](C[C@@H](O1)C)CCC(=O)NNC(=S)NC2=CC(=C(C=C2)F)Cl
760,116,2956360,390.04646551724136,6.938893903907228e-18,0,22,v1_included,,COC1=CC(=C(C=C1)OC)NC(=O)NC2=CC(=C(C=C2)Br)Cl
761,125,2209352,358.93688,6.938893903907228e-18,0,23,v1_included,,CC1=CC(=C(C=C1)NC(=S)NCC2=CC=C(C=C2)Cl)OC(F)F
762,43,6433942,216.45232558139534,6.938893903907228e-18,0,16,v1_included,,CCCCOC(=O)/C=C\C(=O)OCC1CO1
763,65,2866059,484.9523076923077,6.938893903907228e-18,0,33,v1_included,,CC1=CC=C(C=C1)N(CC(=O)NN=C2CCN(CC2)C)S(=O)(=O)C3=CC(=C(C=C3)OC)OC
764,71,19855,165.4802816901408,1.734723475976807e-17,0,11,v1_included,,CCC(CC)COC(=O)C=C
765,144,2738200,383.986875,1.0408340855860843e-17,0,27,v1_included,,CC1=C(C(=NO1)C2=CC=CC=C2)CNC(=O)NC3=CC=C(C=C3)C(F)(F)F
766,47,9567730,401.6553191489362,3.469446951953614e-18,0,25,v1_included,,CC1=C(S/C(=N\S(=O)(=O)C2=C(C=CC(=C2)Cl)[N+](=O)[O-])/N1C)C(C)(C)C
767,84,2055006,398.87333333333333,3.469446951953614e-18,0,26,v1_included,,CC1=CC=C(C=C1)S(=O)(=O)NC2=CC=C(C=C2)S(=O)(=O)NC3=NC=CS3
768,165,2941822,423.0321212121212,1.0408340855860843e-17,0,30,v1_included,,CC1=CC=C(C=C1)S(=O)(=O)NC2C(C3=CC=CC4=C3C2=CC=C4)SC5=CC=CC=N5
769,19,9817457,311.5721052631579,0.0,0,18,v1_included,,C=CC(=O)OC(C(C(C(F)(F)F)(F)F)(F)F)(F)F
770,5,643710,685.22,0.0,0,51,v1_included,,C1=CC(=CC=C1[C@@H]2[C@H](C3=C(C=C(C=C3O2)O)[C@@H]4[C@H](OC5=C4C=C(C=C5)/C=C\C6=CC(=CC(=C6)O)O)C7=CC=C(C=C7)O)C8=CC(=CC(=C8)O)O)O
771,16,5147066,338.8,1.0,1,26,deferred_charged,charge=+1,CCCCCC1=CC(=C(C=C1)OCCC[N+]2=CC=CC=C2)CCCCC
772,78,6539630,369.506282051282,3.469446951953614e-18,0,25,v1_included,,C1=CC(=CC=C1C2=CC(=NN2)NC3=CC=C(C=C3)S(=O)(=O)N)[N+](=O)[O-]
773,183,5736580,406.24535519125686,1.0408340855860843e-17,0,29,v1_included,,CC1=C(C=C(C=C1)C(=O)N/C(=C\C2=CC=CO2)/C(=O)NCC3=CC=C(C=C3)Cl)C
774,80,2022959,470.63,3.469446951953614e-18,0,30,v1_included,,C1=CC=C2C(=C1)NC(=N2)CCNC(=O)/C(=C/C3=CC=CO3)/NC(=O)C4=CC=C(O4)Br
775,28,2782282,183.4639285714286,3.469446951953614e-18,0,13,v1_included,,CC(C)(C)OC(=O)C(=C)C(F)(F)F
776,86,2433226,254.19860465116278,0.0,0,15,v1_included,,CCN(CC)S(=O)(=O)C1=CN=C(C=C1)Cl
777,31,496801,295.6025806451613,3.469446951953614e-18,0,22,v1_included,,CC1=CN(C(=O)NC1=O)[C@H]2C[C@@H]([C@H](O2)CO)NC(=O)N(C)O
778,118,987974,401.94347457627117,3.469446951953614e-18,0,28,v1_included,,CC1=CC=C(C=C1)N(CC(=O)N2CCCCC2)S(=O)(=O)C3=CC=C(C=C3)OC
779,169,697815,327.1109467455621,6.938893903907228e-18,0,20,v1_included,,C1=CC=C(C=C1)CCNS(=O)(=O)C2=C(C=CC=C2Cl)Cl
780,75,1916692,449.18933333333337,3.469446951953614e-18,0,28,v1_included,,C1=CC(=CC=C1N/C=C(/C#N)\C2=NC(=CS2)C3=CC(=C(C=C3)Cl)Cl)S(=O)(=O)N
781,144,5769409,303.16770833333334,6.938893903907228e-18,0,22,v1_included,,CC1=C(C=C(C=C1)/C=C\C2=NC(=C(C(=O)N2)[N+](=O)[O-])O)OC
782,8,5874987,736.4875,3.469446951953614e-18,0,53,v1_included,,C1=CC=C(C=C1)/C=C/C(=O)C(C2=NC3=NN=C(N3NC2=O)NC(=O)NC4=CC=C(C=C4)Cl)C5=NC6=NN=C(N6NC5=O)NC(=O)NC7=CC=C(C=C7)Cl
783,126,252573,293.4618253968254,1.0408340855860843e-17,0,17,v1_included,,CC1=CC(=CC=C1)NC(=O)NC(C(Cl)(Cl)Cl)O
784,7,320531,776.1857142857143,3.469446951953614e-18,0,50,v1_included,,CC1=CC=C(C=C1)S(=O)(=O)N(CC2=CC(=CC=C2)CN(S(=O)(=O)C3=CC=C(C=C3)C)S(=O)(=O)C4=CC=C(C=C4)C)S(=O)(=O)C5=CC=C(C=C5)C
785,5,102785,387.16,1.0000000000000002,1,27,deferred_charged,charge=+1,CCCCCCCCCCCC1=NCC[N+]1(CCO)CC(CS(=O)(=O)O)O
786,88,1295794,416.34886363636366,3.469446951953614e-18,0,30,v1_included,,CC1=CC=C(C=C1)S(=O)(=O)NC2=CC=C(C=C2)NC(=O)NC3=CC=C(C=C3)C(=O)C
787,91,9776659,491.31758241758246,0.0,0,32,v1_included,,CN(C)C1=CC=C(C=C1)/C=C(\C(=O)N/N=C\C2=CC=C(C=C2)Br)/NC(=O)C3=CC=CC=C3
788,68,3435382,527.650294117647,3.469446951953614e-18,0,38,v1_included,,CCC1=CC=C(C=C1)N(C)S(=O)(=O)C2=CC3=C(C=C2)NC=C(C3=O)C(=O)N4CCN(CC4)C5=CC=CC=C5
789,122,3715238,383.02377049180325,1.0408340855860843e-17,0,27,v1_included,,CCN(CC)S(=O)(=O)C1=CC2=C(C3=CC=CC=C31)N=C(O2)C4=CC=CC=C4
790,86,80623,209.6096511627907,3.469446951953614e-18,0,14,v1_included,,CC1=C(C=C(C=C1)S(=O)(=O)N)N(C)C
791,19,5387293,397.9915789473684,3.469446951953614e-18,0,29,v1_included,,COC1=C(C=CC(=C1)/C=C/C2=CC(=CC(=C2)O)C3C(C(C(C(O3)CO)O)O)O)O
792,14,4914215,485.47142857142853,3.469446951953614e-18,0,34,v1_included,,COC1=CC=CC=C1NC(=O)NCCCCCCCCCCNC(=O)NC2=CC=CC=C2OC
793,14,516510,464.1857142857143,3.469446951953614e-18,0,32,v1_included,,C1=CC=C2C(=C1)C=C(O2)C3=CC(=C(C=C3)OCCN=C(N)N)CNCCCCN=C(N)N
794,97,1758667,445.1448453608248,3.469446951953614e-18,0,33,v1_included,,CCCOC1=CC=CC(=C1)C2=NC3=CC=CC=C3C(=C2)C(=O)NNC(=O)NC4CCCCC4
795,56,4126906,439.1564285714286,3.469446951953614e-18,0,28,v1_included,,CC(C(=O)NNC(=O)NC1=CC=CC(=C1)C(F)(F)F)OC2=C(C=C(C=C2)Cl)Cl
796,50,2759263,186.74140000000003,3.469446951953614e-18,0,11,v1_included,,CCCCCCCNC(=S)N
797,83,7635719,310.08638554216867,3.469446951953614e-18,0,21,v1_included,,CC(=O)C1=CC(=CC=C1)NS(=O)(=O)C2=CNC(=O)NC2=O
798,80,4067819,349.04425,0.0,0,22,v1_included,,C=CCNC(=S)NNC1=NC2=C(C3=C(S2)CCCC3)C(=O)N1
799,202,1207633,362.82856435643566,1.3877787807814457e-17,0,26,v1_included,,C1CC2=CC=C(C3=CC=CC1=C23)NC(=S)NC(=O)COC4=CC=CC=C4
800,128,4078438,199.18632812500002,1.0408340855860843e-17,0,15,v1_included,,CCC1=CC=CC=C1NC(=O)NC2CC2
801,38,4408816,569.4221052631578,0.0,0,34,v1_included,,C=CCN(CC(=O)N1CCC2=C(C1C3=CC=C(C=C3)Cl)C=CS2)S(=O)(=O)C4=C(C=CC(=C4)Cl)Cl
802,32,578962,325.2475,3.469446951953614e-18,0,22,v1_included,,CCCCCCCCCCS(=O)(=O)NC1=CC=C(C=C1)OC
803,1,6432774,549.19,0.0,0,37,v1_included,,C(C([N+](=O)[O-])([N+](=O)[O-])[N+](=O)[O-])NC(=O)N(CC([N+](=O)[O-])([N+](=O)[O-])[N+](=O)[O-])CC([N+](=O)[O-])([N+](=O)[O-])[N+](=O)[O-]
804,10,6123183,436.173,1.0000000000000002,1,31,deferred_charged,charge=+1,C1=CC=C(C=C1)/C=C/C2=CC=[N+](C=C2)CC(=O)N3C4=CC=CC=C4SC5=CC=CC=C53
805,4,3017841,846.6,0.0,0,54,v1_included,,CCN(CCOC(=O)NC1=CC(=C(C=C1)C)NC(=O)OC(C)COC(=O)C(=C)C)S(=O)(=O)C(C(C(C(C(C(C(F)(F)F)(F)F)(F)F)(F)F)(F)F)(F)F)(F)F
806,121,1398315,295.0125619834711,3.469446951953614e-18,0,20,v1_included,,CCN1C(=C(C(=O)NC1=S)C=NCC2=CC=CC=[NH+]2)[O-]
807,31,4437430,303.7638709677419,3.469446951953614e-18,0,22,v1_included,,CCCCCCCCCCCCNC(=O)NC1CCCCC1
808,114,3169921,433.31570175438594,6.938893903907228e-18,0,30,v1_included,,CC1=CC(=C2C=C(C(=O)NC2=C1)CN(CC3=CC=CO3)C(=S)NCC4CCCO4)C
809,65,534094,82.104923076923,1.3877787807814457e-17,0,6,v1_included,,CC1C(O1)C=C
810,24,66077,317.9458333333333,3.469446951953614e-18,0,22,v1_included,,CCCCCCCCCCCCCCCCCC(=O)OC=C
811,1,3024817,833.2,0.0,0,60,v1_included,,CCCCCCCCCCCCCCCCCCNC(=O)NC1=CC(=CC(=C1)C)NC(=O)NCCCCCCNC(=O)NC2=CC(=CC(=C2)C)NC(=O)NC3CCCCC3
812,11,5761484,597.8,0.0,0,42,v1_included,,CC(C)(C)C1=CC=C(C=C1)/C(=C\C2=NC3=CC=CC=C3N2CC4=CC=C(C=C4)Cl)/OC(=O)C5=CC=C(C=C5)C(C)(C)C
813,6,5598931,203.34333333333333,-1.0,-1,13,deferred_charged,charge=-1,C1=CC=C(C(=C1)/C=C/C(=O)[O-])C#N
814,124,765417,316.2442741935484,1.0408340855860843e-17,0,19,v1_included,,C1=CC(=CC(=C1)Cl)NC(=O)NC2=C(C(=CC=C2)Cl)Cl
815,39,233520,430.14307692307693,3.469446951953614e-18,0,28,v1_included,,CCNS(=O)(=O)C1=CC=C(C=C1)OCCOC2=CC=C(C=C2)S(=O)(=O)NCC
816,52,5371085,146.76807692307693,1.0408340855860843e-17,0,11,v1_included,,COC(=O)/C=C/C1=CN=CN1
817,1,6409646,1350.2000000000003,0.0,0,66,deferred_bigmw,mw>1000,C(C1[C@@H]2C(C([C@H](O1)O[C@@H]3C(O[C@@H](C(C3O)O)O[C@@H]4C(O[C@@H](C(C4O)O)O[C@@H]5C(O[C@@H](C(C5O)O)O[C@@H]6C(O[C@@H](C(C6O)O)O[C@@H]7C(O[C@H](O2)C(C7O)O)CBr)CBr)CBr)CBr)CBr)O)O)Br
818,94,1487584,454.0553191489362,6.938893903907228e-18,0,25,v1_included,,C1=CC(=CC(=C1)Br)NS(=O)(=O)C2=CC=C(C=C2)OCC3=CN=C(S3)Cl
819,44,308721,191.25772727272727,6.938893903907228e-18,0,13,v1_included,,C(C1C(=O)NC(=O)N1)ONC(=O)N
820,92,261483,204.1548913043478,3.469446951953614e-18,0,15,v1_included,,COC1=CC=CC(=C1OC)C=C[N+](=O)[O-]
821,289,3729935,368.08979238754324,-6.938893903907228e-18,0,21,v1_included,,CC1=C(C(=NN1C)C)NS(=O)(=O)C2=C(C=CC(=C2)Br)OC
822,2,162771,1429.5,0.0,0,98,deferred_heavy&bigmw,heavy=98;mw>1000,COC[C@@H]1[C@@H]2[C@@H]([C@H]([C@H](O1)O[C@@H]3[C@H](O[C@@H]([C@@H]([C@H]3OC)OC)O[C@@H]4[C@H](O[C@@H]([C@@H]([C@H]4OC)OC)O[C@@H]5[C@H](O[C@@H]([C@@H]([C@H]5OC)OC)O[C@@H]6[C@H](O[C@@H]([C@@H]([C@H]6OC)OC)O[C@@H]7[C@H](O[C@@H]([C@@H]([C@H]7OC)OC)O[C@@H]8[C@H](O[C@H](O2)[C@@H]([C@H]8OC)OC)COC)COC)COC)COC)COC)COC)OC)OC
823,25,3894362,446.08000000000004,3.469446951953614e-18,0,32,v1_included,,CCCCCCCCCCOC1=CC=C(C=C1)NC(=O)NC2=CC=CC=C2OCCCC
824,49,462970,514.4591836734694,6.938893903907228e-18,0,36,v1_included,,CCNC1=C(N=CC=C1)N(CC)C2CCN(CC2)C(=O)C3=CC4=C(N3)C=CC(=C4)NS(=O)(=O)C(C)C
825,37,5295050,412.89216216216215,3.469446951953614e-18,0,29,v1_included,,C1=CC=C(C=C1)CN2C(=O)C(NC2=O)(C(F)(F)F)NS(=O)(=O)C3=CC=C(C=C3)N
826,127,3109353,416.2307086614173,6.938893903907228e-18,0,30,v1_included,,C1=CC=C(C=C1)C2=C(C(=O)N(N2)C3=CC=CC=C3)N=NC4=CC=C(C=C4)S(=O)(=O)N
827,22,69939,383.095,0.0,0,23,v1_included,,CN(CCCCO)S(=O)(=O)C(C(C(C(F)(F)F)(F)F)(F)F)(F)F
828,76,133599,357.48789473684207,0.0,0,22,v1_included,,CSC(CNC(=O)N(CCCl)N=O)N1C=C(C(=O)NC1=O)F
829,80,4378375,299.57675,0.0,0,20,v1_included,,COCCCNS(=O)(=O)C1=CC2=C(C=C1)OCC(=O)N2
830,90,1015270,478.0416666666667,6.938893903907228e-18,0,23,v1_included,,COC1=C(C=C(C=C1)C(=O)NC(=S)NC2=C(C=C(C=C2)Cl)Cl)I
831,36,3421237,525.9752777777777,3.469446951953614e-18,0,36,v1_included,,CC1=CC=C(C=C1)NS(=O)(=O)C2=CC=C(C=C2)OC3=NC4=C(C=C3)C(=CC(=N4)C(F)(F)F)C(F)(F)F
832,62,199657,281.23096774193544,3.469446951953614e-18,0,20,v1_included,,CC1=C(C(=O)N(N1C)C2=CC=CC=C2)S(=O)(=O)N(C)C
833,125,871234,246.19792,6.938893903907228e-18,0,16,v1_included,,CC(C)CS(=O)(=O)NC1=CC=CC=C1OC
834,45,3614910,587.1200000000001,-3.469446951953614e-18,0,39,v1_included,,CC1=CC(=CC=C1)NC(=S)N=NC2=C(N(C3=C2C=C(C=C3)S(=O)(=O)N4CCOCC4)CC5=CC=C(C=C5)Cl)O
835,25,23819,201.5244,-3.469446951953614e-18,0,14,v1_included,,C(CCCN=C(N)N)CCN=C(N)N
836,188,2195500,293.40074468085106,1.0408340855860843e-17,0,19,v1_included,,C1=CC(=C(C=C1Cl)Cl)NC(=O)NCC2=CC=NC=C2
837,135,3297545,469.0525925925926,1.0408340855860843e-17,0,32,v1_included,,CC1=CC=C(C=C1)CN2C3=CC=CC=C3C(=C2O)N=NC(=S)NC4=CC(=C(C=C4)OC)Cl
838,81,4031111,361.1911111111111,3.469446951953614e-18,0,24,v1_included,,CC1(CC(CC(N1)(C)C)NC(=S)NC2=CC=C(C=C2)OC(F)F)C
839,48,10072369,449.48541666666665,3.469446951953614e-18,0,33,v1_included,,CCC1=C(N=CN1CCCOC2=CC=CC(=C2NC(=O)NCCC(C)C)C)C3=CC=CC=C3
840,102,1077796,404.79607843137256,1.0408340855860843e-17,0,27,v1_included,,CC1=CC(=C(C(=C1)C)S(=O)(=O)NC2=NN=C(S2)CC3=CC=C(C=C3)OC)C
841,72,232993,221.8741666666667,3.469446951953614e-18,0,14,v1_included,,CNS(=O)(=O)C1=CC=C(C=C1)[N+](=O)[O-]
842,47,5294268,519.0946808510638,1.3877787807814457e-17,0,29,v1_included,,C1=CC(=CC=C1N2C(=NC3=C(C2=O)C=C(C=C3)I)/C=C/C4=CC=C(O4)[N+](=O)[O-])Cl
843,26,128523,299.83076923076925,0.0,0,18,v1_included,,C1=CC(=CN=C1)CCC(O)(P(=O)(O)O)P(=O)(O)O
844,34,3223525,601.9029411764706,0.0,0,40,v1_included,,CCOC1=CC(=C(C=C1S(=O)(=O)N2CCC(CC2)C3=NC4=CC=CC=C4S3)OCC)S(=O)(=O)NC5CCCCC5
845,60,70735,114.70616666666666,1.734723475976807e-17,0,9,v1_included,,CC1=NC(=CC=C1)C=C
846,140,3157064,326.53385714285713,3.469446951953614e-18,0,19,v1_included,,C1CS(=O)(=O)CC1NC(=O)NC2=CC(=C(C=C2)Cl)Cl
847,4,3036001,543.5,0.0,0,39,v1_included,,CCCCCCCCCCCCCCCCOCC(COP([O-])OCC[N+]1=CC(=O)C(C=C1)N(C)C)OCC
848,198,8403103,275.1832828282828,1.0408340855860843e-17,0,19,v1_included,,C1CC2=C(C1)C=C(C=C2)S(=O)(=O)NCC3=CC=CO3
849,95,3153535,342.26684210526315,0.0,0,23,v1_included,,CCCCN(CCCC)S(=O)(=O)C1=CC2=C(C=C1)N(C(=O)O2)C
850,79,5141145,393.9506329113924,6.938893903907228e-18,0,26,v1_included,,CCCCN(C)CCCN(CC1=CC=CS1)C(=S)NC2=CC=CC=C2F
851,169,7636021,355.0044970414201,1.3877787807814457e-17,0,25,v1_included,,CC1=C(C=C(C=C1)NS(=O)(=O)CCC2=CC=CC=C2)N3CCCC3=O
852,37,513794,643.2405405405405,6.938893903907228e-18,0,45,v1_included,,CC(C)CN([C@@H](CCCCNC(=O)N(CC1=CC=C(C=C1)OC)CC2=CC3=C(C=C2)OCO3)CO)S(=O)(=O)C4=CC=C(C=C4)N
853,10,5372,805.9300000000001,0.0,0,57,v1_included,,CC1CC(C2C(CC(C(O2)(C(=O)C(=O)N3CCCCC3C(=O)OC(C(C(CC(=O)C(C=C(C1)C)CC=C)O)C)C(=CC4CCC(C(C4)OC)O)C)O)C)OC)OC
854,118,222304,203.10983050847454,6.938893903907228e-18,0,15,v1_included,,C1=CC=C(C=C1)C2=NC(=NN2)NC(=O)N
855,18,9571197,243.95722222222224,3.469446951953614e-18,0,14,v1_included,,C(=N/NC(=S)N)\NN/C=N/NC(=S)N
856,47,3616336,495.04680851063824,3.469446951953614e-18,0,33,v1_included,,CC1=CC2=C(C=C1)N=C(C(=N2)NC3=CC=CC(=C3)C(F)(F)F)NS(=O)(=O)C4=CC=C(C=C4)Cl
857,5,6451084,694.6800000000001,0.0,0,52,v1_included,,C1=CC(=C(C=C1C[C@H](C(=O)O)OC(=O)/C=C/C2=C3[C@@H]([C@H](OC3=C(C=C2)O)C4=CC(=C(C=C4)O)O)C(=O)O[C@H](CC5=CC(=C(C=C5)O)O)C(=O)O)O)O
858,17,1832189,546.1764705882354,0.0,0,36,v1_included,,C1=CC=C2C(=C1)C=C(C(=O)O2)C3=CSC(=N3)/C(=C\NC4=CC=C(C=C4)S(=O)(=O)NC5=NC=CS5)/C#N
859,46,6616645,597.9804347826087,3.469446951953614e-18,0,41,v1_included,,CC1CC(CN(C1)C(=O)C2=CC(=C(C=C2)NCCC3=CC(=C(C=C3)OC)OC)S(=O)(=O)NC4=CC(=CC=C4)OC)C
860,71,4208421,470.4760563380282,0.0,0,28,v1_included,,COC1=C2C=C(C(=O)NC2=C(C=C1)OC)CCNS(=O)(=O)C3=CC=C(C=C3)Br
861,10,4871968,536.86,0.9999999999999999,1,29,deferred_charged,charge=+1,CCOC(=O)C1(CC(OC1=O)(C)C(=O)CS[N+]2=CC(=CC(=C2)Br)Br)CCC(C)C
862,30,513761,548.6933333333333,0.0,0,40,v1_included,,CC(C)CN([C@@H](CCCCNC(=O)N(CC1=CC=CC=C1)CC2=CN=CC=C2)CO)S(=O)(=O)C3=CC=C(C=C3)N
863,22,6123187,380.08181818181816,1.0000000000000002,1,25,deferred_charged,charge=+1,C1=CC=C(C=C1)/C=C/C2=CC=[N+](C=C2)CC(=O)C3=C(C=C(C=C3)Cl)Cl
864,8,5468079,618.8125,3.469446951953614e-18,0,41,v1_included,,C1=CC2=C(C=C(C(=C2N=C1)O)C(=O)NC3=CC(=C(C=C3)/C=C/C4=C(C=C(C=C4)N)S(=O)(=O)O)S(=O)(=O)O)S(=O)(=O)O
865,55,1354,220.18454545454546,6.938893903907228e-18,0,14,v1_included,,C1=CC(=CC(=C1)Cl)N=C(N)N=C(N)N
866,56,10005916,488.4242857142857,3.469446951953614e-18,0,34,v1_included,,CN(C)NC(=O)C1=NC=CC(=C1)OC2=CC=CC(=C2)NC(=O)NC3=CC(=C(C=C3)Cl)C(F)(F)F
867,110,934870,336.3896363636364,6.938893903907228e-18,0,25,v1_included,,CCOC1=C(C=C(C=C1)CCNC(=O)NC2=CC=CC=C2C)OCC
868,81,6907487,227.80827160493828,0.0,0,16,v1_included,,C1=CC=C(C(=C1)/C=N/NC(=O)N)C(F)(F)F
869,121,2163133,418.3190082644628,6.938893903907228e-18,0,29,v1_included,,COC1=CC=C(C=C1)NC(=O)/C(=C\C2=CC(=C(C(=C2)Cl)OCC(=O)O)OC)/C#N
870,45,6238977,563.9288888888889,3.469446951953614e-18,0,36,v1_included,,CC1CC2=C(O1)C=CC(=C2)/C(=C\3/C(N(C(=O)C3=O)CC4=C[NH+]=CC=C4)C5=CC(=C(C(=C5)Br)O)OC)/[O-]
871,100,1242552,449.2924,3.469446951953614e-18,0,30,v1_included,,CC1=CC=C(C=C1)N(CC2=NN=C3N2CCCCC3)C(=O)NC4=CC(=C(C=C4)Cl)Cl
872,8,5463294,690.95,0.0,0,48,v1_included,,C1=CC=C2C(=C1)C=CC(=C2N=NC3=CC(=C(C=C3)/C=C/C4=C(C=C(C=C4)N=NC5=C(C=CC6=CC=CC=C65)N)S(=O)(=O)O)S(=O)(=O)O)N
873,21,500683,660.0428571428572,0.0,0,47,v1_included,,CC(=O)NCSC(C)(C)[C@@H](C(=O)N1C[C@@H](C[C@H]1C(=O)NC2(C[C@@H]2C=C)C(=O)O)OC3=CC=NC4=CC=CC=C43)NC(=O)OC(C)(C)C
874,15,6474385,500.078,0.0,0,37,v1_included,,CC(=O)C1(C[C@H](C([C@@H](C1)O)OC(=O)/C=C/C2=CC(=C(C=C2)O)O)O)OC(=O)/C=C/C3=CC(=C(C=C3)O)O
875,177,801893,345.84175141242935,1.3877787807814457e-17,0,24,v1_included,,COC1=CC=C(C=C1)C(=O)NC(=S)NC2=CC(=C(C=C2)OC)OC
876,9,3037688,692.8777777777777,3.469446951953614e-18,0,49,v1_included,,CCCCCCCCC1CC1CCCCCCCCCNC(=S)NC2=CC3=C(C=C2)C4(C5=C(C=C(C=C5)O)OC6=C4C=CC(=C6)O)OC3=O
877,17,6438988,354.7764705882353,0.0,0,23,v1_included,,CCCCCCCCC/C=C(\CCCCCC)/CN=C(N)NN
878,63,4256066,274.70650793650793,3.469446951953614e-18,0,20,v1_included,,CCNC(=O)NNC(=O)C1CC(=NO1)C2=CN=CC=C2
879,94,1481782,322.6682978723404,3.469446951953614e-18,0,21,v1_included,,CCNC(=O)NC1=NN=C(S1)SCC2=CC(=CC=C2)OC
880,44,2165404,353.2484090909091,0.0,0,23,v1_included,,C1COCCN1CCCNC(=S)NC2=CC=C(C=C2)S(=O)(=O)N
881,20,2804716,298.8425,0.0,0,19,v1_included,,C1=C(C=C(C=C1Cl)Cl)NC(=S)NC(CO)(CO)CO
882,102,6415516,403.2235294117647,1.0408340855860843e-17,0,28,v1_included,,CC1=CC=C(C=C1)CON/C=C/C2=C(N=NC(=N2)SCC3=CC=C(C=C3)Cl)C
883,86,1759604,533.7918604651163,0.0,0,38,v1_included,,COC1=CC(=C(C=C1)OC)/C=C(/C(=O)N=NC2=C(N(C3=CC=CC=C32)CCCl)O)\NC(=O)C4=CC=CC=C4
884,47,5910227,411.00936170212765,0.0,0,29,v1_included,,CCOC(=O)/C(=C/C1=C(N=C2C(=CC=CN2C1=O)C)N3CC(OC(C3)C)C)/C#N
885,152,5151378,273.2995394736842,6.938893903907228e-18,0,17,v1_included,,C1CC(OC1)CNS(=O)(=O)C2=CN=C(C=C2)Cl
886,72,1249717,452.57361111111106,3.469446951953614e-18,0,32,v1_included,,CC1=CC=C(C=C1)S(=O)(=O)NC2=NC3=CC=CC=C3N=C2NC4=CC5=C(C=C4)OCCO5
887,87,1262945,431.4525287356322,6.938893903907228e-18,0,30,v1_included,,CCOC1=NC(=NC(=N1)NC(=O)NS(=O)(=O)C2=CC=C(C=C2)OC)C3=CC=CC=C3
888,11,97302,481.83090909090913,0.0,0,32,v1_included,,CC(=O)OC[C@@H]1[C@H]([C@@H]([C@H](C(O1)OC(=O)C)NC(=O)N(CCCl)N=O)OC(=O)C)OC(=O)C
889,47,9666111,466.1893617021277,0.0,0,34,v1_included,,CC(C)(C)C1=CC=C(C=C1)OCCOC2=C(C=C(C=C2Cl)/C=N/NC(=O)C3=CC=NC=C3)OC
890,156,718460,300.43993589743593,3.469446951953614e-18,0,18,v1_included,,CC1=CC(=C(S1)C)S(=O)(=O)NC2=CC(=CC=C2)Cl
891,96,2210179,466.0260416666667,1.0408340855860843e-17,0,32,v1_included,,CC1=CC2=C(C=C1)N=C(S2)C3=CC=C(C=C3)NC(=S)NCCC4=CC(=C(C=C4)OC)OC
892,109,7463862,336.17082568807336,6.938893903907228e-18,0,24,v1_included,,COC1=CC=C(C=C1)CC2=NN=C3N2N=C(S3)/C=C/C4=CC=CO4
893,24,6230082,621.2791666666667,6.938893903907228e-18,0,39,v1_included,,CC1=C(C2=CC=CC=C2N1CC3=CC=CC=C3)/C=C/C4=NC5=C(C=C(C=C5)I)C(=O)N4C6=CC=C(C=C6)OC
894,73,1262240,470.3958904109589,1.0408340855860843e-17,0,31,v1_included,,CC1=CC(=C(C=C1OC)S(=O)(=O)NCCC2=C(NC3=C2C=C(C=C3)OC(F)(F)Cl)C)C
895,162,970373,338.39117283950617,6.938893903907228e-18,0,20,v1_included,,CC1=C(C=CC(=C1)NC(=O)NC2=CC=C(C=C2)OC)Br
896,46,6439869,307.0958695652174,0.9999999999999999,1,22,deferred_charged,charge=+1,C1=CC=C2C(=C1)C=CC=C2/C=C/C3=CC=[N+](C=C3)CC(=O)O
897,2,9987113,645.4,2.0,2,46,deferred_charged,charge=+2,CN(C1=CC=[N+](C=C1)CC2=CC=C(C=C2)C3=CC=C(C=C3)C[N+]4=CC=C(C=C4)N(C)C5=CC(=CC(=C5)Cl)Cl)C6=CC(=CC(=C6)Cl)Cl
898,56,5240865,532.3642857142858,1.3877787807814457e-17,0,36,v1_included,,CC1=CC(=C(C=C1)CN2C=CC=C2CN(CCC3=CC=C(C=C3)Cl)C(=S)NC4=CC(=C(C=C4)F)Cl)C
899,135,4456434,336.3404444444444,3.469446951953614e-18,0,22,v1_included,,CCOC1=CC=CC=C1NS(=O)(=O)C2=CC=CC3=NSN=C32
900,187,1210570,377.1686631016043,1.3877787807814457e-17,0,20,v1_included,,COC1=CC(=C(C=C1)OC)NS(=O)(=O)C2=CC=C(S2)Br
901,58,9570442,268.0494827586207,0.0,0,20,v1_included,,CN(C)/C=N/C1=NN=C(O1)/C=C/C2=CC=C(O2)[N+](=O)[O-]
902,131,4063143,394.38106870229007,3.469446951953614e-18,0,28,v1_included,,C1CCC2=NC3=C(C=C(C=C3)NC(=S)NCC4=CC=C(C=C4)F)C(=O)N2CC1
903,57,1514,366.0498245614035,3.469446951953614e-18,0,23,v1_included,,COC1=CC=CC(=C1)N2C=CC3=C(S2(=O)=O)SC(=C3)S(=O)(=O)N
904,44,3072900,435.85227272727275,1.0408340855860843e-17,0,32,v1_included,,CCC(CC)(CNC(=O)NC1=C(C=CC=C1C(C)C)C(C)C)C2=CN(C3=CC=CC=C32)C
905,28,350848,176.01392857142858,3.469446951953614e-18,0,12,v1_included,,CCOCNC(=O)NCOCC
906,61,137764,214.36639344262295,3.469446951953614e-18,0,16,v1_included,,CC1=CC=CC=C1C(=C)C2=CC=CC=C2C
907,50,6399997,391.4506,3.469446951953614e-18,0,26,v1_included,,CNC(=S)N/N=C(/C(=N/NC(=S)NC)/C1=CC=CC=N1)\C2=CC=CC=N2
908,102,2621157,333.4963725490196,6.938893903907228e-18,0,23,v1_included,,C1OC2=C(O1)C=C(C=C2)NC(=S)NC3=CC=CC(=C3)C(F)(F)F
909,3,4369339,1072.6333333333332,3.469446951953614e-18,0,72,deferred_bigmw,mw>1000,C1=CC=C(C=C1)C[C@H]2C(=O)N[C@H](C(=O)N[C@H](C(=O)N[C@H](C(=O)N[C@H](C(=O)N[C@H](C(=O)N2)CCCN=C(N)N)CC3=CNC4=CC=CC=C43)CC5=CNC6=CC=CC=C65)CCCN=C(N)N)CCCN=C(N)N
910,15,3789896,443.4866666666667,0.0,0,29,v1_included,,CCCCCC1CCC(CC1)C2=CC=C(C=C2)NS(=O)(=O)C3=C(C=CC(=C3)Cl)Cl
911,136,4182126,441.1389705882353,3.469446951953614e-18,0,29,v1_included,,CCS(=O)(=O)NC1=CC=CC(=C1)C2=NN(C(C2)C3=CC=C(C=C3)C)S(=O)(=O)CC
912,10,5278957,628.71,0.0,0,47,v1_included,,C[C@@H]1C(=O)N[C@H](C(=O)N[C@H](C(=O)NCC(=O)N[C@@H](C(=O)N1)CC2=CC=C(C=C2)O)CC3=CC4=CC=CC=C4C=C3)CCCN=C(N)N
913,67,3058906,316.77611940298505,3.469446951953614e-18,0,20,v1_included,,CN(C)N1C(=O)C2=CC(=C(C=C2NC1=O)Cl)S(=O)(=O)N
914,222,868978,346.66909909909907,1.3877787807814457e-17,0,23,v1_included,,CC1=CC=C(C=C1)C2=CSC(=N2)NC(=O)NC3=CC(=CC=C3)Cl
915,140,1335342,403.77135714285714,1.0408340855860843e-17,0,26,v1_included,,C1=CC(=CC=C1C2=NN=C(S2)NC(=O)NC3=C(C=C(C=C3)Cl)Cl)[N+](=O)[O-]
916,3,5279261,706.0,3.469446951953614e-18,0,47,v1_included,,CC(=O)OC1=CC(=CC(=C1OC(=O)C)OC(=O)C)/C=C/S(=O)(=O)CS(=O)(=O)/C=C/C2=CC(=C(C(=C2)OC(=O)C)OC(=O)C)OC(=O)C
917,148,893140,350.28175675675675,3.469446951953614e-18,0,18,v1_included,,CC1=C(C(=CC=C1)C)NS(=O)(=O)C2=CC=C(S2)Br
918,171,3944302,413.95497076023395,1.734723475976807e-17,0,26,v1_included,,C1CCN(CC1)S(=O)(=O)C2=CC=CC(=C2)NS(=O)(=O)C3=CN=C(C=C3)Cl
919,1,119174,1761.8,0.0,0,120,deferred_heavy&bigmw,heavy=120;mw>1000,CC(COCC1C2C(C(C(O1)OC3C(OC(C(C3O)O)OC4C(OC(C(C4O)O)OC5C(OC(C(C5O)O)OC6C(OC(C(C6O)O)OC7C(OC(C(C7O)O)OC8C(OC(C(C8O)O)OC9C(OC(O2)C(C9O)O)COCC(C)O)COCC(C)O)COCC(C)O)COCC(C)O)COCC(C)O)COCC(C)O)COCC(C)O)O)O)O
920,6,3008471,398.71166666666664,3.469446951953614e-18,0,26,v1_included,,C=CC1=CC(C(=O)NC1N)[C@H]2[C@H]([C@@H]([C@H](O2)COP(=O)(CC(=O)O)O)O)O
921,34,6481749,373.4055882352941,0.0,0,27,v1_included,,CC=NC(=C)C1=NN(C(=N1)C2=CC=CC=C2)C3[C@@H]([C@H]([C@@H]([C@H](O3)CO)O)O)O
922,28,233525,420.85,3.469446951953614e-18,0,28,v1_included,,CN(C)S(=O)(=O)C1=CC=C(C=C1)OCCOC2=CC=C(C=C2)S(=O)(=O)N(C)C
923,28,1622095,502.93500000000006,3.469446951953614e-18,0,34,v1_included,,COC1=CC(=CC(=C1)NC2=NC3=CC=CC=C3N=C2NS(=O)(=O)C4=CC=CC5=NSN=C54)OC
924,151,1444549,346.95384105960267,6.938893903907228e-18,0,25,v1_included,,COC1=CC=C(C=C1)NC(=O)NC2(CCCCC2)C(=O)N3CCCC3
925,211,4847989,287.0097156398104,1.0408340855860843e-17,0,20,v1_included,,CC1=C(N=CC=C1)NC(=S)NC2=CC=C(C=C2)C(C)C
926,158,1484578,316.6932278481013,6.938893903907228e-18,0,22,v1_included,,CC1=CC=C(C=C1)CNS(=O)(=O)/C=C/C2=CC=C(C=C2)OC
927,101,2206569,384.43168316831685,3.469446951953614e-18,0,24,v1_included,,CC(C)(C)C1=CC(=C(C=C1)OC)NC(=S)NC2=CC(=C(C=C2)Cl)Cl
928,146,28799,296.54746575342466,6.938893903907228e-18,0,19,v1_included,,C1=CC=C(C=C1)CN=C(N)NC2=CC(=C(C=C2)Cl)Cl
929,66,1714163,281.2672727272727,3.469446951953614e-18,0,21,v1_included,,C1=COC(=C1)/C=C(/C(=O)NCCO)\NC(=O)C2=CC=CO2
930,209,2978896,258.98464114832535,1.3877787807814457e-17,0,18,v1_included,,CC1=CC=CC=C1NC(=O)NC(C)C2=CC=CS2
931,167,1249636,461.901377245509,1.0408340855860843e-17,0,33,v1_included,,CC1=CC=C(C=C1)S(=O)(=O)N(CC2=CC=CC=C2)C3=CC=CC=C3C(=O)NN=C4CCCC4
932,69,4642065,226.5186956521739,3.469446951953614e-18,0,16,v1_included,,CCCCNC(=O)NNC(=O)C1=CC=CO1
933,6,5809545,455.9166666666667,0.9999999999999999,1,35,deferred_charged,charge=+1,CCCCCCCCCCCCCCCCCCN(C)C1=CC=C(C=C1)/C=C/C2=CC=[N+](C=C2)C
934,21,9979204,416.8285714285714,0.0,0,30,v1_included,,CCCCCCCC/C=C\CCCCCCCCNC(=O)NC1=C(C=CC(=C1)C)C
935,193,686051,303.8879274611399,1.0408340855860843e-17,0,19,v1_included,,COC1=C(C=C(C=C1)Cl)S(=O)(=O)NCC2=CC=CO2
936,23,1202530,414.7,3.469446951953614e-18,0,26,v1_included,,C1=CC(=C(C(=C1)F)C(=O)NC(=O)NNC2=C(C=C(C=N2)C(F)(F)F)Cl)F
937,33,2730386,514.5442424242424,0.0,0,34,v1_included,,C1=CC(=CC=C1NC(=S)NNC(=O)CN2N=C(N=N2)C3=CC(=CC(=C3)C(F)(F)F)C(F)(F)F)Cl
938,33,300414,284.75272727272727,0.0,0,19,v1_included,,CCN(C(=O)NC1C(C(C(OC1O)CO)O)O)N=O
939,64,9510797,423.3359375,6.938893903907228e-18,0,28,v1_included,,CCC1=CC=C(C=C1)/C=C/C2=NN(C3=C2C=CC=CC3=O)C4=CC=C(C=C4)Br
940,40,9853498,580.345,-3.469446951953614e-18,0,41,v1_included,,CC1=NOC(=N1)/C(=C/C2=CC(=CC=C2)C3=C4C(=CC(=C3)C(C)(C)S(=O)(=O)C)C=CC=N4)/C5=CC=C(C=C5)S(=O)(=O)C
941,104,5279166,409.5008653846154,3.469446951953614e-18,0,30,v1_included,,COC1=CC=CC=C1NC(=O)NC2C(=O)NC3=CC=CC=C3C(=N2)C4=CC=CC=C4
942,29,41376,296.42655172413794,3.469446951953614e-18,0,22,v1_included,,CC1=C(N=CN1)CSCCNC(=NCCCC2=CN=CN2)N
943,33,6271186,492.0969696969697,3.469446951953614e-18,0,37,v1_included,,CCCCCOC(=O)C1=CC=C(C=C1)NC(=O)/C(=C/C2=CC=C(C=C2)OC(=O)C3=CC=C(C=C3)C)/C#N
944,20,416620,413.245,1.0000000000000002,1,31,deferred_charged,charge=+1,CC1=[N+](C2=C(N1CCCOC)C(=O)C3=CC=CC=C3C2=O)CC4=CC=C(C=C4)[N+](=O)[O-]
945,45,9604408,526.3777777777777,3.469446951953614e-18,0,37,v1_included,,CCN(CC)CC1=C(C=CC(=C1)NC2=NC(=NC(=C2)C)/N=C(\N)/NC3=CC=C(C4=CC=CC=C43)Cl)OC
946,46,6148098,457.5913043478261,3.469446951953614e-18,0,33,v1_included,,CC(=O)OC1=C(C=C(C=C1OC)/C=C(\C#N)/C2=NC(=CS2)C3=CC=CC4=CC=CC=C43)OC
947,6,90157,811.1833333333333,3.469446951953614e-18,0,56,v1_included,,CC1=CC(=C(C(=C1NC2=C3C(=C(C=C2)NC4=C(C(=C(C=C4C)C)S(=O)(=O)NC5CCCCC5)C)C(=O)C6=CC=CC=C6C3=O)C)S(=O)(=O)NC7CCCCC7)C
948,29,9938116,587.0793103448276,3.469446951953614e-18,0,41,v1_included,,CC1=NN(C=C1S(=O)(=O)NC2=CC=C(C=C2)CC3=NC4=C(N3)C(=O)N(C(=O)N4CC5CC5)CC6=CC=CC=C6F)C
949,27,3009297,459.85185185185185,3.469446951953614e-18,0,34,v1_included,,C1=CC=C(C=C1)C[C@@H]2[C@@H]([C@H]([C@H](N(C(=O)N2CCCCO)CCCCO)CC3=CC=CC=C3)O)O
950,7,3107150,561.7,3.469446951953614e-18,0,40,v1_included,,CC1=CC(=C(C=C1)C(C)C)OCCNC(=O)NCCCCCCNC(=O)NCCOC2=C(C=CC(=C2)C)C(C)C
951,207,2985677,320.1017391304348,1.0408340855860843e-17,0,22,v1_included,,CC1=CC=C(C=C1)S(=O)(=O)NC(=O)NC2=CC(=CC=C2)OC
952,61,322337,463.24426229508197,1.0408340855860843e-17,0,34,v1_included,,C1=CC=C(C=C1)N2C(=C(C(=O)N2C3=CC=CC=C3)N=NC4=CC=C(C=C4)S(=O)(=O)N=C(N)N)O
953,74,1549182,207.91243243243244,3.469446951953614e-18,0,15,v1_included,,C1=CC(=CC=C1/C=C\C2=CC=NC=C2)Cl
954,58,373021,186.78241379310344,6.938893903907228e-18,0,14,v1_included,,C=CN1C(COC1=O)C2=CC=CC=C2
955,72,1242919,414.5234722222222,1.0408340855860843e-17,0,26,v1_included,,C1=CC(=CC(=C1)F)NC(=O)NC2(OC3=CC(=C(C=C3O2)Cl)Cl)C(F)(F)F
956,69,2764621,321.93782608695653,0.0,0,22,v1_included,,CCOC(CNC(=O)NC(=O)C1=CN=C(C=C1)OC)OCC
957,117,752841,309.38606837606835,0.0,0,21,v1_included,,CC1=CC(=CC=C1)NS(=O)(=O)C2=CC3=C(C=C2)NC(=O)N3
958,1,5063866,875.5,0.0,0,62,v1_included,,CCCCCCCCCCCCN(CCCCCCCCCCCC)C(=O)NCCCCCCNC(=O)N(CCCCCCCCCCCC)CCCCCCCCCCCC
959,1,497053,870.0,1.0,1,63,deferred_charged,charge=+1,C[C@H]1CCC2([C@H](C[C@@H]([C@H](O2)C[C@H]3[C@@H](C4[C@H]([C@@H](CCC4C=C3C)OC(=O)C)C)C(=O)C5=C(C(NC5=O)[N+]6=CC=CC=C6)OC(=O)C)C)C)O[C@@H]1C7=CC(=CC(=C7)OC(=O)C)OC(=O)C
960,89,6366260,235.47134831460676,6.938893903907228e-18,0,17,v1_included,,CCOC(=O)/C=C/C1C(=CCC(C1(C)C)C)C
961,52,1387235,466.6057692307693,6.938893903907228e-18,0,34,v1_included,,CC1=C(C(=O)N(N1C)C2=CC=CC=C2)N=CC3=CC=C(C=C3)OC(=O)/C=C/C4=CC=CC=C4Cl
962,57,1139078,486.0368421052632,3.469446951953614e-18,0,34,v1_included,,CC1=C(C=C(C=C1)C2=NC3=CC=CC=C3S2)NC(=S)NC(=O)C4=CC(=C(C(=C4)OC)OC)OC
963,82,69363,134.83670731707312,1.3877787807814457e-17,0,9,v1_included,,CCC(C)(C)NC(=O)N
964,42,2141682,364.03523809523807,0.0,0,22,v1_included,,CN(C)/C=C/1\C(=O)N(C(=NS(=O)(=O)C2=CC=CS2)S1)CC=C
965,146,407725,222.49595890410959,1.0408340855860843e-17,0,16,v1_included,,C1CCC(CC1)NC(=NC2CCCCC2)N
966,129,3960463,406.1674418604651,1.0408340855860843e-17,0,27,v1_included,,CC1=C(C2=C(N1)C=CC(=C2)OC)CCNS(=O)(=O)C3=C(C=CC(=C3)Cl)OC
967,109,6858417,235.22798165137613,6.938893903907228e-18,0,15,v1_included,,C1=CC(=C(C=C1Cl)Cl)/C=N/N2C=NN=C2
968,144,4351472,225.88208333333336,6.938893903907228e-18,0,16,v1_included,,CC(C)NC(=O)NC1=CC(=CC=C1)[N+](=O)[O-]
969,84,6142490,550.5416666666667,1.0408340855860843e-17,0,40,v1_included,,CCCCOC1=C(C=C(C=C1)C2/C(=C(/C3=CC4=C(C=C3)OC(C4)C)\[O-])/C(=O)C(=O)N2CC5=C[NH+]=CC=C5)OCC
970,65,4051281,373.84153846153845,3.469446951953614e-18,0,20,v1_included,,CC1=C(C=CC(=C1)NC(=O)NC2=CC(=C(C=C2)Cl)Cl)Br
971,110,4592746,261.06500000000005,6.938893903907228e-18,0,18,v1_included,,CC1=C(C=C(C=C1)Cl)NC(=O)N(CC=C)CC=C
972,71,1014966,484.4008450704225,3.469446951953614e-18,0,28,v1_included,,CC1CCN(CC1)S(=O)(=O)C2=CC=C(C=C2)NC(=S)NC(=O)C3=CC=C(O3)Br
973,113,757234,352.7609734513274,6.938893903907228e-18,0,24,v1_included,,COC1=CC=C(C=C1)CCNS(=O)(=O)C2=CC3=C(C=C2)OCCO3
974,53,90780,227.4564150943396,6.938893903907228e-18,0,12,v1_included,,C1C(O1)COC2=CC=CC=C2Br
975,168,970731,331.4555952380952,1.0408340855860843e-17,0,21,v1_included,,CCOC1=CC=C(C=C1)NC(=O)NC2=C(C=C(C=C2)Cl)Cl
976,69,571777,293.5031884057971,3.469446951953614e-18,0,21,v1_included,,CC1=C(C=CC(=C1)[N+](=O)[O-])NC(=O)N(C)C2=CC=CC=C2
977,136,3102536,374.07823529411763,6.938893903907228e-18,0,26,v1_included,,C1CCC2=C(C1)C3=C(O2)C=CC(=C3)NS(=O)(=O)C4=CC=CC(=C4)[N+](=O)[O-]
978,44,97613,318.5056818181818,0.0,0,19,v1_included,,C1C(CS(=O)(=O)CS1(=O)=O)NC(=O)N(CCF)N=O
979,199,1075700,387.1707035175879,1.3877787807814457e-17,0,26,v1_included,,COC1=CC=CC=C1NC(=O)NC2=NN=C(S2)COC3=CC=C(C=C3)Cl
980,43,1724694,442.3113953488372,0.0,0,28,v1_included,,C1=CC=C(C(=C1)[N+](=O)[O-])S(=O)(=O)NC2=CC=C(C=C2)S(=O)(=O)NC3=NC=CS3
981,215,3306223,262.0800465116279,1.3877787807814457e-17,0,19,v1_included,,C1=CC(=CC=C1C#N)NC(=O)NC2=CC=C(C=C2)F
982,158,1444562,354.63708860759493,6.938893903907228e-18,0,24,v1_included,,C1CCC(CC1)(C(=O)N2CCCC2)NC(=O)NC3=CC=CC=C3Cl
983,71,4622015,513.2408450704226,3.469446951953614e-18,0,34,v1_included,,C=CCN1C2=C(C=C(C=C2)S(=O)(=O)N3CCOCC3)C(=C1O)N=NC(=S)NC4=CC=CC=C4F
984,35,6283190,304.7194285714286,3.469446951953614e-18,0,22,v1_included,,CC1=CC=CN2C1=CC(=C2)/C=C/C3=CC=CC4=CC=CC=C43
985,72,9570153,217.2233333333334,6.938893903907228e-18,0,13,v1_included,,CC1=NSC=C1/C(=N/NC(=S)N)/C
986,5,479702,926.4,0.0,0,60,v1_included,,CCOC(=O)C1=CC(=CC=C1)N=NC2=C(C=C3C=C(C=CC3=C2O)NC(=O)NC4=CC5=CC(=C(C(=C5C=C4)O)N=NC6=CC=CC(=C6)C(=O)OCC)S(=O)(=O)O)S(=O)(=O)O
987,16,504082,708.1875,0.0,0,52,v1_included,,CCOC(=O)C1(CC1C=C)NC(=O)C2C[C@H](CN2C(=O)C(C(C)(C)C)NC(=O)OC(C)(C)C)OC3=CC(=NC4=C3C=CC(=C4)OC)C5=CC=CC=C5
988,160,6622689,400.98812499999997,6.938893903907228e-18,0,29,v1_included,,CCN(CC)S(=O)(=O)C1=CC=C(C=C1)NC2=C3CCCCC3=NC4=CC=CC=C42
989,4,5351493,689.95,0.0,0,44,v1_included,,CC1C(C(C(O1)OC2C(C(C(C(C2O)O)N=C(N)N)O)N=C(N)N)OC3C(C(C(C(O3)CO)O)O)NC)(/C=N/NC(=S)N)O
990,160,1226603,219.1780625,3.469446951953614e-18,0,15,v1_included,,CC1=C(C(=CC=C1)NC(=S)NC(=O)C)C
991,53,2810025,390.7211320754717,3.469446951953614e-18,0,28,v1_included,,C1=CC(=CC=C1C2=NOC(=N2)CNC(=O)NC3=C(C=C(C=C3)F)F)C(F)(F)F
992,113,886298,313.89106194690265,6.938893903907228e-18,0,22,v1_included,,CC1=CN=C(C=C1)NC(=S)NC(=O)C2=CC=C(C=C2)[N+](=O)[O-]
993,36,1378201,431.2972222222222,3.469446951953614e-18,0,32,v1_included,,CCOC(=O)C1=CC=C(C=C1)N=CC2=CC=C(C=C2)C=NC3=CC=C(C=C3)C(=O)OCC
994,133,5889112,341.8095488721804,6.938893903907228e-18,0,24,v1_included,,COC1=CC(=C(C=C1/C=N\NC(=S)NC2=CC=CC=C2)OC)OC
995,163,6465485,282.6613496932515,1.0408340855860843e-17,0,21,v1_included,,C1OC2=C(O1)C=C(C=C2)NC(=O)NCCC3=CC=CC=C3
996,154,6459927,308.7007142857143,6.938893903907228e-18,0,20,v1_included,,C1COC2=C(O1)C=CC(=C2)S(=O)(=O)NCC3=CC=CS3
997,57,120313,239.73473684210526,6.938893903907228e-18,0,14,v1_included,,CS(=O)(=O)C1=CC=C(C=C1)S(=O)(=O)N
998,1,4439848,1017.3,0.0,0,74,deferred_bigmw,mw>1000,CCN(CC)CCOC1=CC2=C(C=C1)C3=C(C2=NNC(=O)NCCCCCCNC(=O)NN=C4C5=C(C=CC(=C5)OCCN(CC)CC)C6=C4C=C(C=C6)OCCN(CC)CC)C=C(C=C3)OCCN(CC)CC
999,77,6477470,345.2748051948052,3.469446951953614e-18,0,24,v1_included,,CC(=O)N1C=C(C2=CC=CC=C21)/C=C(/C(=O)OC)\P(=O)(OC)OC
