{
  "input": "data/quantum_espress_placeholder.csv",
  "model": "hgb",
  "test_size": 0.2,
  "seed": 42,
  "n_rows": 200000,
  "n_features": 31,
  "n_search": 12,
  "n_strat_bins": 10,
  "MAE": 0.12135468873241494,
  "R2": 0.9202606742553806,
  "CV_MAE_best": 0.122235570492937,
  "CV_R2_best": 0.9185147067719152,
  "best_params": {
    "min_samples_leaf": 10,
    "max_iter": 600,
    "max_depth": 8,
    "max_bins": 128,
    "learning_rate": 0.05,
    "l2_regularization": 0.01
  }
}